<?xml version='1.0' encoding='utf-8'?>
<kml xmlns="http://www.opengis.net/kml/2.2"><Document id="root_doc"><Schema name="wards" id="wards"><SimpleField name="ward_id" type="string" /><SimpleField name="ward_name" type="string" /><SimpleField name="Ward_Name" type="string" /><SimpleField name="Corporation" type="string" /></Schema><Folder><name>wards</name><Placemark><Style><LineStyle><color>ff0000ff</color></LineStyle><PolyStyle><fill>0</fill></PolyStyle></Style><ExtendedData><SchemaData schemaUrl="#wards"><SimpleData name="ward_id">29</SimpleData><SimpleData name="ward_name">Island North</SimpleData><SimpleData name="Ward_Name">29 - Island North</SimpleData><SimpleData name="Corporation">Kochi Corporation</SimpleData><SimpleData name="ac">Ernakulam</SimpleData><SimpleData name="AC_NAME">Ernakulam</SimpleData><SimpleData name="mla_name">T. J. Vinod</SimpleData></SchemaData></ExtendedData><Polygon><outerBoundaryIs><LinearRing><coordinates>76.2767772668708,9.9616282021811,0 76.2772632743041,9.96071552571851,0 76.2772903459335,9.96073292658015,0 76.2774097517977,9.96080531882624,0 76.277662154138,9.96046968834826,0 76.2777052580003,9.96040782397079,0 76.2777249346983,9.96038650619071,0 76.2777382162897,9.96037100226933,0 76.2777554334005,9.96035743600576,0 76.2777756023753,9.96034483857087,0 76.2779185638628,9.96030920865521,0 76.2780510743504,9.96028572936152,0 76.2781102580563,9.960273616781,0 76.2781417718547,9.96026074771675,0 76.2781825086562,9.96024106499289,0 76.2782017236202,9.96022213875129,0 76.2782224764999,9.96020245602513,0 76.2782562953754,9.96015022061582,0 76.2786462612267,9.95946982174943,0 76.2792730149021,9.95826846976532,0 76.2799016451582,9.95711147114142,0 76.2799053983194,9.95708005156196,0 76.2799035217388,9.95703569377483,0 76.2798866334115,9.95699688004257,0 76.279860362181,9.95694882561318,0 76.2798172026231,9.95689892374574,0 76.279774042167,9.95684717266986,0 76.2796145391018,9.9567067059281,0 76.279569037636,9.95663693350787,0 76.2795597310897,9.95652185472533,0 76.2795758576457,9.95644760259323,0 76.2795924180879,9.956396856563,0 76.2796862623907,9.95616668728582,0 76.2797267431724,9.95610325424987,0 76.2797451442626,9.95606700717439,0 76.27979114609,9.95599088803735,0 76.2798209737507,9.95593959071351,0 76.2800160087787,9.95560417465866,0 76.2802238232399,9.95522589640483,0 76.2811384896588,9.9535217918306,0 76.2817987756471,9.95226839275035,0 76.2831673679656,9.94944822656606,0 76.2838756742958,9.94788145675773,0 76.285171949539,9.94516512135202,0 76.2839304185276,9.94452628923348,0 76.2838399015846,9.94447568646115,0 76.2837395983949,9.94439616780309,0 76.282954301055,9.94356965483975,0 76.2827310283844,9.94333474184196,0 76.2825447779816,9.94310809291578,0 76.2824378461234,9.94296402965456,0 76.2823448884578,9.94282798990553,0 76.2822526287832,9.94267303257422,0 76.2819072364379,9.94204674506023,0 76.2811963312816,9.94065282653976,0 76.2802861833886,9.93906777284131,0 76.2797777881418,9.93814154489797,0 76.2795675500259,9.93779138511829,0 76.2794657179036,9.93765629087737,0 76.2793623936796,9.93751935877326,0 76.2792856559948,9.93743904472371,0 76.2790232050997,9.93721427376127,0 76.2789118131062,9.93711874041459,0 76.2787792082955,9.93702351938811,0 76.2785605457789,9.93688518454903,0 76.2782589579819,9.93673252675368,0 76.2781299158896,9.93668066984193,0 76.2779416038532,9.93661770641204,0 76.2775746420597,9.93652854727939,0 76.2774009510029,9.93649975015647,0 76.2772492596874,9.9364855520104,0 76.2771072728719,9.93648187195985,0 76.2770048325901,9.93648233296161,0 76.276828949644,9.93649028059655,0 76.2767382242919,9.93649888920698,0 76.2765055606333,9.93653336611863,0 76.2759407646613,9.93667919835351,0 76.2756703493029,9.93675214630077,0 76.2756094246621,9.93676983424217,0 76.2755876198552,9.93677362400956,0 76.2755677392396,9.93677425578494,0 76.2755510647113,9.9367729922342,0 76.2755350324784,9.93676667536526,0 76.2755004015259,9.93675025097452,0 76.2753381496159,9.93665865591414,0 76.2753040576526,9.93664114581954,0 76.2752791401832,9.93663183641974,0 76.2752475823673,9.93662168288242,0 76.275197298271,9.93661587744803,0 76.2751484793269,9.93661377949265,0 76.2751231441409,9.93661584736346,0 76.2751009818045,9.93661925311215,0 76.2750565142996,9.93662927480838,0 76.2745850667604,9.93678483846462,0 76.2741904745854,9.93695436569087,0 76.2734206040138,9.93726725698731,0 76.2732865852549,9.93731508248417,0 76.2732169370743,9.93733674508712,0 76.2731219689791,9.93736021806693,0 76.273009458583,9.93738190013331,0 76.2729421190727,9.93738728260166,0 76.2729035526009,9.93738711979152,0 76.2728087318294,9.93735418612714,0 76.2727635501639,9.93732106752827,0 76.27271206502,9.93727759897509,0 76.2725465180896,9.93715327035124,0 76.2724669956273,9.93711536917983,0 76.2723669511524,9.93710273545506,0 76.2722720369562,9.93710526166913,0 76.271399851867,9.93743879431467,0 76.2710535441385,9.93760808760492,0 76.2709765863664,9.9376308279201,0 76.2708508896003,9.93765862242301,0 76.2707764974166,9.93766620282202,0 76.2706867134989,9.93767378322088,0 76.2705481896889,9.93766114951764,0 76.2703737530304,9.93761061381512,0 76.2689908218033,9.93753298703918,0 76.2684186883921,9.93803337990302,0 76.2674898591344,9.94003806272887,0 76.2670106321849,9.94122419726125,0 76.2669655340626,9.94231676616549,0 76.2669870280525,9.94477811466726,0 76.2668162879613,9.95041193366966,0 76.266980396689,9.95408728891221,0 76.2669726002107,9.95444649680307,0 76.2669533259579,9.9553344812917,0 76.2669263720078,9.95556456621599,0 76.2667265804004,9.95618711966991,0 76.2651978373314,9.961533413875,0 76.2641925174256,9.96287659025984,0 76.2626277132861,9.96512381637625,0 76.2604509758768,9.96662195851739,0 76.2573563363168,9.96867112992246,0 76.2579626317599,9.96949026685859,0 76.2580007382943,9.96956491681367,0 76.2580122951204,9.9696032884446,0 76.2580266807414,9.9696787956968,0 76.2580316978322,9.96974463172829,0 76.2580489212312,9.96985510780091,0 76.2580713350958,9.96995665405922,0 76.2581280385532,9.97005970347485,0 76.2582174155341,9.97014773158959,0 76.258355101216,9.97024459301215,0 76.2583993576168,9.9702663870273,0 76.258497873159,9.9702881801563,0 76.2585466965947,9.97030654311359,0 76.2585941330316,9.97034669654064,0 76.2589205933823,9.97080154452726,0 76.2604160763279,9.97042802349466,0 76.2623215413861,9.96989074552111,0 76.2634433072073,9.96947454395182,0 76.265699804234,9.96859768125757,0 76.2702257645705,9.9669186754435,0 76.2717864400529,9.96633929837805,0 76.2727108406162,9.9657007996684,0 76.2750758640109,9.96374982398682,0 76.2758697079224,9.96310935690678,0 76.2760660616772,9.96296295783384,0 76.2761092221333,9.96292599308832,0 76.2761655168572,9.96285760931548,0 76.2762199358988,9.96278183239867,0 76.2767205741932,9.9617207263284,0 76.2767772668708,9.9616282021811,0</coordinates></LinearRing></outerBoundaryIs></Polygon></Placemark><Placemark><Style><LineStyle><color>ff0000ff</color></LineStyle><PolyStyle><fill>0</fill></PolyStyle></Style><ExtendedData><SchemaData schemaUrl="#wards"><SimpleData name="ward_id">30</SimpleData><SimpleData name="ward_name">Island South</SimpleData><SimpleData name="Ward_Name">30 - Island South</SimpleData><SimpleData name="Corporation">Kochi Corporation</SimpleData><SimpleData name="ac">Ernakulam</SimpleData><SimpleData name="AC_NAME">Ernakulam</SimpleData><SimpleData name="mla_name">T. J. Vinod</SimpleData></SchemaData></ExtendedData><Polygon><outerBoundaryIs><LinearRing><coordinates>76.2846291856477,9.92844132099098,0 76.2836075137088,9.92884693882071,0 76.2828796564448,9.92915827786243,0 76.2818535324553,9.92959678235479,0 76.2816532045537,9.92965598029236,0 76.2814372962718,9.92973929592284,0 76.2807895696294,9.93010763929435,0 76.2797656716652,9.9304957145504,0 76.2794941163447,9.93059657047126,0 76.2782476329211,9.931225822053,0 76.2764821316724,9.93216254091691,0 76.2763687966229,9.93222072611993,0 76.274364390221,9.9332104764552,0 76.2740923004029,9.9333325546376,0 76.2739854583763,9.93338166639484,0 76.2739099576716,9.9334293756598,0 76.2738558242943,9.93348550336513,0 76.2737874454331,9.93361740414261,0 76.2737361615119,9.93366370911965,0 76.2735495454948,9.93377315858862,0 76.2731834353041,9.93401731448791,0 76.2731335761109,9.93403836234071,0 76.2730765941758,9.93405660434297,0 76.2726891157594,9.93414500495107,0 76.2725537827653,9.93417868220961,0 76.272501074116,9.93418990737181,0 76.2724412427248,9.9342263904735,0 76.272169153805,9.93444669147886,0 76.2721036244,9.93448036870634,0 76.2720566137645,9.93450983583516,0 76.272018150599,9.93456596335512,0 76.2719583192078,9.93467120242907,0 76.2719127341987,9.93472171734949,0 76.2718400820518,9.93477503899006,0 76.2714255364976,9.93502059750448,0 76.2710580015789,9.93524230133692,0 76.2710010196438,9.93530123545458,0 76.2709782266901,9.93534754019327,0 76.2709454624368,9.93546119918192,0 76.2708431227663,9.93578576208985,0 76.2708275037585,9.93581403810365,0 76.270519281903,9.93612371232352,0 76.2704877725961,9.93614900108444,0 76.2704125018602,9.93618635907543,0 76.2703144741031,9.9362288907271,0 76.2702111947949,9.93628004249237,0 76.2701049761991,9.93634380322865,0 76.2700337478819,9.93643080074664,0 76.2699682184768,9.93654305600248,0 76.2699269067535,9.93662163421623,0 76.2697299888568,9.93688650295937,0 76.269089646366,9.93744655345597,0 76.2689908218033,9.93753298703918,0 76.2703737530304,9.93761061381512,0 76.2705481896889,9.93766114951764,0 76.2706867134989,9.93767378322088,0 76.2707764974166,9.93766620282202,0 76.2708508896003,9.93765862242301,0 76.2709765863664,9.9376308279201,0 76.2710535441385,9.93760808760492,0 76.271399851867,9.93743879431467,0 76.2722720369562,9.93710526166913,0 76.2723669511524,9.93710273545506,0 76.2724669956273,9.93711536917983,0 76.2725465180896,9.93715327035124,0 76.27271206502,9.93727759897509,0 76.2727635501639,9.93732106752827,0 76.2728087318294,9.93735418612714,0 76.2729035526009,9.93738711979152,0 76.2729421190727,9.93738728260166,0 76.273009458583,9.93738190013331,0 76.2731219689791,9.93736021806693,0 76.2732169370743,9.93733674508712,0 76.2732865852549,9.93731508248417,0 76.2734206040138,9.93726725698731,0 76.2741904745854,9.93695436569087,0 76.2745850667604,9.93678483846462,0 76.2750565142996,9.93662927480838,0 76.2751009818045,9.93661925311215,0 76.2751231441409,9.93661584736346,0 76.2751484793269,9.93661377949265,0 76.275197298271,9.93661587744803,0 76.2752475823673,9.93662168288242,0 76.2752791401832,9.93663183641974,0 76.2753040576526,9.93664114581954,0 76.2753381496159,9.93665865591414,0 76.2755004015259,9.93675025097452,0 76.2755350324784,9.93676667536526,0 76.2755510647113,9.9367729922342,0 76.2755677392396,9.93677425578494,0 76.2755876198552,9.93677362400956,0 76.2756094246621,9.93676983424217,0 76.2756703493029,9.93675214630077,0 76.2759407646613,9.93667919835351,0 76.2765055606333,9.93653336611863,0 76.2767382242919,9.93649888920698,0 76.276828949644,9.93649028059655,0 76.2770048325901,9.93648233296161,0 76.2771072728719,9.93648187195985,0 76.2772492596874,9.9364855520104,0 76.2774009510029,9.93649975015647,0 76.2775746420597,9.93652854727939,0 76.2779416038532,9.93661770641204,0 76.2781299158896,9.93668066984193,0 76.2782589579819,9.93673252675368,0 76.2785605457789,9.93688518454903,0 76.2787792082955,9.93702351938811,0 76.2789118131062,9.93711874041459,0 76.2790232050997,9.93721427376127,0 76.2792856559948,9.93743904472371,0 76.2793623936796,9.93751935877326,0 76.2794657179036,9.93765629087737,0 76.2795675500259,9.93779138511829,0 76.2797777881418,9.93814154489797,0 76.2802861833886,9.93906777284131,0 76.2811963312816,9.94065282653976,0 76.2819072364379,9.94204674506023,0 76.2822526287832,9.94267303257422,0 76.2823448884578,9.94282798990553,0 76.2824378461234,9.94296402965456,0 76.2825447779816,9.94310809291578,0 76.2827310283844,9.94333474184196,0 76.282954301055,9.94356965483975,0 76.2837395983949,9.94439616780309,0 76.2838399015846,9.94447568646115,0 76.2839304185276,9.94452628923348,0 76.285171949539,9.94516512135202,0 76.285940089057,9.94355547912121,0 76.2875151708217,9.94061154838144,0 76.2884602200601,9.93869684433979,0 76.2899123682765,9.93586639154911,0 76.2910258363594,9.93365317146621,0 76.2917437663411,9.93220008606688,0 76.2919796594432,9.93177424907887,0 76.2925763716589,9.93069705737614,0 76.2927951320918,9.93023350316836,0 76.2947914204184,9.92600333662175,0 76.2948633359468,9.92571998299809,0 76.2947674488751,9.92541301636946,0 76.2944797894565,9.92517688779356,0 76.2940483007778,9.92505882388418,0 76.2847543119836,9.92837383256014,0 76.2846291856477,9.92844132099098,0</coordinates></LinearRing></outerBoundaryIs></Polygon></Placemark><Placemark><Style><LineStyle><color>ff0000ff</color></LineStyle><PolyStyle><fill>0</fill></PolyStyle></Style><ExtendedData><SchemaData schemaUrl="#wards"><SimpleData name="ward_id">15</SimpleData><SimpleData name="ward_name">Edakochi North</SimpleData><SimpleData name="Ward_Name">15 - Edakochi North</SimpleData><SimpleData name="Corporation">Kochi Corporation</SimpleData><SimpleData name="ac">Kochi</SimpleData><SimpleData name="AC_NAME">Kochi</SimpleData><SimpleData name="mla_name">Mohammad Shiyas</SimpleData></SchemaData></ExtendedData><Polygon><outerBoundaryIs><LinearRing><coordinates>76.2863512039451,9.92206229584971,0 76.2863323824432,9.92171466466656,0 76.2870436487223,9.92173547527764,0 76.2881419721078,9.92169195156164,0 76.2885306731312,9.92174603720646,0 76.2889146202702,9.92183278110453,0 76.2891601253457,9.921864846494,0 76.2892885044813,9.92186953016254,0 76.2894322115706,9.92184008047832,0 76.2895298117296,9.92180468882281,0 76.28956728585,9.92178161734777,0 76.289661464326,9.92170122333654,0 76.2897316883267,9.92162437236678,0 76.2898042057264,9.92153430480181,0 76.2900842824656,9.92121732712504,0 76.2901299582046,9.9211799178722,0 76.2902270741716,9.92112062725935,0 76.2903630539528,9.92106278695726,0 76.2904339633681,9.92104488845002,0 76.2905565115392,9.92102619620263,0 76.2907835176081,9.92102270711279,0 76.2913446960644,9.92104438495219,0 76.2915448649642,9.92102560687121,0 76.2917551605722,9.92097029643048,0 76.2919089225044,9.92091626905981,0 76.2922427903629,9.92076453736782,0 76.2924228953909,9.92066683302625,0 76.2929445129404,9.92043478653619,0 76.2932872085432,9.92026565426108,0 76.2936406722513,9.92003098114906,0 76.2940100280551,9.91972748147929,0 76.2942604253557,9.91946313686231,0 76.2947789688703,9.91883066911521,0 76.2951165018552,9.91832959561738,0 76.2951431611578,9.9182794622097,0 76.2953442975432,9.91775331271752,0 76.295453601852,9.9175918068213,0 76.2955417562258,9.91745943767449,0 76.2956291730827,9.91727033804211,0 76.2956625931063,9.9171623174673,0 76.2957142803711,9.91690594278344,0 76.2958241658899,9.91617647145114,0 76.2958272650776,9.91612156458901,0 76.2958198647563,9.91607821799126,0 76.295801782568,9.91602909036536,0 76.2957856146895,9.91599111330208,0 76.2957744225794,9.91595558651063,0 76.2957619863026,9.91592495938343,0 76.2957582547009,9.91590780921744,0 76.2957507932941,9.91584533114006,0 76.2957507932941,9.91582450511162,0 76.2957521829879,9.91579204092776,0 76.2957725468971,9.91531636288112,0 76.2957762183116,9.91523060657356,0 76.2957915687232,9.91493736108599,0 76.2958599709405,9.91443071473071,0 76.2958495980939,9.9142243029298,0 76.2957697234921,9.91420591027461,0 76.2957634999638,9.91418342937807,0 76.2957614248555,9.91416503672058,0 76.2957624624097,9.91414051258571,0 76.2957707610463,9.91409146431049,0 76.2958236646299,9.91388709730289,0 76.2958765682137,9.91361528825092,0 76.2959014641235,9.91356623989708,0 76.2959222107149,9.91353354099046,0 76.2959725002012,9.91348081408517,0 76.2959725002012,9.91346250279924,0 76.2959612146663,9.91345465459931,0 76.2959459451031,9.91345269277055,0 76.295854071704,9.91344112797986,0 76.2959383543389,9.91276096554452,0 76.2959545626416,9.91271785654169,0 76.2959772540857,9.91268113388944,0 76.2959934623884,9.91264760485397,0 76.2960701479709,9.91248504782953,0 76.2962113020481,9.91102002223922,0 76.296082750436,9.910989763658,0 76.2960618385545,9.91098378609683,0 76.2959846849497,9.9109587236992,0 76.2959286516355,9.9109321286368,0 76.2958802593912,9.91091607107261,0 76.2958532614236,9.910912056239,0 76.2958150569729,9.91090854403385,0 76.295751197536,9.91091172174328,0 76.2943481377584,9.91058146633407,0 76.2940984159908,9.91119509525212,0 76.2939198794214,9.91173098659502,0 76.2938431588045,9.9119350425746,0 76.2938139689477,9.91199228098145,0 76.2937740505114,9.91204827785485,0 76.2936570215895,9.91215715581899,0 76.2935582922482,9.91221519768154,0 76.2932309389721,9.91235584812153,0 76.29271003199,9.91253378839816,0 76.2923802649408,9.91265379476195,0 76.2920204348722,9.91276733508595,0 76.2915642479131,9.91286432235562,0 76.2910883689846,9.91305829857864,0 76.2907240760857,9.91320377934329,0 76.2903985014739,9.91326429166969,0 76.2902311615062,9.9132901149076,0 76.2901671870849,9.91329672601721,0 76.2900747378658,9.91330366542567,0 76.2897756006728,9.91331046590423,0 76.2891290625016,9.91326197233895,0 76.2881969966139,9.91315205321054,0 76.2878362951795,9.91310837880584,0 76.2879103639697,9.91271563720131,0 76.2879701100209,9.91224186520215,0 76.288053618308,9.91161118696183,0 76.2880562719313,9.91157720562919,0 76.288055626941,9.91153626272463,0 76.2880435347189,9.91145138768141,0 76.2880384161185,9.91143101002216,0 76.2880345138368,9.91141917260851,0 76.2880279291858,9.91140946605292,0 76.2880159995589,9.91139613756848,0 76.28799321469,9.91138069680795,0 76.2877490507991,9.91128549130477,0 76.2876652837972,9.91126091209021,0 76.2876488401359,9.91125486551112,0 76.2876384062039,9.91124983126714,0 76.2876255755667,9.91124087156925,0 76.2876204129488,9.91123623464896,0 76.2876189316269,9.91123416750277,0 76.2876151434313,9.9112274660909,0 76.2876105386672,9.91121314827137,0 76.2876092792291,9.91120022949159,0 76.2876104578188,9.91111779582471,0 76.2876209124121,9.91096475612523,0 76.2876384223736,9.91083146665119,0 76.2876496171787,9.9107958835513,0 76.2876581574621,9.91077893841602,0 76.28767916187,9.9107489452855,0 76.2877989980273,9.9106235022218,0 76.2878714920707,9.91052002701134,0 76.2878919880322,9.9105022757084,0 76.2879066548258,9.91049284344787,0 76.2879305796568,9.91048646678302,0 76.2879581166135,9.91048405540194,0 76.2879942127183,9.91048556328942,0 76.2881172289116,9.91051184335993,0 76.2881300811084,9.9105135574314,0 76.2881504935266,9.91051091154925,0 76.2881679873184,9.91050391102288,0 76.28818657436,9.91049163023563,0 76.2881915420435,9.91048722072676,0 76.288199561304,9.9104739576882,0 76.2882026137794,9.91046510415836,0 76.2882463734118,9.91017715325743,0 76.2882748221585,9.90998345496209,0 76.288283542105,9.90992408887617,0 76.2883672911406,9.90943319242612,0 76.2883676172291,9.90943128189825,0 76.2883668267116,9.90943135446115,0 76.28825492178,9.90953080631547,0 76.288205783934,9.9095590828262,0 76.2880955822082,9.90960478061443,0 76.288077326645,9.90960946357328,0 76.2880305343001,9.90962146741585,0 76.287866518099,9.90966216632355,0 76.2870011979352,9.90981554201268,0 76.2868307381185,9.90983189784616,0 76.2867070365106,9.90982796175648,0 76.286640177599,9.90981933651658,0 76.2865644370441,9.90980058257005,0 76.2864643018394,9.90976994070925,0 76.2864085622743,9.90975893328352,0 76.2863729045474,9.90975792979283,0 76.2863499822363,9.90976043851962,0 76.2863015890936,9.90976796558473,0 76.2862158053739,9.90978089238514,0 76.2861621004929,9.90977316886975,0 76.2860970633647,9.90975869966664,0 76.286047741364,9.90973848649594,0 76.2860325742087,9.90972718704802,0 76.2860051827791,9.90969479659305,0 76.2859897964349,9.90966824921342,0 76.2859703568922,9.90961826403144,0 76.2857793148757,9.91029435354598,0 76.2857513089983,9.91095186299803,0 76.2856252834488,9.91129211218883,0 76.2853452264725,9.91170132981631,0 76.2852238676709,9.91217951650724,0 76.2851077289794,9.91290441558654,0 76.2849802248029,9.91345714117528,0 76.2849049531686,9.91354926481832,0 76.2848091523351,9.91359420280447,0 76.2846494848782,9.91365486991666,0 76.2844441973779,9.91371778289831,0 76.2843461157219,9.91378069675281,0 76.2842731240118,9.91385035088926,0 76.2842457523451,9.91390652354062,0 76.2841088940116,9.91499627319626,0 76.2840912852354,9.91551872293636,0 76.284073767189,9.91576174739113,0 76.2840197541859,9.916080985944,0 76.2839672009452,9.91628230754551,0 76.2838883701857,9.91654834045181,0 76.2838781518494,9.9166245546037,0 76.28386501309,9.91682299996781,0 76.2838504145684,9.91697974286418,0 76.2838474950437,9.91699987506317,0 76.283835816945,9.91701856931004,0 76.2838080796639,9.91703151175261,0 76.2837759639942,9.9170502051128,0 76.2837555264232,9.91708327974799,0 76.2837350888522,9.91712785798324,0 76.2836914765434,9.91736899377039,0 76.283689406825,9.91741343657834,0 76.2836928491692,9.91747525776719,0 76.2837022940561,9.91755899593508,0 76.2837195794388,9.91763988384711,0 76.2837704492367,9.91777544914665,0 76.2837830058877,9.9178172681986,0 76.283787192037,9.91783847283359,0 76.283798093093,9.9179897882125,0 76.2837949418029,9.91813877626131,0 76.2837803432812,9.91821211415201,0 76.2837076596933,9.91848898361086,0 76.2836489592811,9.91850402937614,0 76.2835891072286,9.91863920142769,0 76.2834431247067,9.91867515090483,0 76.2834314466081,9.91870678743253,0 76.283419767611,9.91874129895895,0 76.2834022495647,9.91920002114004,0 76.2834000630653,9.91956558278193,0 76.283424146898,9.91967887471328,0 76.2834431247067,9.91973351905322,0 76.2834621025154,9.91979391425405,0 76.2834854596111,9.91991902020651,0 76.2834985983705,9.92010020744273,0 76.2834883791358,9.92013903351883,0 76.2834635622778,9.92017785959037,0 76.2834124687993,9.92021956153095,0 76.2833759729443,9.92024975908794,0 76.2833307185152,9.92027708076901,0 76.2832898433732,9.92029721276541,0 76.2832475084688,9.92032741120014,0 76.2832080930891,9.9203576087472,0 76.283165759083,9.92039212098463,0 76.2831394815643,9.9204366987697,0 76.2831131465534,9.92072705992727,0 76.2831166724409,9.92081345279677,0 76.2831143916184,9.92087411768761,0 76.2830984240642,9.92095051134928,0 76.2830733341184,9.921004436068,0 76.2830413999083,9.92106734852358,0 76.2829866565749,9.92114598796993,0 76.2829319132415,9.92120440696986,0 76.2828497982414,9.92133697104728,0 76.2827687989488,9.92153275626069,0 76.2826932668031,9.92233991154671,0 76.2824072548947,9.92243557839959,0 76.2826523575251,9.9236277868122,0 76.2826789853867,9.92358852933059,0 76.2827151623398,9.92351429891946,0 76.2827399037394,9.92345004723241,0 76.2827623310788,9.92338100127643,0 76.2827940784392,9.92332905995568,0 76.2828053837371,9.92331715129686,0 76.2828463226595,9.92329479225345,0 76.2835758903158,9.92303753395246,0 76.285366916295,9.92257425471494,0 76.2859063007242,9.92250132749927,0 76.2859808932321,9.92248060365491,0 76.286124901257,9.92241273084315,0 76.2862088721765,9.92234937532188,0 76.2862713994119,9.92226834964668,0 76.2863125674047,9.9221886893195,0 76.2863512039451,9.92206229584971,0</coordinates></LinearRing></outerBoundaryIs></Polygon></Placemark><Placemark><Style><LineStyle><color>ff0000ff</color></LineStyle><PolyStyle><fill>0</fill></PolyStyle></Style><ExtendedData><SchemaData schemaUrl="#wards"><SimpleData name="ward_id">16</SimpleData><SimpleData name="ward_name">Edakochi South</SimpleData><SimpleData name="Ward_Name">16 - Edakochi South</SimpleData><SimpleData name="Corporation">Kochi Corporation</SimpleData><SimpleData name="ac">Kochi</SimpleData><SimpleData name="AC_NAME">Kochi</SimpleData><SimpleData name="mla_name">Mohammad Shiyas</SimpleData></SchemaData></ExtendedData><Polygon><outerBoundaryIs><LinearRing><coordinates>76.2940984159908,9.91119509525212,0 76.2943481377584,9.91058146633407,0 76.295751197536,9.91091172174328,0 76.2958150569729,9.91090854403385,0 76.2958532614236,9.910912056239,0 76.2958802593912,9.91091607107261,0 76.2959286516355,9.9109321286368,0 76.2959846849497,9.9109587236992,0 76.2960618385545,9.91098378609683,0 76.296082750436,9.910989763658,0 76.2962113020481,9.91102002223922,0 76.2962250624416,9.91082925083767,0 76.2961958896528,9.90873142178263,0 76.2961213492471,9.90791036101956,0 76.2961074073939,9.90701603127095,0 76.2961370625781,9.90615426068198,0 76.2961369035763,9.90494094784616,0 76.2961636140829,9.90396081535162,0 76.2961154787567,9.90333575288269,0 76.2960958496695,9.90308085407278,0 76.2960847006785,9.90293607233846,0 76.2960656761574,9.90120458817976,0 76.2960760040882,9.90108548026225,0 76.2961172152002,9.9007035408474,0 76.2961480435841,9.90036093293563,0 76.2961529304193,9.90030662783862,0 76.2961636149812,9.90017549593895,0 76.2961871194007,9.89988702982263,0 76.2961814213868,9.89983510601867,0 76.2961814213868,9.89978458572029,0 76.2961586284331,9.89966249504089,0 76.2961452354505,9.89945971813149,0 76.2961758473405,9.89932833457042,0 76.2962326163749,9.89913246972966,0 76.2963862004407,9.89813477765024,0 76.2964129109473,9.89746380107761,0 76.2964333610948,9.89728468184472,0 76.2967046379375,9.89600672429546,0 76.2968646224997,9.89521870500026,0 76.2968908488145,9.89456551711343,0 76.2969335852658,9.89405749859647,0 76.2969462937321,9.89376872356618,0 76.2969517402177,9.89364494303934,0 76.2969549534914,9.89357193417034,0 76.2969521040354,9.89353544654391,0 76.2969464060215,9.89349194209503,0 76.2969278872519,9.89346247127894,0 76.2968979715564,9.89342598364039,0 76.2968153472115,9.89338949599775,0 76.2967740354882,9.8933656384525,0 76.2967426950646,9.89332915080316,0 76.2967013833413,9.89328284012875,0 76.2966572221619,9.89322249491458,0 76.2965884049229,9.89317565413579,0 76.2963509164129,9.89308516105965,0 76.2962993863533,9.89308129910554,0 76.2961736797057,9.89308849734902,0 76.2960559321315,9.89312827264141,0 76.2958199285367,9.89328380384677,0 76.2957746857857,9.89332298442456,0 76.2955888072855,9.89342458009938,0 76.2955360986362,9.89346106773812,0 76.2954890880007,9.89351720228671,0 76.2953010472555,9.8938427837184,0 76.2952640088181,9.89390874208939,0 76.2950380600662,9.89431586723701,0 76.2949328098543,9.89448620580942,0 76.2948993233554,9.89465270094187,0 76.294874838874,9.89485881974583,0 76.2948102886327,9.89487416924867,0 76.2944474725642,9.89558023498363,0 76.2943297869737,9.89576791703917,0 76.2942978770182,9.89580025046195,0 76.2942577618509,9.89584425991155,0 76.2942112641534,9.8958738986544,0 76.2941346800805,9.89589725071111,0 76.2940243624721,9.89590263917052,0 76.2939231627637,9.89590084272243,0 76.2938739296963,9.89590084272243,0 76.2936457162916,9.89595484412541,0 76.2936101025822,9.89596887765691,0 76.2935716394166,9.89599133148304,0 76.2935303276933,9.89601939854233,0 76.2934804685001,9.89609096970966,0 76.293432034035,9.89617096115206,0 76.2933850233995,9.89623691905549,0 76.293356532432,9.89626358256495,0 76.2933038237827,9.89628603637094,0 76.2930046677251,9.89639549832137,0 76.2929377225751,9.89642789362874,0 76.2928254026219,9.89649536208719,0 76.292742778277,9.89657675695856,0 76.2926195545729,9.89669814702185,0 76.2924875552267,9.89676037034101,0 76.2924419693193,9.89677300119636,0 76.2924077794396,9.89678001794471,0 76.2923379767488,9.89680247083045,0 76.2922567771319,9.89684457219946,0 76.2921755775151,9.8968950929502,0 76.2920524427441,9.89698797698809,0 76.2920279582627,9.89701428999763,0 76.2919734251351,9.89706253021467,0 76.2919573003758,9.89708924586895,0 76.2919244561724,9.89714366211637,0 76.2918871150026,9.89724078763115,0 76.2918686932511,9.89730940723734,0 76.2917176109933,9.89742124758076,0 76.2912572944788,9.89779822273448,0 76.2912171110395,9.89783484085911,0 76.2904900433947,9.8985531549149,0 76.2901629659014,9.89881565977711,0 76.2901525930548,9.8988309878564,0 76.2901453319724,9.89886062278992,0 76.2901401450999,9.89888310385152,0 76.2901193985084,9.89922645665588,0 76.2901183609543,9.89932966729093,0 76.2901998399472,9.9002774947955,0 76.2902376536308,9.90071738214466,0 76.2902807637812,9.90152799920923,0 76.2902503728769,9.90155793654692,0 76.2897052176703,9.9015476093604,0 76.2896980769621,9.90154747396539,0 76.289668866444,9.90167107983615,0 76.2895960669734,9.90204422542847,0 76.2896710574349,9.90205126064777,0 76.2899173440448,9.90207436271396,0 76.2898382024683,9.9028306018383,0 76.2895663641785,9.90402010818277,0 76.2895466183102,9.90419128240152,0 76.2893158581817,9.90602668408275,0 76.2892474847105,9.90649816161009,0 76.2890562531494,9.90835182567654,0 76.2890386317968,9.90843650772534,0 76.2890322591482,9.90845521573423,0 76.2890114209286,9.90850492499976,0 76.2889969553575,9.90853592536959,0 76.2889770334195,9.90855861283867,0 76.2889571105831,9.90858130030622,0 76.2889298125782,9.90859727480264,0 76.2889025136751,9.90861324929828,0 76.2885459741355,9.90873261907292,0 76.2884084995576,9.90929213544212,0 76.2883811126196,9.90935217948621,0 76.2883676172291,9.90943128189825,0 76.2883672911406,9.90943319242612,0 76.288283542105,9.90992408887617,0 76.2882748221585,9.90998345496209,0 76.2882463734118,9.91017715325743,0 76.2882026137794,9.91046510415836,0 76.288199561304,9.9104739576882,0 76.2881915420435,9.91048722072676,0 76.28818657436,9.91049163023563,0 76.2881679873184,9.91050391102288,0 76.2881504935266,9.91051091154925,0 76.2881300811084,9.9105135574314,0 76.2881172289116,9.91051184335993,0 76.2879942127183,9.91048556328942,0 76.2879581166135,9.91048405540194,0 76.2879305796568,9.91048646678302,0 76.2879066548258,9.91049284344787,0 76.2878919880322,9.9105022757084,0 76.2878714920707,9.91052002701134,0 76.2877989980273,9.9106235022218,0 76.28767916187,9.9107489452855,0 76.2876581574621,9.91077893841602,0 76.2876496171787,9.9107958835513,0 76.2876384223736,9.91083146665119,0 76.2876209124121,9.91096475612523,0 76.2876104578188,9.91111779582471,0 76.2876092792291,9.91120022949159,0 76.2876105386672,9.91121314827137,0 76.2876151434313,9.9112274660909,0 76.2876189316269,9.91123416750277,0 76.2876204129488,9.91123623464896,0 76.2876255755667,9.91124087156925,0 76.2876384062039,9.91124983126714,0 76.2876488401359,9.91125486551112,0 76.2876652837972,9.91126091209021,0 76.2877490507991,9.91128549130477,0 76.28799321469,9.91138069680795,0 76.2880159995589,9.91139613756848,0 76.2880279291858,9.91140946605292,0 76.2880345138368,9.91141917260851,0 76.2880384161185,9.91143101002216,0 76.2880435347189,9.91145138768141,0 76.288055626941,9.91153626272463,0 76.2880562719313,9.91157720562919,0 76.288053618308,9.91161118696183,0 76.2879701100209,9.91224186520215,0 76.2879103639697,9.91271563720131,0 76.2878362951795,9.91310837880584,0 76.2881969966139,9.91315205321054,0 76.2891290625016,9.91326197233895,0 76.2897756006728,9.91331046590423,0 76.2900747378658,9.91330366542567,0 76.2901671870849,9.91329672601721,0 76.2902311615062,9.9132901149076,0 76.2903985014739,9.91326429166969,0 76.2907240760857,9.91320377934329,0 76.2910883689846,9.91305829857864,0 76.2915642479131,9.91286432235562,0 76.2920204348722,9.91276733508595,0 76.2923802649408,9.91265379476195,0 76.29271003199,9.91253378839816,0 76.2932309389721,9.91235584812153,0 76.2935582922482,9.91221519768154,0 76.2936570215895,9.91215715581899,0 76.2937740505114,9.91204827785485,0 76.2938139689477,9.91199228098145,0 76.2938431588045,9.9119350425746,0 76.2939198794214,9.91173098659502,0 76.2940984159908,9.91119509525212,0</coordinates></LinearRing></outerBoundaryIs></Polygon></Placemark><Placemark><Style><LineStyle><color>ff0000ff</color></LineStyle><PolyStyle><fill>0</fill></PolyStyle></Style><ExtendedData><SchemaData schemaUrl="#wards"><SimpleData name="ward_id">14</SimpleData><SimpleData name="ward_name">Thazhappu</SimpleData><SimpleData name="Ward_Name">14 - Thazhappu</SimpleData><SimpleData name="Corporation">Kochi Corporation</SimpleData><SimpleData name="ac">Kochi</SimpleData><SimpleData name="AC_NAME">Kochi</SimpleData><SimpleData name="mla_name">Mohammad Shiyas</SimpleData></SchemaData></ExtendedData><Polygon><outerBoundaryIs><LinearRing><coordinates>76.2827687989488,9.92153275626069,0 76.2828497982414,9.92133697104728,0 76.2829319132415,9.92120440696986,0 76.2829866565749,9.92114598796993,0 76.2830413999083,9.92106734852358,0 76.2830733341184,9.921004436068,0 76.2830984240642,9.92095051134928,0 76.2831143916184,9.92087411768761,0 76.2831166724409,9.92081345279677,0 76.2831131465534,9.92072705992727,0 76.2831394815643,9.9204366987697,0 76.283165759083,9.92039212098463,0 76.2832080930891,9.9203576087472,0 76.2832475084688,9.92032741120014,0 76.2832898433732,9.92029721276541,0 76.2833307185152,9.92027708076901,0 76.2833759729443,9.92024975908794,0 76.2834124687993,9.92021956153095,0 76.2834635622778,9.92017785959037,0 76.2834883791358,9.92013903351883,0 76.2834985983705,9.92010020744273,0 76.2834854596111,9.91991902020651,0 76.2834621025154,9.91979391425405,0 76.2834431247067,9.91973351905322,0 76.283424146898,9.91967887471328,0 76.2834000630653,9.91956558278193,0 76.2834022495647,9.91920002114004,0 76.283419767611,9.91874129895895,0 76.2834314466081,9.91870678743253,0 76.2834431247067,9.91867515090483,0 76.2835891072286,9.91863920142769,0 76.2836489592811,9.91850402937614,0 76.2837076596933,9.91848898361086,0 76.2837803432812,9.91821211415201,0 76.2837949418029,9.91813877626131,0 76.283798093093,9.9179897882125,0 76.283787192037,9.91783847283359,0 76.2837830058877,9.9178172681986,0 76.2837704492367,9.91777544914665,0 76.2837195794388,9.91763988384711,0 76.2837022940561,9.91755899593508,0 76.2836928491692,9.91747525776719,0 76.283689406825,9.91741343657834,0 76.2836914765434,9.91736899377039,0 76.2837350888522,9.91712785798324,0 76.2837555264232,9.91708327974799,0 76.2837759639942,9.9170502051128,0 76.2838080796639,9.91703151175261,0 76.283835816945,9.91701856931004,0 76.2838474950437,9.91699987506317,0 76.2838504145684,9.91697974286418,0 76.28386501309,9.91682299996781,0 76.2838781518494,9.9166245546037,0 76.2838883701857,9.91654834045181,0 76.2839672009452,9.91628230754551,0 76.2840197541859,9.916080985944,0 76.284073767189,9.91576174739113,0 76.2840912852354,9.91551872293636,0 76.2841088940116,9.91499627319626,0 76.2842457523451,9.91390652354062,0 76.2842731240118,9.91385035088926,0 76.2843461157219,9.91378069675281,0 76.2844441973779,9.91371778289831,0 76.2846494848782,9.91365486991666,0 76.2848091523351,9.91359420280447,0 76.2849049531686,9.91354926481832,0 76.2849802248029,9.91345714117528,0 76.2851077289794,9.91290441558654,0 76.2848858513924,9.91289540903391,0 76.2842879785534,9.91287114142626,0 76.2840434481499,9.91290373067085,0 76.2838224077927,9.91294103556491,0 76.2836191397052,9.91299079282017,0 76.2834639467567,9.91305042736155,0 76.2831459620107,9.91318251600481,0 76.2826965815865,9.91337152154122,0 76.2824021344976,9.91347281014285,0 76.2814125440924,9.91372825748032,0 76.2806002173439,9.91388896709934,0 76.2803462276805,9.91391373902536,0 76.2800753937072,9.91391431952057,0 76.2793596340551,9.91388227016625,0 76.2788606594406,9.91384701481095,0 76.2785541048583,9.91382535242367,0 76.2777009910027,9.91375169410187,0 76.2775231326613,9.91373603399663,0 76.2774328771281,9.91372808669426,0 76.2772980813264,9.91371621839202,0 76.2771838982673,9.91397924383253,0 76.2769036122206,9.91463114625226,0 76.2765169216267,9.91559749379421,0 76.2763378505597,9.91604231955315,0 76.276241826944,9.91627240203256,0 76.2760937944666,9.91671732863828,0 76.2758745489434,9.91716890195205,0 76.2757263916003,9.9174906309889,0 76.2756859970569,9.9176236160074,0 76.2756498551381,9.91775869462371,0 76.275623280277,9.91783408731557,0 76.2755599436596,9.91797786697116,0 76.2765527590167,9.91822436190912,0 76.2771300155199,9.91833539960632,0 76.277680121342,9.91847442541871,0 76.2777138009786,9.91856763517969,0 76.2782297807014,9.91867820288483,0 76.2786274531996,9.91879270830455,0 76.2787926408039,9.91887105362927,0 76.2789517099829,9.9189855589816,0 76.2790312441232,9.9190639042602,0 76.2791745784116,9.91925350724301,0 76.2793263290159,9.91946271034714,0 76.2793889784222,9.91949973752526,0 76.2794716746323,9.91955651270057,0 76.279519287139,9.91962316142213,0 76.2795418411408,9.91970462223047,0 76.2795418411408,9.91976139737031,0 76.2795418411408,9.91980089245987,0 76.2795794302455,9.9199144426963,0 76.2796445850531,9.92004033526523,0 76.2796721507559,9.92004527292177,0 76.27970222186,9.92003786732184,0 76.2797272812632,9.92003293055008,0 76.279812483773,9.920015650521,0 76.2798976853844,9.92001071374891,0 76.2799778761932,9.92001071374891,0 76.2800881381061,9.92002058817792,0 76.2801355502885,9.92004635867525,0 76.2801531923024,9.92007321580888,0 76.2801612115629,9.92011745118706,0 76.2801499844185,9.92020908096226,0 76.2801456078264,9.92025090324313,0 76.2801486360472,9.92060679547915,0 76.2801916123487,9.92085283360967,0 76.2806770358771,9.92101044795683,0 76.2806645061756,9.92117089915869,0 76.2808699940002,9.92117830473301,0 76.2808900417024,9.9213338182156,0 76.2809230197548,9.92148716012696,0 76.2814650003151,9.92146850418491,0 76.2815628888333,9.92183491808937,0 76.281570720346,9.92199305404281,0 76.2819740216877,9.92240575092323,0 76.2825274656494,9.92326987857162,0 76.2826448880335,9.92363542151361,0 76.2826523575251,9.9236277868122,0 76.2824072548947,9.92243557839959,0 76.2826932668031,9.92233991154671,0 76.2827687989488,9.92153275626069,0</coordinates></LinearRing></outerBoundaryIs></Polygon></Placemark><Placemark><Style><LineStyle><color>ff0000ff</color></LineStyle><PolyStyle><fill>0</fill></PolyStyle></Style><ExtendedData><SchemaData schemaUrl="#wards"><SimpleData name="ward_id">5</SimpleData><SimpleData name="ward_name">Mattancheri</SimpleData><SimpleData name="Ward_Name">5 - Mattancheri</SimpleData><SimpleData name="Corporation">Kochi Corporation</SimpleData><SimpleData name="ac">Kochi</SimpleData><SimpleData name="AC_NAME">Kochi</SimpleData><SimpleData name="mla_name">Mohammad Shiyas</SimpleData></SchemaData></ExtendedData><Polygon><outerBoundaryIs><LinearRing><coordinates>76.2609520660237,9.9570476180164,0 76.2609842562536,9.95688602269613,0 76.2610193309738,9.95656248586426,0 76.2610222154642,9.95640054523713,0 76.2610568302471,9.95605677726456,0 76.2610539457567,9.95547719952671,0 76.2610929416232,9.95514566987789,0 76.261106386708,9.95503136210649,0 76.2610418185003,9.95502642320861,0 76.2610227481652,9.95502509159959,0 76.2610017751983,9.95502362815689,0 76.2609701455171,9.95502265311828,0 76.2609309933437,9.95502444924203,0 76.2607928629958,9.95504537187126,0 76.2603633101865,9.95505215997989,0 76.2603610113977,9.95505221837602,0 76.2602950804457,9.95505390478568,0 76.2602611106532,9.95505477364942,0 76.2602111607302,9.95505605217088,0 76.2600847623798,9.95504657341605,0 76.2598029420105,9.95500691889665,0 76.2594689870155,9.95494874925246,0 76.2593534187542,9.95493473594439,0 76.2591919798195,9.95493047833357,0 76.2581291937866,9.95496424458356,0 76.2579399924181,9.95498424968926,0 76.2579355861817,9.95498471597365,0 76.2578974724608,9.9549887461927,0 76.2578826412755,9.95499031404081,0 76.2578549516051,9.95499324181134,0 76.2573413847572,9.95497833752147,0 76.2571836720344,9.95542709127847,0 76.2571836720344,9.95547455577776,0 76.257196814387,9.95575502663243,0 76.257185862127,9.95593841129171,0 76.2571639576071,9.95609590609283,0 76.2571026251311,9.95636558909802,0 76.2570916728712,9.95645620271472,0 76.2570938629638,9.95651661148361,0 76.257113577391,9.95657270514083,0 76.2571464341709,9.95668057821205,0 76.2571617675145,9.95677550683914,0 76.2571679937377,9.95689447593175,0 76.2569928977158,9.95689320007186,0 76.2567396967732,9.95688862396397,0 76.256541085552,9.9568680323625,0 76.256200309649,9.95683087581286,0 76.2561913893783,9.95688578645852,0 76.2559913462426,9.95687139277604,0 76.2559986055284,9.95680525685825,0 76.2559387175433,9.95678916969326,0 76.2554904618098,9.95671767107425,0 76.2554995356925,9.95658718554549,0 76.2552545372668,9.95657109836974,0 76.2552164271392,9.95656752383491,0 76.2551692422305,9.95652104957007,0 76.255024058311,9.95650674965882,0 76.255018613622,9.95656752383491,0 76.2547349966222,9.95655572610018,0 76.2543006063851,9.95653742253416,0 76.2542947987768,9.95647907974465,0 76.2540253374292,9.95649280720053,0 76.2540264989509,9.95655458207205,0 76.2538964148129,9.95657059758095,0 76.2533598142628,9.95659462128522,0 76.2530272112322,9.95661712581065,0 76.2530328831949,9.95672604910752,0 76.2530658899934,9.95709125116346,0 76.2530640744982,9.95721458566574,0 76.2530422975391,9.95735043273312,0 76.2530295935643,9.9574326565593,0 76.2530223342785,9.9574952178253,0 76.2530187050848,9.95758637792432,0 76.2530272112322,9.95774266951059,0 76.2530272112322,9.95806664579383,0 76.2530016909933,9.95855540419468,0 76.2529194583139,9.95913632663865,0 76.2528911020936,9.95937093009954,0 76.2528400607175,9.95956363916914,0 76.2527549920567,9.95979824232279,0 76.2527059063129,9.95988697572032,0 76.2526849998213,9.95991099918045,0 76.2526582857214,9.95993502263881,0 76.2526304100998,9.9599762054534,0 76.2526199573032,9.96000594810248,0 76.2526083420865,9.96004827492401,0 76.2525978892899,9.96008602567699,0 76.2525723367117,9.96013178453495,0 76.2524933568319,9.96026562902499,0 76.2524840646586,9.96028393238189,0 76.252466642732,9.96032168310765,0 76.2523783706789,9.96046467875062,0 76.2523063599291,9.96062254562707,0 76.2522819688725,9.96066601638232,0 76.2522599008592,9.96070376706383,0 76.2522273800493,9.96072435842326,0 76.2521995044277,9.96074037372752,0 76.2521797594578,9.96077354923181,0 76.2521646605745,9.96082159601974,0 76.2521669827195,9.96089824135532,0 76.2521774364144,9.96091540066389,0 76.252205312036,9.96094171207384,0 76.2522401558893,9.96097603068553,0 76.2522482865409,9.96100577412823,0 76.2522494471642,9.9610538199972,0 76.2522192493976,9.96150682911808,0 76.252198342906,9.96177680404989,0 76.2521751133711,9.96214287106724,0 76.2521751133711,9.96228815392804,0 76.252211118746,9.96284504736793,0 76.2522201926287,9.9629093948288,0 76.2522383412924,9.96295050560166,0 76.2522583036546,9.96298625378781,0 76.2523272664207,9.96308098770087,0 76.2523472287829,9.96314176065242,0 76.2523998583805,9.96343847366699,0 76.2524415986001,9.9636708399984,0 76.2524670056513,9.96394789126586,0 76.2524869689119,9.96431073884159,0 76.2525305237285,9.9648094290903,0 76.2525305237285,9.96488271404258,0 76.2524833388198,9.9651365277609,0 76.2524797096261,9.96528845827619,0 76.2524996719883,9.96562628065799,0 76.2524924127025,9.9657585489037,0 76.2524688202482,9.96588188101394,0 76.2524234508348,9.96604989789107,0 76.2527864106338,9.96616608014714,0 76.2529765669114,9.96624679500572,0 76.2535790984135,9.96689582834268,0 76.2538830757292,9.96655433287307,0 76.254327289044,9.96615659729127,0 76.2548358504791,9.96576287538459,0 76.2552728404407,9.96544007728455,0 76.2556017334291,9.96519959982699,0 76.2565507550178,9.9645056984877,0 76.2576563861981,9.96387452116595,0 76.258236399631,9.96342959325828,0 76.2585064017644,9.96318289705423,0 76.2589732849636,9.96266765116992,0 76.2593817345502,9.96209889530462,0 76.259640999121,9.9616533810253,0 76.2596702024526,9.9615855614704,0 76.2597113839202,9.96146414680722,0 76.2600481084212,9.95995767203726,0 76.2602454206785,9.95917542766955,0 76.260409902207,9.9585233370949,0 76.2605648310508,9.95797191396387,0 76.2606731912302,9.95767617897143,0 76.2608664529838,9.95732104729467,0 76.260896740582,9.95724718022542,0 76.2609520660237,9.9570476180164,0</coordinates></LinearRing></outerBoundaryIs></Polygon></Placemark><Placemark><Style><LineStyle><color>ff0000ff</color></LineStyle><PolyStyle><fill>0</fill></PolyStyle></Style><ExtendedData><SchemaData schemaUrl="#wards"><SimpleData name="ward_id">9</SimpleData><SimpleData name="ward_name">Chakkamadom</SimpleData><SimpleData name="Ward_Name">9 - Chakkamadom</SimpleData><SimpleData name="Corporation">Kochi Corporation</SimpleData><SimpleData name="ac">Kochi</SimpleData><SimpleData name="AC_NAME">Kochi</SimpleData><SimpleData name="mla_name">Mohammad Shiyas</SimpleData></SchemaData></ExtendedData><Polygon><outerBoundaryIs><LinearRing><coordinates>76.2575616354952,9.95028691547206,0 76.257543180506,9.95007383894503,0 76.2574957332893,9.94960287454177,0 76.2574935836208,9.94958154101439,0 76.2574163464727,9.94920728695859,0 76.25736961701,9.94883523564289,0 76.2573462518294,9.94859743045607,0 76.2573073107602,9.94820620022194,0 76.257899219684,9.9482867478696,0 76.2581211853059,9.94835962421129,0 76.2585222812836,9.94855523841025,0 76.258767612086,9.94863578597181,0 76.2589903313944,9.94871676972346,0 76.2589740871591,9.9486793795419,0 76.2589466526104,9.94862832616102,0 76.2588752284604,9.94849541125674,0 76.2588695142769,9.94847482443478,0 76.2588639932312,9.94843349948487,0 76.2588567653864,9.9482979698929,0 76.2588599409309,9.94807281354276,0 76.2588861879069,9.94722692897652,0 76.2588579071451,9.94639963480458,0 76.2588602041373,9.94620585972789,0 76.2592123886444,9.94620686576131,0 76.2593808245568,9.9461907780742,0 76.259431865933,9.94619178322287,0 76.2594328864192,9.94621993711713,0 76.2595594689242,9.94622596977815,0 76.2597493422325,9.94619781588441,0 76.259859591569,9.94619178322287,0 76.2599718818778,9.94618575056121,0 76.2602424005425,9.9461907780742,0 76.2604210449098,9.9461867557099,0 76.2606599177236,9.94618172819685,0 76.2606711466646,9.94613849264323,0 76.2608528533888,9.94613648146076,0 76.2609794358938,9.94615256915054,0 76.2610978518145,9.94619479955365,0 76.2615584800444,9.9462209104124,0 76.2615589130324,9.94618358188215,0 76.2616018992154,9.94503199533714,0 76.2616039833068,9.94497609170302,0 76.2616319029459,9.9445535920759,0 76.2616294083243,9.94422777434997,0 76.2616240004663,9.94415829302381,0 76.2616182216041,9.94408403896559,0 76.2611040942074,9.94401004237309,0 76.2602568741983,9.94380814942177,0 76.2597462798757,9.94366399179329,0 76.2595421152695,9.94363784887671,0 76.2591531366666,9.94363870007439,0 76.2590733554896,9.9436347051081,0 76.2590735567122,9.94358254668236,0 76.258779558781,9.94359260178838,0 76.2587530171576,9.94386508938023,0 76.2583078740866,9.94382870556903,0 76.2582342589456,9.9438231515516,0 76.2581180645586,9.943770573751,0 76.2580721274099,9.943770573751,0 76.2578199837844,9.94373437574161,0 76.2578135482537,9.94379141127353,0 76.2577749898667,9.94485086083859,0 76.2574515496521,9.94472101471583,0 76.25728915491,9.94467551294984,0 76.2571942182558,9.94467350175838,0 76.2571054063152,9.9446614354941,0 76.2568665335014,9.94462322727641,0 76.2567338262828,9.94461417824046,0 76.256550077688,9.94462423331471,0 76.2559872301619,9.94468974524816,0 76.2559910920193,9.94478484016721,0 76.2559755161306,9.94529497791612,0 76.2559668348117,9.94543430992341,0 76.2559581543911,9.9455736409865,0 76.2559641533406,9.94574760985127,0 76.255949221544,9.94643590064937,0 76.2559432486456,9.94698888548932,0 76.255947728544,9.9473653850821,0 76.255947728544,9.94763124937896,0 76.2559379881113,9.94769543526426,0 76.2559282467804,9.94772893328016,0 76.2558109753133,9.94794312885093,0 76.2557879622724,9.94801249257744,0 76.255781989374,9.9480507304823,0 76.2557580986791,9.94842575830056,0 76.2557580986791,9.94859541132547,0 76.2557580986791,9.9488772621937,0 76.2557518365232,9.94904174860053,0 76.2557357018824,9.94946553866303,0 76.2557077867349,9.94977923554119,0 76.2557028522891,9.94983468267931,0 76.2557023168932,9.94990791879086,0 76.2556998662891,9.95024353358449,0 76.2558520247285,9.95027068464782,0 76.256202933628,9.95030524770223,0 76.2562507841882,9.95030524770223,0 76.2563066108899,9.95030053435755,0 76.2563863633208,9.95028639520797,0 76.2565490572019,9.9502549740869,0 76.2567420566474,9.95024397687077,0 76.2568584944779,9.9502518321516,0 76.2571487913502,9.95028639520797,0 76.2573162705568,9.95030524770223,0 76.2574470634655,9.95029582101284,0 76.2575616354952,9.95028691547206,0</coordinates></LinearRing></outerBoundaryIs></Polygon></Placemark><Placemark><Style><LineStyle><color>ff0000ff</color></LineStyle><PolyStyle><fill>0</fill></PolyStyle></Style><ExtendedData><SchemaData schemaUrl="#wards"><SimpleData name="ward_id">10</SimpleData><SimpleData name="ward_name">Karauvelipady</SimpleData><SimpleData name="Ward_Name">10 - Karauvelipady</SimpleData><SimpleData name="Corporation">Kochi Corporation</SimpleData><SimpleData name="ac">Kochi</SimpleData><SimpleData name="AC_NAME">Kochi</SimpleData><SimpleData name="mla_name">Mohammad Shiyas</SimpleData></SchemaData></ExtendedData><Polygon><outerBoundaryIs><LinearRing><coordinates>76.2616182216041,9.94408403896559,0 76.2616070348839,9.94394030351796,0 76.2615961077767,9.9437999082043,0 76.2615617364373,9.94362362715045,0 76.2615492381768,9.94357839775654,0 76.2615367309331,9.94353313207873,0 76.261531459619,9.94350509474941,0 76.261529351273,9.94346148190773,0 76.261533567965,9.94339709964516,0 76.2617031384496,9.94288072978034,0 76.2618023798306,9.94258747721019,0 76.2618158141357,9.94254777959152,0 76.2621222923612,9.94151785011125,0 76.26233412319,9.94082087055774,0 76.2624379298093,9.94050277455618,0 76.2625077163304,9.94028891565317,0 76.2625775028516,9.94007505572539,0 76.2630507407332,9.93870772514639,0 76.2632226100066,9.93824620944801,0 76.2618298754648,9.93776212445213,0 76.2608786009014,9.93767345140698,0 76.2601799038498,9.93761267371609,0 76.2599385355161,9.9375822848664,0 76.2598986098934,9.93758586049375,0 76.2593269480977,9.9374839688132,0 76.2592561707348,9.93750363167226,0 76.2591545416317,9.93751793241529,0 76.2586336939384,9.93747503106916,0 76.2585483989022,9.93747503106916,0 76.2584195481511,9.93750541992881,0 76.2582199200371,9.93755010864242,0 76.2580300916445,9.93753309145001,0 76.2579383359248,9.93755025198609,0 76.2578512253933,9.93759143762294,0 76.2578047663235,9.9376257586881,0 76.2574330955612,9.93758686124472,0 76.2574330955612,9.93751707500784,0 76.2571473738087,9.93746216022181,0 76.2571090453905,9.93745186425141,0 76.2570488950973,9.93741914383942,0 76.2568557141921,9.93740369634235,0 76.2567975581589,9.93739904651994,0 76.256741531133,9.93739456658633,0 76.2565462212205,9.93737894919922,0 76.2564760457288,9.93737656544613,0 76.2563817549634,9.93737336321801,0 76.2562116176418,9.93739291459419,0 76.2560925216964,9.93742922479528,0 76.2559904389442,9.93745715558035,0 76.2558084429625,9.93746714274224,0 76.2556264460826,9.93747712990383,0 76.2556281690513,9.93753766782899,0 76.2554016813103,9.93756512433198,0 76.2552913421423,9.93757198889979,0 76.2552251381024,9.93757198889979,0 76.2551844866409,9.93756512433198,0 76.2551357045277,9.93755826064887,0 76.2550729850529,9.93755597245952,0 76.2550160731864,9.93755826064887,0 76.2549463845816,9.93757999667722,0 76.2548685662235,9.93760745406147,0 76.254811654357,9.93761317453394,0 76.2547605492004,9.93760173358895,0 76.2547187362172,9.93759486990661,0 76.2546618243507,9.93758686124472,0 76.2545874896593,9.93757999667722,0 76.2545050252145,9.93757542118363,0 76.2544376605514,9.93757542118363,0 76.2543551961066,9.93758800533927,0 76.2543017679068,9.93759601400113,0 76.2541519379005,9.9376143186284,0 76.2541287083656,9.93747588936158,0 76.2537988505865,9.93752393869181,0 76.2536850268535,9.93752622688138,0 76.2536403105153,9.93752622688138,0 76.2535955932787,9.93752622688138,0 76.253595810671,9.93767345140698,0 76.2535722182167,9.93792549890476,0 76.2535722182167,9.93796482545345,0 76.2535849221915,9.93800415199744,0 76.253595810671,9.93803811554551,0 76.2536248478143,9.93809353016708,0 76.2536411809828,9.93813106932729,0 76.2536817309347,9.93826673143643,0 76.253702835954,9.9385264915812,0 76.2537155875395,9.93864946323187,0 76.2537718463307,9.93906954073813,0 76.2538151109915,9.93935898283618,0 76.2538336953381,9.93987265598997,0 76.2538364828104,9.94008187776865,0 76.253832022675,9.9401089677382,0 76.253823845311,9.94012068289289,0 76.2537911385498,9.94013752298459,0 76.2537658653476,9.94014850638356,0 76.2537614052122,9.94015875625785,0 76.2537552499559,9.94059411282417,0 76.2537619100654,9.9406020789406,0 76.2537957181611,9.94061111304555,0 76.2538174340348,9.94061856773037,0 76.253846471178,9.94063458402062,0 76.2538580854963,9.94065403256164,0 76.2538572958772,9.94078843362805,0 76.2538498623182,9.94105201864997,0 76.2538357390053,9.94108203820396,0 76.2537941119734,9.94114647047289,0 76.2537918823548,9.94116697104341,0 76.253790395643,9.94128192339646,0 76.2537761824986,9.94140946945072,0 76.2537628622796,9.94143243070821,0 76.2537576286947,9.94143617971955,0 76.2537428810527,9.94144648883688,0 76.2536583127536,9.94146858384638,0 76.2536292756103,9.94149604090408,0 76.2536037239304,9.94154523460906,0 76.2535921087138,9.94157841117857,0 76.2535703353479,9.94171617951303,0 76.2534833389025,9.94318305239896,0 76.2534844806613,9.94323400133682,0 76.2534964947299,9.94336541506947,0 76.2535088753111,9.94350083964405,0 76.2535183273845,9.94360423010575,0 76.2535521732095,9.94397445757043,0 76.2536572518432,9.94400686321526,0 76.2540592012205,9.94400686321526,0 76.2543829944731,9.94401314720598,0 76.2545440929462,9.94397544149024,0 76.2546015150558,9.9439691574988,0 76.254815250313,9.943984868362,0 76.2550130350841,9.94399586578882,0 76.2550321557249,9.9441039996119,0 76.2551565885614,9.94418439519708,0 76.2552762163095,9.94422995631432,0 76.2553703229204,9.94427080399355,0 76.2554421001082,9.94430065425151,0 76.2555011167274,9.94431793653735,0 76.2556335050441,9.94431636509874,0 76.2559716219339,9.94430538626393,0 76.2559872301619,9.94468974524816,0 76.256550077688,9.94462423331471,0 76.2567338262828,9.94461417824046,0 76.2568665335014,9.94462322727641,0 76.2571054063152,9.9446614354941,0 76.2571942182558,9.94467350175838,0 76.25728915491,9.94467551294984,0 76.2574515496521,9.94472101471583,0 76.2577749898667,9.94485086083859,0 76.2578135482537,9.94379141127353,0 76.2578199837844,9.94373437574161,0 76.2580721274099,9.943770573751,0 76.2581180645586,9.943770573751,0 76.2582342589456,9.9438231515516,0 76.2583078740866,9.94382870556903,0 76.2587530171576,9.94386508938023,0 76.258779558781,9.94359260178838,0 76.2590735567122,9.94358254668236,0 76.2590733554896,9.9436347051081,0 76.2591531366666,9.94363870007439,0 76.2595421152695,9.94363784887671,0 76.2597462798757,9.94366399179329,0 76.2602568741983,9.94380814942177,0 76.2611040942074,9.94401004237309,0 76.2616182216041,9.94408403896559,0</coordinates></LinearRing></outerBoundaryIs></Polygon></Placemark><Placemark><Style><LineStyle><color>ff0000ff</color></LineStyle><PolyStyle><fill>0</fill></PolyStyle></Style><ExtendedData><SchemaData schemaUrl="#wards"><SimpleData name="ward_id">11</SimpleData><SimpleData name="ward_name">Thoppumpady</SimpleData><SimpleData name="Ward_Name">11 - Thoppumpady</SimpleData><SimpleData name="Corporation">Kochi Corporation</SimpleData><SimpleData name="ac">Kochi</SimpleData><SimpleData name="AC_NAME">Kochi</SimpleData><SimpleData name="mla_name">Mohammad Shiyas</SimpleData></SchemaData></ExtendedData><Polygon><outerBoundaryIs><LinearRing><coordinates>76.2633944783817,9.93778469309826,0 76.2634926193265,9.93749422496488,0 76.2636018194307,9.93722940272554,0 76.2636580566624,9.93712133122179,0 76.2639282609168,9.93671968242228,0 76.2644392954139,9.93581393103776,0 76.2646954527121,9.93547519828281,0 76.2651856292267,9.93493271653668,0 76.2656831476721,9.9344684516048,0 76.2655981329102,9.93430515063725,0 76.2657245573117,9.93412474284892,0 76.2657845279418,9.93407205819202,0 76.265863947996,9.93401937264182,0 76.2659206775045,9.93400181108483,0 76.2659644398319,9.93399861767216,0 76.2660552056082,9.93398424864204,0 76.2661070716378,9.93395231893646,0 76.266131384541,9.93392358087151,0 76.2661492134044,9.93386929903282,0 76.2661962177517,9.93370805061297,0 76.2662221503173,9.93367611999561,0 76.26629832925,9.93360906533501,0 76.2664134079294,9.9335563805951,0 76.2665430743508,9.93350848464565,0 76.2665981824003,9.93346857090667,0 76.266648427869,9.93342546551424,0 76.2666873276158,9.9333695864411,0 76.2667748522706,9.93319875839846,0 76.2668105099974,9.93316203804256,0 76.2668753432081,9.93312212514617,0 76.2669693510043,9.93307742167,0 76.2670293216343,9.93304868441303,0 76.2670747045225,9.93301196404028,0 76.2671136042692,9.932964068896,0 76.2671719543385,9.93289541782019,0 76.2672254409289,9.93284592550445,0 76.2673210701841,9.93275332681538,0 76.2674977400544,9.93261442829024,0 76.2680494394878,9.93234228349411,0 76.2683331184714,9.93217169559483,0 76.2685104270439,9.93204116841008,0 76.2687545145779,9.93186148141319,0 76.2694875425447,9.93122073148525,0 76.2702205642233,9.93057997853296,0 76.2703611272091,9.93042788233395,0 76.2704856337075,9.93027372523222,0 76.2705930102317,9.93010809853538,0 76.2706705734683,9.92996401804465,0 76.270706171008,9.92988011669529,0 76.2707417676495,9.92979621532445,0 76.270786154306,9.92971666743614,0 76.2706317132474,9.92964646983086,0 76.270366093096,9.92953842944684,0 76.2701176514277,9.92943429302646,0 76.2698639240724,9.92936009579568,0 76.2696405912146,9.92927548551889,0 76.2694598762306,9.92920649476789,0 76.2689994177823,9.92906208736677,0 76.2685410236625,9.92891564560719,0 76.2680929529819,9.92882005143652,0 76.2678080055771,9.92874479665741,0 76.2672794072195,9.92856581220049,0 76.2666991871742,9.92845394708645,0 76.265995077773,9.92834004763583,0 76.2656172122285,9.92828919990684,0 76.2653900794971,9.92822818244463,0 76.2647646921593,9.92801665509529,0 76.2636451622449,9.92766071958991,0 76.2639632763482,9.92683901428943,0 76.2641470474008,9.92644443269256,0 76.2638352565388,9.92629392202476,0 76.2636060594788,9.92620849687688,0 76.2632756851685,9.92609052979014,0 76.263001061203,9.92602544329271,0 76.2616481831137,9.92555951278806,0 76.2615072608019,9.92552037234081,0 76.2610848918199,9.92540306069496,0 76.2601371305676,9.92501661287389,0 76.2599698786347,9.92542746718394,0 76.2597592650231,9.9259461201296,0 76.2597097094605,9.92608239342562,0 76.2596828660031,9.92613731012147,0 76.2596704773371,9.92642002627943,0 76.2594586204571,9.92748094170157,0 76.2594412802772,9.92752088714108,0 76.2593541697457,9.92776241523524,0 76.258981657262,9.92870708918141,0 76.2585118006392,9.92858654096889,0 76.2583283323189,9.9307949755143,0 76.2586979378543,9.93107768764938,0 76.2586605131412,9.93113425464604,0 76.2582152820353,9.93179527141525,0 76.2585798552085,9.93190967756875,0 76.2585508180652,9.93204315224883,0 76.2585217818203,9.93211942296448,0 76.258473386881,9.93222111810928,0 76.2584185393431,9.93229738878345,0 76.2583830504994,9.93235777016366,0 76.2582701295733,9.93264378586563,0 76.2581507560484,9.93292980131757,0 76.2580929404767,9.93302412275882,0 76.25799315292,9.93298300114092,0 76.2579635660078,9.93297080879655,0 76.2579398657557,9.93296104182497,0 76.2578905859758,9.93294073363728,0 76.257731594052,9.93287768277224,0 76.2574855993946,9.93281312676491,0 76.2574487109758,9.93280344650393,0 76.2571782174639,9.93366682997805,0 76.2570625863206,9.93400844124298,0 76.2570480497826,9.93405660345811,0 76.2570004759035,9.93417375449957,0 76.256983296522,9.93420499488818,0 76.2569700814059,9.93424404581218,0 76.256983296522,9.93445882271386,0 76.2569806536785,9.93452911396522,0 76.2569846179438,9.93459159467159,0 76.2569872607874,9.93463455037153,0 76.2569872607874,9.93467360035938,0 76.2569304360575,9.93489488589553,0 76.256872290804,9.9351200769831,0 76.2568233955031,9.93536479198291,0 76.2567705350385,9.93565506645729,0 76.2566833167093,9.93618484865178,0 76.2566449927827,9.93650506008247,0 76.2565960974817,9.93672894846243,0 76.2565273799558,9.9371116395854,0 76.2564760457288,9.93737656544613,0 76.2565462212205,9.93737894919922,0 76.256741531133,9.93739456658633,0 76.2567975581589,9.93739904651994,0 76.2568557141921,9.93740369634235,0 76.2570488950973,9.93741914383942,0 76.2571090453905,9.93745186425141,0 76.2571473738087,9.93746216022181,0 76.2574330955612,9.93751707500784,0 76.2574330955612,9.93758686124472,0 76.2578047663235,9.9376257586881,0 76.2578512253933,9.93759143762294,0 76.2579383359248,9.93755025198609,0 76.2580300916445,9.93753309145001,0 76.2582199200371,9.93755010864242,0 76.2584195481511,9.93750541992881,0 76.2585483989022,9.93747503106916,0 76.2586336939384,9.93747503106916,0 76.2591545416317,9.93751793241529,0 76.2592561707348,9.93750363167226,0 76.2593269480977,9.9374839688132,0 76.2598986098934,9.93758586049375,0 76.2599385355161,9.9375822848664,0 76.2601799038498,9.93761267371609,0 76.2608786009014,9.93767345140698,0 76.2618298754648,9.93776212445213,0 76.2632226100066,9.93824620944801,0 76.2633944783817,9.93778469309826,0</coordinates></LinearRing></outerBoundaryIs></Polygon></Placemark><Placemark><Style><LineStyle><color>ff0000ff</color></LineStyle><PolyStyle><fill>0</fill></PolyStyle></Style><ExtendedData><SchemaData schemaUrl="#wards"><SimpleData name="ward_id">6</SimpleData><SimpleData name="ward_name">Kochangadi</SimpleData><SimpleData name="Ward_Name">6 - Kochangadi</SimpleData><SimpleData name="Corporation">Kochi Corporation</SimpleData><SimpleData name="ac">Kochi</SimpleData><SimpleData name="AC_NAME">Kochi</SimpleData><SimpleData name="mla_name">Mohammad Shiyas</SimpleData></SchemaData></ExtendedData><Polygon><outerBoundaryIs><LinearRing><coordinates>76.2609309933437,9.95502444924203,0 76.2609701455171,9.95502265311828,0 76.2610017751983,9.95502362815689,0 76.2610227481652,9.95502509159959,0 76.2610418185003,9.95502642320861,0 76.261106386708,9.95503136210649,0 76.2611065663711,9.95500526345444,0 76.261106286995,9.95498680673273,0 76.2610850669914,9.95477619387561,0 76.2610776406189,9.95472728795053,0 76.2610716605341,9.95469864903944,0 76.2610417556183,9.95458915968447,0 76.2610316351983,9.95455495807838,0 76.2610011850051,9.95440821629232,0 76.2609811956934,9.9542641261622,0 76.260981727496,9.95421658627959,0 76.2609853710628,9.95419147852973,0 76.2610539457567,9.95392881456096,0 76.261186632314,9.95353106270307,0 76.2612327841601,9.95320717924562,0 76.2612979281879,9.95290627892267,0 76.261306826899,9.95284428570095,0 76.2613046287215,9.95282350095886,0 76.2612842621174,9.95277926823437,0 76.2612491775157,9.95273398702036,0 76.2612266333953,9.95267496668183,0 76.2612015362629,9.95252047323077,0 76.2611987730451,9.95242984878887,0 76.2612025297996,9.95237936226451,0 76.2613049619965,9.95206133856705,0 76.2613066148967,9.95194264465501,0 76.2612443221216,9.95157923209734,0 76.2611632141329,9.95120712066284,0 76.2611425465931,9.95098585767287,0 76.2611544941864,9.95084785612022,0 76.2612140120656,9.95057920908457,0 76.261250953485,9.95047775677774,0 76.26119471266,9.94974066603704,0 76.2612287282666,9.94948449561163,0 76.2613644412481,9.94795487734751,0 76.2613792356025,9.94771854472815,0 76.2615029920076,9.94716881811369,0 76.2615384907327,9.9469259780185,0 76.2615523499409,9.94674926243849,0 76.2615576562893,9.94629187424774,0 76.2615584800444,9.9462209104124,0 76.2610978518145,9.94619479955365,0 76.2609794358938,9.94615256915054,0 76.2608528533888,9.94613648146076,0 76.2606711466646,9.94613849264323,0 76.2606599177236,9.94618172819685,0 76.2604210449098,9.9461867557099,0 76.2602424005425,9.9461907780742,0 76.2599718818778,9.94618575056121,0 76.259859591569,9.94619178322287,0 76.2597493422325,9.94619781588441,0 76.2595594689242,9.94622596977815,0 76.2594328864192,9.94621993711713,0 76.259431865933,9.94619178322287,0 76.2593808245568,9.9461907780742,0 76.2592123886444,9.94620686576131,0 76.2588602041373,9.94620585972789,0 76.2588579071451,9.94639963480458,0 76.2588861879069,9.94722692897652,0 76.2588599409309,9.94807281354276,0 76.2588567653864,9.9482979698929,0 76.2588639932312,9.94843349948487,0 76.2588695142769,9.94847482443478,0 76.2588752284604,9.94849541125674,0 76.2589466526104,9.94862832616102,0 76.2589740871591,9.9486793795419,0 76.2589903313944,9.94871676972346,0 76.258767612086,9.94863578597181,0 76.2585222812836,9.94855523841025,0 76.2581211853059,9.94835962421129,0 76.257899219684,9.9482867478696,0 76.2573073107602,9.94820620022194,0 76.2573462518294,9.94859743045607,0 76.25736961701,9.94883523564289,0 76.2574163464727,9.94920728695859,0 76.2574935836208,9.94958154101439,0 76.2574957332893,9.94960287454177,0 76.257543180506,9.95007383894503,0 76.2575616354952,9.95028691547206,0 76.2575800895861,9.95049999186011,0 76.2576108479014,9.9510251083266,0 76.2576354536553,9.95164514875886,0 76.2576357698623,9.95171613884456,0 76.2576364121578,9.95186030796141,0 76.2576370535549,9.9520044761298,0 76.2576375045091,9.95210563420943,0 76.2576293019923,9.95257823718593,0 76.2576313528461,9.95302862315042,0 76.2576321236006,9.95303545554074,0 76.2576600603076,9.95328310083769,0 76.2577482326477,9.95385466447503,0 76.2577522669816,9.95388820786841,0 76.2578142713975,9.95440377552271,0 76.2578549516051,9.95499324181134,0 76.2578826412755,9.95499031404081,0 76.2578974724608,9.9549887461927,0 76.2579355861817,9.95498471597365,0 76.2579399924181,9.95498424968926,0 76.2581291937866,9.95496424458356,0 76.2591919798195,9.95493047833357,0 76.2593534187542,9.95493473594439,0 76.2594689870155,9.95494874925246,0 76.2598029420105,9.95500691889665,0 76.2600847623798,9.95504657341605,0 76.2602111607302,9.95505605217088,0 76.2602611106532,9.95505477364942,0 76.2602950804457,9.95505390478568,0 76.2603610113977,9.95505221837602,0 76.2603633101865,9.95505215997989,0 76.2607928629958,9.95504537187126,0 76.2609309933437,9.95502444924203,0</coordinates></LinearRing></outerBoundaryIs></Polygon></Placemark><Placemark><Style><LineStyle><color>ff0000ff</color></LineStyle><PolyStyle><fill>0</fill></PolyStyle></Style><ExtendedData><SchemaData schemaUrl="#wards"><SimpleData name="ward_id">12</SimpleData><SimpleData name="ward_name">Tharebagom</SimpleData><SimpleData name="Ward_Name">12 - Tharebagom</SimpleData><SimpleData name="Corporation">Kochi Corporation</SimpleData><SimpleData name="ac">Kochi</SimpleData><SimpleData name="AC_NAME">Kochi</SimpleData><SimpleData name="mla_name">Mohammad Shiyas</SimpleData></SchemaData></ExtendedData><Polygon><outerBoundaryIs><LinearRing><coordinates>76.2751204959074,9.92516778424252,0 76.2748311979618,9.92511626174915,0 76.2747353037035,9.92510268694322,0 76.2746641014374,9.92510042432804,0 76.274604383234,9.92510042432804,0 76.2744459006549,9.92512135241183,0 76.2744034085454,9.92512135241183,0 76.2743655104201,9.92511569631658,0 76.2743195732715,9.92510268694322,0 76.2742529640915,9.92508345604093,0 76.2742092682394,9.92507526301963,0 76.2741784263808,9.92506973965429,0 76.2740536584726,9.92501726502402,0 76.2736092592066,9.92493855306285,0 76.2735279499953,9.92491645870672,0 76.2733527138362,9.92486812702096,0 76.2732812169228,9.92485155602923,0 76.2731999077115,9.92485155602923,0 76.2730232692822,9.9248667457363,0 76.2729713996594,9.92487088870536,0 76.2727665487403,9.92484137204076,0 76.2728366433836,9.92456734750692,0 76.2726701684935,9.92449830178652,0 76.2722434884964,9.92427927892089,0 76.2722914854821,9.9241775264466,0 76.2723294033702,9.92409714187227,0 76.2725132723392,9.92370734679849,0 76.2725579716094,9.92362257755305,0 76.2722081766209,9.92349319110326,0 76.271867477973,9.92342200287267,0 76.2716568643614,9.92335691672971,0 76.2715536227824,9.92332233932386,0 76.2715123263305,9.92328572846953,0 76.2714627698695,9.92322267574473,0 76.2714090838532,9.92317589499701,0 76.271340943944,9.92313724979563,0 76.2712087945791,9.92309453681272,0 76.2709279767298,9.92302945060469,0 76.2707256222289,9.92299283971758,0 76.2706327049874,9.92298063638261,0 76.2705273981816,9.92296639871544,0 76.2704406748241,9.92296029660509,0 76.2703725349149,9.92294809238402,0 76.2703126550147,9.92292571915737,0 76.2702630985537,9.92289114259089,0 76.2701908290891,9.9228321575704,0 76.2700751979457,9.92277927465318,0 76.2699616320292,9.92274266373811,0 76.2698583904502,9.92271418838249,0 76.2698067696607,9.92267961179365,0 76.2697530836444,9.92263283008351,0 76.2696890732905,9.92259011791968,0 76.2696291933903,9.9225535060986,0 76.2695775726008,9.92252096294242,0 76.2695053031362,9.92249452190219,0 76.2694392284538,9.92249045411773,0 76.2693669589892,9.92250265747096,0 76.2693233619518,9.92249569702027,0 76.2692881785354,9.92248130093883,0 76.2692557017429,9.92245944002475,0 76.2692118576689,9.92242958157982,0 76.2691539396892,9.92238799318503,0 76.2691263344606,9.92236186626588,0 76.2690846553263,9.92231921158383,0 76.269044058662,9.92229255196229,0 76.2688501779692,9.92213536120422,0 76.2688264965817,9.9221253638408,0 76.2688002774534,9.92211703270436,0 76.2687670820088,9.92207829358084,0 76.2687525454708,9.92204314706266,0 76.2687446160418,9.92201190551333,0 76.2687129001224,9.92195853401017,0 76.2686375754875,9.92190125840926,0 76.2685503562599,9.9218700168464,0 76.268369453528,9.92180833364319,0 76.2683281193469,9.92177607003507,0 76.268301054904,9.92175029878892,0 76.2682703819286,9.92171564157425,0 76.2682324927865,9.92167742979189,0 76.2682081349676,9.92164543782917,0 76.2681973084718,9.92161255832822,0 76.2681918961222,9.92158501022911,0 76.2681783639008,9.92155835054784,0 76.2681531041733,9.92154057772071,0 76.2678301373708,9.92142327615271,0 76.2675360388282,9.92132819037115,0 76.2675080724768,9.92131041753156,0 76.2674972468793,9.92129975294245,0 76.2674852184377,9.92127455417706,0 76.2674801061254,9.9212242176973,0 76.2674701824365,9.92119400430225,0 76.2674512378654,9.92117800829766,0 76.2674151516421,9.92116379001953,0 76.2673538065897,9.92114957174082,0 76.2673186231733,9.92113090958537,0 76.2673032862364,9.92110691601601,0 76.26728253695,9.92108381086631,0 76.26725366869,9.92107225873327,0 76.2666510383732,9.92087497779336,0 76.2664466339169,9.9207780628001,0 76.2663997733001,9.92073819706244,0 76.2663812976496,9.92071829073826,0 76.2663657082862,9.92070975958252,0 76.2661629791878,9.92064304029136,0 76.2661341109279,9.92063237656541,0 76.2661007313285,9.92061460280318,0 76.2660885528682,9.92059994028924,0 76.2660725808225,9.92057077896282,0 76.2660397015847,9.92045132589559,0 76.2660308334163,9.92043603776165,0 76.2660164226425,9.92042293440471,0 76.2659920342808,9.92041019473447,0 76.2659584085431,9.92039199444625,0 76.2659521266243,9.92038762666006,0 76.2659462139131,9.92038143866793,0 76.2659377149522,9.92036833530884,0 76.2659233041784,9.92033775991736,0 76.2659148052175,9.9203272041373,0 76.2659044584221,9.92032138071622,0 76.2658580298949,9.92030771987783,0 76.2654316238841,9.92019754738097,0 76.2650129739274,9.92006841442499,0 76.2642885994317,9.91982717797772,0 76.2642081957222,9.91991431615774,0 76.2641915777878,9.91993232622224,0 76.2641750604646,9.91995146805361,0 76.264164858298,9.91996821627022,0 76.2641556281084,9.91998257264227,0 76.2641141214507,9.92006748352637,0 76.2641054167756,9.92009412828597,0 76.2640982652876,9.92012107921341,0 76.2640954670356,9.92013210487373,0 76.2640945345843,9.92014986804355,0 76.2640942237672,9.92016487479764,0 76.2640960886697,9.92018508821029,0 76.2640969079333,9.92021104275062,0 76.2640961488569,9.92025291458473,0 76.2640915943983,9.92027983187353,0 76.2640848642203,9.92029898164853,0 76.2640787314218,9.92030605895062,0 76.2640237473399,9.92036792914716,0 76.2640113658603,9.92038186164238,0 76.2639863378982,9.92039763381027,0 76.2639742124385,9.92040130873236,0 76.2639583553771,9.92040528982415,0 76.2639415667628,9.92041294672274,0 76.2639278863193,9.92042397237324,0 76.2639061228349,9.92044541044883,0 76.2638946190094,9.92045827311652,0 76.2636791248508,9.92068244944102,0 76.2635802041683,9.92078535600321,0 76.2633981515929,9.92097474296341,0 76.2626010458985,9.92180396056664,0 76.2620826200633,9.92163179916801,0 76.2618658520936,9.922331964453,0 76.2617266240044,9.92294319193605,0 76.2608979586975,9.92361807973334,0 76.2605954923481,9.92454169593818,0 76.2601371305676,9.92501661287389,0 76.2610848918199,9.92540306069496,0 76.2615072608019,9.92552037234081,0 76.2616481831137,9.92555951278806,0 76.263001061203,9.92602544329271,0 76.2632756851685,9.92609052979014,0 76.2636060594788,9.92620849687688,0 76.2638352565388,9.92629392202476,0 76.2641470474008,9.92644443269256,0 76.2639632763482,9.92683901428943,0 76.2636451622449,9.92766071958991,0 76.2647646921593,9.92801665509529,0 76.2653900794971,9.92822818244463,0 76.2656172122285,9.92828919990684,0 76.265995077773,9.92834004763583,0 76.2666991871742,9.92845394708645,0 76.2672794072195,9.92856581220049,0 76.2678080055771,9.92874479665741,0 76.2680929529819,9.92882005143652,0 76.2685410236625,9.92891564560719,0 76.2689994177823,9.92906208736677,0 76.2694598762306,9.92920649476789,0 76.2696405912146,9.92927548551889,0 76.2698639240724,9.92936009579568,0 76.2701176514277,9.92943429302646,0 76.270366093096,9.92953842944684,0 76.2706317132474,9.92964646983086,0 76.270786154306,9.92971666743614,0 76.2707927416519,9.92970486253813,0 76.2708194234125,9.92967076716583,0 76.2708650695071,9.92962933277136,0 76.2709657275312,9.9295666086661,0 76.2710207394609,9.92954531984399,0 76.2716704414986,9.92927104706243,0 76.272814805339,9.928891692427,0 76.2742162310812,9.92832654729201,0 76.274664587426,9.92807071491927,0 76.2747998090291,9.92797867145806,0 76.2749732853886,9.92782741378585,0 76.2752177286555,9.92766035591074,0 76.2752987701688,9.92760926562335,0 76.275392777965,9.92757094834501,0 76.2754640943171,9.92754700037561,0 76.2756002438799,9.92751826263304,0 76.2759876207866,9.92745759277893,0 76.2761399777537,9.92738734425188,0 76.2764467874575,9.92722754204748,0 76.2759902097312,9.92625046262507,0 76.2761034729155,9.92575194005289,0 76.2759139176108,9.92569781879001,0 76.2759784525808,9.92547986918911,0 76.2756924667236,9.9254342992662,0 76.2756532139389,9.92541772830309,0 76.2756434007428,9.92539977694166,0 76.2756391948306,9.92537215837149,0 76.2756209707084,9.92535558740527,0 76.2754219022448,9.92530035114006,0 76.2751092813394,9.92526030543924,0 76.2751204959074,9.92516778424252,0</coordinates></LinearRing></outerBoundaryIs></Polygon></Placemark><Placemark><Style><LineStyle><color>ff0000ff</color></LineStyle><PolyStyle><fill>0</fill></PolyStyle></Style><ExtendedData><SchemaData schemaUrl="#wards"><SimpleData name="ward_id">19</SimpleData><SimpleData name="ward_name">Palluruthy Kacheripady</SimpleData><SimpleData name="Ward_Name">19 - Palluruthy Kacheripady</SimpleData><SimpleData name="Corporation">Kochi Corporation</SimpleData><SimpleData name="ac">Thripunithura</SimpleData><SimpleData name="AC_NAME">Thripunithura</SimpleData><SimpleData name="mla_name">Deepak Joy</SimpleData></SchemaData></ExtendedData><Polygon><outerBoundaryIs><LinearRing><coordinates>76.2800188124207,9.90935202639618,0 76.2798580580023,9.90933207159519,0 76.2796389696843,9.90932346758017,0 76.2793397022356,9.9093273125298,0 76.2790957278892,9.90931613430089,0 76.2788631010616,9.90933662801526,0 76.2788043368689,9.90933116632855,0 76.2787751047913,9.90932574800256,0 76.2787653401042,9.90932213843989,0 76.2787271149922,9.90930133323504,0 76.2786796650806,9.90926685257167,0 76.2786564184777,9.9092437058813,0 76.2786398526455,9.90921991851164,0 76.2786282769547,9.90919700455032,0 76.2786218701701,9.90918151413105,0 76.2786072689535,9.90915370659223,0 76.278598602906,9.90914024970357,0 76.27858172985,9.90912077362825,0 76.2785493842115,9.90909118563685,0 76.2785299276008,9.90907689250161,0 76.2785217664064,9.90907292985542,0 76.2784936383583,9.90906207992104,0 76.2782181753663,9.9089938247022,0 76.2779496141306,9.90890626062997,0 76.2778214209463,9.90886645539246,0 76.2777775687874,9.90884345910935,0 76.2777316936225,9.90880550245171,0 76.277681052895,9.90875162616626,0 76.2776077467745,9.90868248685238,0 76.2775966139532,9.90867394122473,0 76.277571440464,9.90866036485279,0 76.2775169082347,9.90864083122948,0 76.2774948060854,9.90863394835694,0 76.27745774519,9.90862851143619,0 76.2774355469211,9.90863046444467,0 76.2773272541152,9.90865563586483,0 76.2773130454624,9.90865834459092,0 76.2772963008655,9.90865966753945,0 76.277279124179,9.90865904986851,0 76.2772206842782,9.90864979807772,0 76.2771922534978,9.90864306741083,0 76.2771749007414,9.9086361482568,0 76.2769264339204,9.90850942745147,0 76.2765538522663,9.90833243627618,0 76.2761377714913,9.90815730775521,0 76.275910818423,9.90809023813677,0 76.2755596355374,9.90802246057095,0 76.2753699104511,9.90797556880888,0 76.2750124618164,9.90785921721256,0 76.2747004014598,9.90776047455551,0 76.2745487128392,9.90771737108978,0 76.274489012602,9.90770326638219,0 76.2743144959935,9.90768763784517,0 76.2742456518051,9.90767731793093,0 76.2740922770467,9.90764176723081,0 76.2740214143438,9.90762115571645,0 76.2736961334811,9.90749778128094,0 76.2733090934427,9.90737631468411,0 76.2732239214756,9.90735462709164,0 76.2729902022966,9.90730759010736,0 76.2729333640919,9.90729357564395,0 76.272866866303,9.90727151903473,0 76.2728168058872,9.90725019336728,0 76.2727359970375,9.90721064278556,0 76.272556551373,9.90711175038189,0 76.2724425830112,9.90706397622467,0 76.2723060453762,9.90702083461582,0 76.2719542678059,9.90691650255102,0 76.2717913592274,9.90688346228708,0 76.271646298377,9.90684660624347,0 76.2714303838069,9.90677118270762,0 76.2713093421106,9.90672740037777,0 76.2712095779101,9.90670038640476,0 76.2710350190807,9.90666360644378,0 76.2710233679315,9.9066611516735,0 76.2707457417963,9.90659232783578,0 76.2704942018386,9.9065159414472,0 76.2702793014665,9.90644091693488,0 76.2701506249885,9.90640033886172,0 76.2700493237706,9.90637040108089,0 76.270007860232,9.90661838787294,0 76.269948599271,9.90683234221283,0 76.2698565650735,9.90708891680099,0 76.269791259349,9.90723816200543,0 76.2685827063899,9.90873451367638,0 76.2681732039778,9.9095235031279,0 76.2679566614853,9.90997722606761,0 76.2683742056159,9.91016911737765,0 76.2693495406558,9.91052875488241,0 76.2693109607093,9.91066064101223,0 76.2696921751732,9.91075177257224,0 76.2699601417241,9.91079105371441,0 76.2707815863727,9.91091832316684,0 76.2713366598784,9.91106130589817,0 76.2723176084905,9.91138183745444,0 76.2736013154046,9.91181274757849,0 76.2741820088621,9.91197969141761,0 76.2752137994244,9.91224238110219,0 76.2754430863158,9.9123332175491,0 76.2756524350996,9.91247069997809,0 76.2765197378451,9.91297643879656,0 76.2769608654469,9.91317529696438,0 76.277200120943,9.91325876810523,0 76.2775814351199,9.91337169940664,0 76.2775231326613,9.91373603399663,0 76.2777009910027,9.91375169410187,0 76.2785541048583,9.91382535242367,0 76.2788606594406,9.91384701481095,0 76.2789563641544,9.91335685604849,0 76.2790952553754,9.91281249971477,0 76.2792459666289,9.91227105293193,0 76.279355305972,9.91189262103564,0 76.2795237472744,9.91137446086072,0 76.2796537730218,9.91094654203884,0 76.2797394714016,9.91050115541177,0 76.279904958145,9.90980542038571,0 76.2800188124207,9.90935202639618,0</coordinates></LinearRing></outerBoundaryIs></Polygon></Placemark><Placemark><Style><LineStyle><color>ff0000ff</color></LineStyle><PolyStyle><fill>0</fill></PolyStyle></Style><ExtendedData><SchemaData schemaUrl="#wards"><SimpleData name="ward_id">13</SimpleData><SimpleData name="ward_name">Kadebagom</SimpleData><SimpleData name="Ward_Name">13 - Kadebagom</SimpleData><SimpleData name="Corporation">Kochi Corporation</SimpleData><SimpleData name="ac">Kochi</SimpleData><SimpleData name="AC_NAME">Kochi</SimpleData><SimpleData name="mla_name">Mohammad Shiyas</SimpleData></SchemaData></ExtendedData><Polygon><outerBoundaryIs><LinearRing><coordinates>76.2791044667003,9.92566784914679,0 76.2791709204718,9.9256646556528,0 76.2792244079604,9.92569339444296,0 76.2792892411711,9.92572213234571,0 76.2793637986447,9.92572851844768,0 76.2794091824312,9.92571734254796,0 76.2797392135851,9.92555292935682,0 76.2797785049973,9.92554252063328,0 76.2798261282838,9.9255115962012,0 76.2801281697301,9.92524553606397,0 76.2802788908651,9.92512026844488,0 76.2804190343376,9.9249493431852,0 76.2805788733728,9.92468365158278,0 76.2807621692166,9.92436204110434,0 76.2808391332769,9.92425542804675,0 76.2809357722385,9.92416456216453,0 76.2810082743668,9.9241198070272,0 76.2811591455205,9.92404987102933,0 76.281294394073,9.92400884738984,0 76.2817830964522,9.92389284924082,0 76.282473235254,9.92371942710879,0 76.2826374185419,9.92364305621481,0 76.2826448880335,9.92363542151361,0 76.2825274656494,9.92326987857162,0 76.2819740216877,9.92240575092323,0 76.281570720346,9.92199305404281,0 76.2815628888333,9.92183491808937,0 76.2814650003151,9.92146850418491,0 76.2809230197548,9.92148716012696,0 76.2808900417024,9.9213338182156,0 76.2808699940002,9.92117830473301,0 76.2806645061756,9.92117089915869,0 76.2806770358771,9.92101044795683,0 76.2801916123487,9.92085283360967,0 76.2801486360472,9.92060679547915,0 76.2801456078264,9.92025090324313,0 76.2801499844185,9.92020908096226,0 76.2801612115629,9.92011745118706,0 76.2801531923024,9.92007321580888,0 76.2801355502885,9.92004635867525,0 76.2800881381061,9.92002058817792,0 76.2799778761932,9.92001071374891,0 76.2798976853844,9.92001071374891,0 76.279812483773,9.920015650521,0 76.2797272812632,9.92003293055008,0 76.27970222186,9.92003786732184,0 76.2796721507559,9.92004527292177,0 76.2796445850531,9.92004033526523,0 76.2795794302455,9.9199144426963,0 76.2795418411408,9.91980089245987,0 76.2795418411408,9.91976139737031,0 76.2795418411408,9.91970462223047,0 76.279519287139,9.91962316142213,0 76.2794716746323,9.91955651270057,0 76.2793889784222,9.91949973752526,0 76.2793263290159,9.91946271034714,0 76.2791745784116,9.91925350724301,0 76.2790312441232,9.9190639042602,0 76.2789517099829,9.9189855589816,0 76.2787926408039,9.91887105362927,0 76.2786274531996,9.91879270830455,0 76.2782297807014,9.91867820288483,0 76.2777138009786,9.91856763517969,0 76.277680121342,9.91847442541871,0 76.2771300155199,9.91833539960632,0 76.2765527590167,9.91822436190912,0 76.2755599436596,9.91797786697116,0 76.2755270410657,9.91796969766418,0 76.2750800160241,9.91785871116669,0 76.2750217764476,9.91799879727979,0 76.2749139274095,9.91825821424369,0 76.2748104810147,9.91852761166283,0 76.2745066968367,9.91931873047383,0 76.2742834259628,9.91990017038535,0 76.2742063397316,9.92007326978683,0 76.2737400476238,9.92107078275026,0 76.2730815187402,9.92262970558036,0 76.2725579716094,9.92362257755305,0 76.2725132723392,9.92370734679849,0 76.2723294033702,9.92409714187227,0 76.2722914854821,9.9241775264466,0 76.2722434884964,9.92427927892089,0 76.2726701684935,9.92449830178652,0 76.2728366433836,9.92456734750692,0 76.2727665487403,9.92484137204076,0 76.2729713996594,9.92487088870536,0 76.2730232692822,9.9248667457363,0 76.2731999077115,9.92485155602923,0 76.2732812169228,9.92485155602923,0 76.2733527138362,9.92486812702096,0 76.2735279499953,9.92491645870672,0 76.2736092592066,9.92493855306285,0 76.2740536584726,9.92501726502402,0 76.2741784263808,9.92506973965429,0 76.2742092682394,9.92507526301963,0 76.2742529640915,9.92508345604093,0 76.2743195732715,9.92510268694322,0 76.2743655104201,9.92511569631658,0 76.2744034085454,9.92512135241183,0 76.2744459006549,9.92512135241183,0 76.274604383234,9.92510042432804,0 76.2746641014374,9.92510042432804,0 76.2747353037035,9.92510268694322,0 76.2748311979618,9.92511626174915,0 76.2751204959074,9.92516778424252,0 76.2751092813394,9.92526030543924,0 76.2754219022448,9.92530035114006,0 76.2756209707084,9.92535558740527,0 76.2756391948306,9.92537215837149,0 76.2756434007428,9.92539977694166,0 76.2756532139389,9.92541772830309,0 76.2756924667236,9.9254342992662,0 76.2759784525808,9.92547986918911,0 76.2759139176108,9.92569781879001,0 76.2761034729155,9.92575194005289,0 76.2759902097312,9.92625046262507,0 76.2764467874575,9.92722754204748,0 76.2769982784818,9.92695592546135,0 76.2773360324522,9.92678957768927,0 76.2780414668684,9.92644213911629,0 76.2785053703559,9.92620360090206,0 76.2788818695628,9.92590056708407,0 76.2789918907272,9.92572730794643,0 76.2790526006708,9.92568700745543,0 76.2791044667003,9.92566784914679,0</coordinates></LinearRing></outerBoundaryIs></Polygon></Placemark><Placemark><Style><LineStyle><color>ff0000ff</color></LineStyle><PolyStyle><fill>0</fill></PolyStyle></Style><ExtendedData><SchemaData schemaUrl="#wards"><SimpleData name="ward_id">17</SimpleData><SimpleData name="ward_name">Perumpadappu</SimpleData><SimpleData name="Ward_Name">17 - Perumpadappu</SimpleData><SimpleData name="Corporation">Kochi Corporation</SimpleData><SimpleData name="ac">Kochi</SimpleData><SimpleData name="AC_NAME">Kochi</SimpleData><SimpleData name="mla_name">Mohammad Shiyas</SimpleData></SchemaData></ExtendedData><Polygon><outerBoundaryIs><LinearRing><coordinates>76.2840434481499,9.91290373067085,0 76.2842879785534,9.91287114142626,0 76.2848858513924,9.91289540903391,0 76.2851077289794,9.91290441558654,0 76.2852238676709,9.91217951650724,0 76.2853452264725,9.91170132981631,0 76.2856252834488,9.91129211218883,0 76.2857513089983,9.91095186299803,0 76.2857793148757,9.91029435354598,0 76.2859703568922,9.90961826403144,0 76.2859603496599,9.90956042081462,0 76.2859578164108,9.90951670345573,0 76.2859608976322,9.90949127990142,0 76.2859808869439,9.90943254289975,0 76.2860228957599,9.90934977871577,0 76.2860402404314,9.90927681935534,0 76.2860395873562,9.90919264900379,0 76.2860115913603,9.90896099171752,0 76.2859836699247,9.9088879720964,0 76.2859586186064,9.90883870711622,0 76.2859068576797,9.90879678603867,0 76.2858225894178,9.90875603481356,0 76.2857459424629,9.90869568801929,0 76.2857072843629,9.90865371205867,0 76.2856861784453,9.90858807875981,0 76.2855867753675,9.90752564382506,0 76.2855484864752,9.90583371428295,0 76.2860366085427,9.90344617351598,0 76.2861954558378,9.90297673313856,0 76.2861993608143,9.90291851619486,0 76.2861970611272,9.90287337763661,0 76.2861876988853,9.90282787979013,0 76.28614715073,9.90272934446272,0 76.2860986273316,9.90266186047172,0 76.2860849388033,9.90265016167591,0 76.2860191201408,9.90259391187761,0 76.2859536536178,9.90256389322069,0 76.28590509788,9.90254832638414,0 76.2858028965502,9.90252959945486,0 76.2844741705656,9.90247268947656,0 76.2841282239599,9.90244775297404,0 76.2838554747783,9.90249302344568,0 76.2832553822022,9.90258599439298,0 76.2830078657988,9.90260704426484,0 76.2829277351771,9.90260879819953,0 76.2828137704086,9.90260879819953,0 76.2827176129439,9.90259827282136,0 76.2826552887278,9.90257020632449,0 76.2825537898805,9.902519336014,0 76.2824665356186,9.90245618637744,0 76.2824095536836,9.9024105778566,0 76.2823721595132,9.90235795270041,0 76.2825135237962,9.90188661700838,0 76.2825080593444,9.90188429671225,0 76.282019445,9.90176739783666,0 76.2819791187286,9.90192393377452,0 76.2819233046034,9.90214059199079,0 76.2818257852928,9.90265294478585,0 76.281737132354,9.90324389538978,0 76.2815984693051,9.90402598056444,0 76.2815478222894,9.90420800399046,0 76.2814297998307,9.90455679352253,0 76.2812309793022,9.90506273745736,0 76.2810985900872,9.90545584839005,0 76.2810021343818,9.90566078788756,0 76.2808224632402,9.90600359468371,0 76.2806749437008,9.9062830566539,0 76.2805765970419,9.90652153060941,0 76.2805104028835,9.9066966600037,0 76.2804503253539,9.906952581627,0 76.2804388924953,9.90703916130505,0 76.2804309693545,9.90726862357924,0 76.2804349156535,9.90753299749746,0 76.2804302201596,9.90770174166849,0 76.2804120562245,9.90785176532163,0 76.2803452709747,9.90816941784092,0 76.2802182006845,9.90871087139588,0 76.2800438484677,9.90925232405704,0 76.2800188124207,9.90935202639618,0 76.279904958145,9.90980542038571,0 76.2797394714016,9.91050115541177,0 76.2796537730218,9.91094654203884,0 76.2795237472744,9.91137446086072,0 76.279355305972,9.91189262103564,0 76.2792459666289,9.91227105293193,0 76.2790952553754,9.91281249971477,0 76.2789563641544,9.91335685604849,0 76.2788606594406,9.91384701481095,0 76.2793596340551,9.91388227016625,0 76.2800753937072,9.91391431952057,0 76.2803462276805,9.91391373902536,0 76.2806002173439,9.91388896709934,0 76.2814125440924,9.91372825748032,0 76.2824021344976,9.91347281014285,0 76.2826965815865,9.91337152154122,0 76.2831459620107,9.91318251600481,0 76.2834639467567,9.91305042736155,0 76.2836191397052,9.91299079282017,0 76.2838224077927,9.91294103556491,0 76.2840434481499,9.91290373067085,0</coordinates></LinearRing></outerBoundaryIs></Polygon></Placemark><Placemark><Style><LineStyle><color>ff0000ff</color></LineStyle><PolyStyle><fill>0</fill></PolyStyle></Style><ExtendedData><SchemaData schemaUrl="#wards"><SimpleData name="ward_id">18</SimpleData><SimpleData name="ward_name">Konam</SimpleData><SimpleData name="Ward_Name">18 - Konam</SimpleData><SimpleData name="Corporation">Kochi Corporation</SimpleData><SimpleData name="ac">Kochi</SimpleData><SimpleData name="AC_NAME">Kochi</SimpleData><SimpleData name="mla_name">Mohammad Shiyas</SimpleData></SchemaData></ExtendedData><Polygon><outerBoundaryIs><LinearRing><coordinates>76.2800188124207,9.90935202639618,0 76.2800438484677,9.90925232405704,0 76.2802182006845,9.90871087139588,0 76.2803452709747,9.90816941784092,0 76.2804120562245,9.90785176532163,0 76.2804302201596,9.90770174166849,0 76.2804349156535,9.90753299749746,0 76.2804309693545,9.90726862357924,0 76.2804388924953,9.90703916130505,0 76.2804503253539,9.906952581627,0 76.2805104028835,9.9066966600037,0 76.2805765970419,9.90652153060941,0 76.2806749437008,9.9062830566539,0 76.2808224632402,9.90600359468371,0 76.2810021343818,9.90566078788756,0 76.2810985900872,9.90545584839005,0 76.2812309793022,9.90506273745736,0 76.2814297998307,9.90455679352253,0 76.2815478222894,9.90420800399046,0 76.2815984693051,9.90402598056444,0 76.281737132354,9.90324389538978,0 76.2818257852928,9.90265294478585,0 76.2819233046034,9.90214059199079,0 76.2819791187286,9.90192393377452,0 76.2817222068456,9.90194397043999,0 76.2816118038972,9.90194046167852,0 76.2815227691744,9.90192467446393,0 76.2814604449583,9.90190713242517,0 76.2813856557193,9.9018790658692,0 76.2813037446368,9.90183696603074,0 76.2812182708358,9.9017720614388,0 76.2811238947304,9.90169137049315,0 76.2808843095525,9.90145664869094,0 76.2807339234891,9.90138614503992,0 76.2806448887664,9.90136334114843,0 76.2805220207951,9.90133702848743,0 76.280449012017,9.90133001183648,0 76.2803760041372,9.90133001183648,0 76.2803364504169,9.90132779241902,0 76.2800058416463,9.90128566773167,0 76.2796655086127,9.90124230324438,0 76.2792951242379,9.90120195726645,0 76.278671882077,9.90116512005332,0 76.2783225030084,9.90110229050299,0 76.2782538591443,9.90108994653337,0 76.2782263994427,9.9010817139753,0 76.2780041230038,9.90102303210408,0 76.2766686048574,9.90077393933756,0 76.2758799460217,9.90061036052177,0 76.2758542775608,9.90060554115416,0 76.2751572729352,9.90047467397024,0 76.2749573600552,9.90043713845971,0 76.2746588426998,9.90021852960029,0 76.2744273252915,9.90004898602142,0 76.2743837983227,9.90002080868921,0 76.2743539508991,9.90000733195735,0 76.2742867937468,9.89997670422598,0 76.2742270988995,9.89994485085135,0 76.2741736221906,9.89991789826579,0 76.2741350700919,9.89989094567801,0 76.2740965170948,9.89987134339233,0 76.2740604515328,9.89984071564828,0 76.2740231418041,9.89981253741327,0 76.2739659343919,9.89977700886954,0 76.2739286255615,9.89975618182091,0 76.2738689307142,9.89973290437356,0 76.273778145175,9.8997194285148,0 76.2736152276134,9.89969125026938,0 76.2735766746164,9.89970717741186,0 76.2735667257746,9.89971697811728,0 76.2735542894978,9.89974025556576,0 76.2735455839243,9.89976108261541,0 76.2735319034809,9.89979048561086,0 76.2734611791186,9.89994084561782,0 76.2733397933675,9.90011992180955,0 76.2732609877609,9.90023618057667,0 76.2731780220562,9.90033048487962,0 76.2730604110259,9.90043107663721,0 76.2730321473321,9.90044275161878,0 76.2729947675349,9.90045263106167,0 76.2729519169975,9.9004553256965,0 76.2728926551382,9.9004553256965,0 76.2728461583391,9.90046969619685,0 76.2728178946453,9.90049035329218,0 76.2727868964798,9.90052987105626,0 76.2727204337252,9.90048782414097,0 76.2725829941817,9.90070705935639,0 76.272240837568,9.90132612962581,0 76.2721897036654,9.90141864604709,0 76.2720522578337,9.90170988066138,0 76.2720068749455,9.90185677527352,0 76.271970568635,9.90204582273299,0 76.271971864904,9.90207009202645,0 76.2719731611729,9.90210458052561,0 76.2719848311868,9.9021633383077,0 76.2719943955496,9.90224464328062,0 76.2719847575249,9.90235104668783,0 76.2719718900568,9.90243000388912,0 76.2719456538606,9.90259099868222,0 76.2718240453273,9.90291696933567,0 76.2714532010151,9.90344067898886,0 76.2714091143959,9.90349943653171,0 76.271366324944,9.9035237057177,0 76.2713442811852,9.9035441431584,0 76.2713235345937,9.90356713538831,0 76.2713040851695,9.90361056505316,0 76.2713001945661,9.90364633034289,0 76.2713040851695,9.90368337346595,0 76.2713222383248,9.90373446659802,0 76.2713352046076,9.90385581330792,0 76.2713326111714,9.90388774683148,0 76.2713196448886,9.90390690729808,0 76.2712768554366,9.90399504348324,0 76.2712638882555,9.90403464046884,0 76.2712522182417,9.90407934702259,0 76.2712496257037,9.90414832359498,0 76.2712729648331,9.90419686275408,0 76.2712924151557,9.90423773666544,0 76.2713028338164,9.9042712639058,0 76.2713118645799,9.9043003266852,0 76.2713079748747,9.90433481494999,0 76.2713027880023,9.90435780623956,0 76.2712872282832,9.90438590798063,0 76.2712742620004,9.90441017710103,0 76.2712478946502,9.90442245634611,0 76.2712029456483,9.90444338840491,0 76.271169232774,9.90447148925374,0 76.2711432993101,9.9045276918291,0 76.2711420021428,9.90458006266346,0 76.2711432993101,9.9046362652202,0 76.2711482813667,9.90466914730868,0 76.271169232774,9.90480742849844,0 76.2711834953258,9.90486873969198,0 76.2711873859293,9.904918555692,0 76.271186088762,9.90495304389181,0 76.2711666393378,9.90499647337324,0 76.2711484861825,9.90501307899593,0 76.2711251461548,9.9050271289538,0 76.2711095864358,9.90503096156486,0 76.2710288296884,9.90503704100091,0 76.2710126474368,9.90503622421499,0 76.2709864283087,9.90503802680757,0 76.2709717435487,9.90504186030341,0 76.2709490979187,9.90505997649101,0 76.2706285251264,9.90563897098285,0 76.2704534758169,9.90595702562984,0 76.2703769734907,9.90603622000761,0 76.2702628667883,9.90613585164557,0 76.270156541293,9.90622015551982,0 76.2701124546738,9.90626358483353,0 76.2700493237706,9.90637040108089,0 76.2702793014665,9.90644091693488,0 76.2704942018386,9.9065159414472,0 76.2707457417963,9.90659232783578,0 76.2710233679315,9.9066611516735,0 76.2710350190807,9.90666360644378,0 76.2712095779101,9.90670038640476,0 76.2713093421106,9.90672740037777,0 76.2714303838069,9.90677118270762,0 76.271646298377,9.90684660624347,0 76.2717913592274,9.90688346228708,0 76.2719542678059,9.90691650255102,0 76.2723060453762,9.90702083461582,0 76.2724425830112,9.90706397622467,0 76.272556551373,9.90711175038189,0 76.2727359970375,9.90721064278556,0 76.2728168058872,9.90725019336728,0 76.272866866303,9.90727151903473,0 76.2729333640919,9.90729357564395,0 76.2729902022966,9.90730759010736,0 76.2732239214756,9.90735462709164,0 76.2733090934427,9.90737631468411,0 76.2736961334811,9.90749778128094,0 76.2740214143438,9.90762115571645,0 76.2740922770467,9.90764176723081,0 76.2742456518051,9.90767731793093,0 76.2743144959935,9.90768763784517,0 76.274489012602,9.90770326638219,0 76.2745487128392,9.90771737108978,0 76.2747004014598,9.90776047455551,0 76.2750124618164,9.90785921721256,0 76.2753699104511,9.90797556880888,0 76.2755596355374,9.90802246057095,0 76.275910818423,9.90809023813677,0 76.2761377714913,9.90815730775521,0 76.2765538522663,9.90833243627618,0 76.2769264339204,9.90850942745147,0 76.2771749007414,9.9086361482568,0 76.2771922534978,9.90864306741083,0 76.2772206842782,9.90864979807772,0 76.277279124179,9.90865904986851,0 76.2772963008655,9.90865966753945,0 76.2773130454624,9.90865834459092,0 76.2773272541152,9.90865563586483,0 76.2774355469211,9.90863046444467,0 76.27745774519,9.90862851143619,0 76.2774948060854,9.90863394835694,0 76.2775169082347,9.90864083122948,0 76.277571440464,9.90866036485279,0 76.2775966139532,9.90867394122473,0 76.2776077467745,9.90868248685238,0 76.277681052895,9.90875162616626,0 76.2777316936225,9.90880550245171,0 76.2777775687874,9.90884345910935,0 76.2778214209463,9.90886645539246,0 76.2779496141306,9.90890626062997,0 76.2782181753663,9.9089938247022,0 76.2784936383583,9.90906207992104,0 76.2785217664064,9.90907292985542,0 76.2785299276008,9.90907689250161,0 76.2785493842115,9.90909118563685,0 76.27858172985,9.90912077362825,0 76.278598602906,9.90914024970357,0 76.2786072689535,9.90915370659223,0 76.2786218701701,9.90918151413105,0 76.2786282769547,9.90919700455032,0 76.2786398526455,9.90921991851164,0 76.2786564184777,9.9092437058813,0 76.2786796650806,9.90926685257167,0 76.2787271149922,9.90930133323504,0 76.2787653401042,9.90932213843989,0 76.2787751047913,9.90932574800256,0 76.2788043368689,9.90933116632855,0 76.2788631010616,9.90933662801526,0 76.2790957278892,9.90931613430089,0 76.2793397022356,9.9093273125298,0 76.2796389696843,9.90932346758017,0 76.2798580580023,9.90933207159519,0 76.2800188124207,9.90935202639618,0</coordinates></LinearRing></outerBoundaryIs></Polygon></Placemark><Placemark><Style><LineStyle><color>ff0000ff</color></LineStyle><PolyStyle><fill>0</fill></PolyStyle></Style><ExtendedData><SchemaData schemaUrl="#wards"><SimpleData name="ward_id">21</SimpleData><SimpleData name="ward_name">Pullardesam</SimpleData><SimpleData name="Ward_Name">21 - Pullardesam</SimpleData><SimpleData name="Corporation">Kochi Corporation</SimpleData><SimpleData name="ac">Thripunithura</SimpleData><SimpleData name="AC_NAME">Thripunithura</SimpleData><SimpleData name="mla_name">Deepak Joy</SimpleData></SchemaData></ExtendedData><Polygon><outerBoundaryIs><LinearRing><coordinates>76.2730815187402,9.92262970558036,0 76.2737400476238,9.92107078275026,0 76.2742063397316,9.92007326978683,0 76.2742834259628,9.91990017038535,0 76.2745066968367,9.91931873047383,0 76.2748104810147,9.91852761166283,0 76.2749139274095,9.91825821424369,0 76.2750217764476,9.91799879727979,0 76.2750800160241,9.91785871116669,0 76.2755270410657,9.91796969766418,0 76.2755599436596,9.91797786697116,0 76.275623280277,9.91783408731557,0 76.2756498551381,9.91775869462371,0 76.2756859970569,9.9176236160074,0 76.2757263916003,9.9174906309889,0 76.2758745489434,9.91716890195205,0 76.2760937944666,9.91671732863828,0 76.2759640894177,9.91667646690102,0 76.2755913658299,9.91655904413092,0 76.2754360327443,9.91648829595585,0 76.2753508239463,9.91645532833282,0 76.2749844532442,9.91633611799619,0 76.2747942520507,9.91628182970232,0 76.2745121011015,9.91622068877259,0 76.2738145853345,9.91610042974966,0 76.2725620481642,9.9158586417457,0 76.2722679630964,9.91580463211499,0 76.2721408577718,9.91577271656481,0 76.2713109393152,9.91553948969614,0 76.2711339900688,9.9154903894213,0 76.2711141444875,9.91548336422415,0 76.2708940464632,9.91539319409286,0 76.270796437321,9.91534376992366,0 76.2706679746421,9.91527473022346,0 76.2702342886842,9.91501165980771,0 76.2697582696185,9.91478579741096,0 76.2696949060516,9.91475458879584,0 76.2693433288056,9.91456484870543,0 76.2690880599413,9.9144187438055,0 76.2689582578742,9.91433652774835,0 76.2688562990895,9.91428431067473,0 76.2688279338861,9.91426823115223,0 76.2688025115635,9.9142542594615,0 76.2687840466929,9.91424635110731,0 76.268766920312,9.91424107975594,0 76.2685179486377,9.91417254156209,0 76.2679300578781,9.91404691663376,0 76.267403677461,9.91395352772194,0 76.2670953064852,9.91391264351764,0 76.2667749906111,9.91388232768482,0 76.2667624168921,9.9139194873437,0 76.2667206380448,9.91404295139292,0 76.2666158908895,9.91447687906703,0 76.266174265621,9.91579410539047,0 76.266075622518,9.91608832615112,0 76.2653906930465,9.91813125735238,0 76.2646720309377,9.91851538338461,0 76.264605476555,9.91855270887729,0 76.2645748709532,9.91858429232352,0 76.2645632126174,9.91861013372492,0 76.2645496103274,9.91864123844092,0 76.2645423231939,9.918672343154,0 76.2645286607167,9.91872877867562,0 76.2644833901179,9.91901570886842,0 76.2644641221534,9.91913783216356,0 76.2643995826918,9.91954688425593,0 76.264380795326,9.9196659624614,0 76.2643686501033,9.91969774047512,0 76.264362577492,9.91971362948084,0 76.264356505779,9.91972951760089,0 76.2643306971809,9.91977138949654,0 76.264319311933,9.91979082954369,0 76.2643139983981,9.91979812011411,0 76.264305459013,9.91980788924814,0 76.2642968953734,9.91981768669823,0 76.2642924550009,9.91982276682467,0 76.2642885994317,9.91982717797772,0 76.2650129739274,9.92006841442499,0 76.2654316238841,9.92019754738097,0 76.2658580298949,9.92030771987783,0 76.2659044584221,9.92032138071622,0 76.2659148052175,9.9203272041373,0 76.2659233041784,9.92033775991736,0 76.2659377149522,9.92036833530884,0 76.2659462139131,9.92038143866793,0 76.2659521266243,9.92038762666006,0 76.2659584085431,9.92039199444625,0 76.2659920342808,9.92041019473447,0 76.2660164226425,9.92042293440471,0 76.2660308334163,9.92043603776165,0 76.2660397015847,9.92045132589559,0 76.2660725808225,9.92057077896282,0 76.2660885528682,9.92059994028924,0 76.2661007313285,9.92061460280318,0 76.2661341109279,9.92063237656541,0 76.2661629791878,9.92064304029136,0 76.2663657082862,9.92070975958252,0 76.2663812976496,9.92071829073826,0 76.2663997733001,9.92073819706244,0 76.2664466339169,9.9207780628001,0 76.2666510383732,9.92087497779336,0 76.26725366869,9.92107225873327,0 76.26728253695,9.92108381086631,0 76.2673032862364,9.92110691601601,0 76.2673186231733,9.92113090958537,0 76.2673538065897,9.92114957174082,0 76.2674151516421,9.92116379001953,0 76.2674512378654,9.92117800829766,0 76.2674701824365,9.92119400430225,0 76.2674801061254,9.9212242176973,0 76.2674852184377,9.92127455417706,0 76.2674972468793,9.92129975294245,0 76.2675080724768,9.92131041753156,0 76.2675360388282,9.92132819037115,0 76.2678301373708,9.92142327615271,0 76.2681531041733,9.92154057772071,0 76.2681783639008,9.92155835054784,0 76.2681918961222,9.92158501022911,0 76.2681973084718,9.92161255832822,0 76.2682081349676,9.92164543782917,0 76.2682324927865,9.92167742979189,0 76.2682703819286,9.92171564157425,0 76.268301054904,9.92175029878892,0 76.2683281193469,9.92177607003507,0 76.268369453528,9.92180833364319,0 76.2685503562599,9.9218700168464,0 76.2686375754875,9.92190125840926,0 76.2687129001224,9.92195853401017,0 76.2687446160418,9.92201190551333,0 76.2687525454708,9.92204314706266,0 76.2687670820088,9.92207829358084,0 76.2688002774534,9.92211703270436,0 76.2688264965817,9.9221253638408,0 76.2688501779692,9.92213536120422,0 76.269044058662,9.92229255196229,0 76.2690846553263,9.92231921158383,0 76.2691263344606,9.92236186626588,0 76.2691539396892,9.92238799318503,0 76.2692118576689,9.92242958157982,0 76.2692557017429,9.92245944002475,0 76.2692881785354,9.92248130093883,0 76.2693233619518,9.92249569702027,0 76.2693669589892,9.92250265747096,0 76.2694392284538,9.92249045411773,0 76.2695053031362,9.92249452190219,0 76.2695775726008,9.92252096294242,0 76.2696291933903,9.9225535060986,0 76.2696890732905,9.92259011791968,0 76.2697530836444,9.92263283008351,0 76.2698067696607,9.92267961179365,0 76.2698583904502,9.92271418838249,0 76.2699616320292,9.92274266373811,0 76.2700751979457,9.92277927465318,0 76.2701908290891,9.9228321575704,0 76.2702630985537,9.92289114259089,0 76.2703126550147,9.92292571915737,0 76.2703725349149,9.92294809238402,0 76.2704406748241,9.92296029660509,0 76.2705273981816,9.92296639871544,0 76.2706327049874,9.92298063638261,0 76.2707256222289,9.92299283971758,0 76.2709279767298,9.92302945060469,0 76.2712087945791,9.92309453681272,0 76.271340943944,9.92313724979563,0 76.2714090838532,9.92317589499701,0 76.2714627698695,9.92322267574473,0 76.2715123263305,9.92328572846953,0 76.2715536227824,9.92332233932386,0 76.2716568643614,9.92335691672971,0 76.271867477973,9.92342200287267,0 76.2722081766209,9.92349319110326,0 76.2725579716094,9.92362257755305,0 76.2730815187402,9.92262970558036,0</coordinates></LinearRing></outerBoundaryIs></Polygon></Placemark><Placemark><Style><LineStyle><color>ff0000ff</color></LineStyle><PolyStyle><fill>0</fill></PolyStyle></Style><ExtendedData><SchemaData schemaUrl="#wards"><SimpleData name="ward_id">20</SimpleData><SimpleData name="ward_name">Nambiapuram</SimpleData><SimpleData name="Ward_Name">20 - Nambiapuram</SimpleData><SimpleData name="Corporation">Kochi Corporation</SimpleData><SimpleData name="ac">Thripunithura</SimpleData><SimpleData name="AC_NAME">Thripunithura</SimpleData><SimpleData name="mla_name">Deepak Joy</SimpleData></SchemaData></ExtendedData><Polygon><outerBoundaryIs><LinearRing><coordinates>76.2771838982673,9.91397924383253,0 76.2772980813264,9.91371621839202,0 76.2774328771281,9.91372808669426,0 76.2775231326613,9.91373603399663,0 76.2775814351199,9.91337169940664,0 76.277200120943,9.91325876810523,0 76.2769608654469,9.91317529696438,0 76.2765197378451,9.91297643879656,0 76.2756524350996,9.91247069997809,0 76.2754430863158,9.9123332175491,0 76.2752137994244,9.91224238110219,0 76.2741820088621,9.91197969141761,0 76.2736013154046,9.91181274757849,0 76.2723176084905,9.91138183745444,0 76.2713366598784,9.91106130589817,0 76.2707815863727,9.91091832316684,0 76.2699601417241,9.91079105371441,0 76.2696921751732,9.91075177257224,0 76.2693109607093,9.91066064101223,0 76.2693495406558,9.91052875488241,0 76.2683742056159,9.91016911737765,0 76.2679566614853,9.90997722606761,0 76.2678372717908,9.91020631639346,0 76.2676553872003,9.91059234984474,0 76.2676459216521,9.91061684769769,0 76.2676310123133,9.9106637709389,0 76.2674837703535,9.91127031070212,0 76.2674400152125,9.91145055144345,0 76.2673682775506,9.91174606895168,0 76.2672258667303,9.91222256894692,0 76.2671928329823,9.9123335918641,0 76.2670213904087,9.91315929171936,0 76.2669443383135,9.91342334055407,0 76.266804194841,9.91379602324802,0 76.2667749906111,9.91388232768482,0 76.2670953064852,9.91391264351764,0 76.267403677461,9.91395352772194,0 76.2679300578781,9.91404691663376,0 76.2685179486377,9.91417254156209,0 76.268766920312,9.91424107975594,0 76.2687840466929,9.91424635110731,0 76.2688025115635,9.9142542594615,0 76.2688279338861,9.91426823115223,0 76.2688562990895,9.91428431067473,0 76.2689582578742,9.91433652774835,0 76.2690880599413,9.9144187438055,0 76.2693433288056,9.91456484870543,0 76.2696949060516,9.91475458879584,0 76.2697582696185,9.91478579741096,0 76.2702342886842,9.91501165980771,0 76.2706679746421,9.91527473022346,0 76.270796437321,9.91534376992366,0 76.2708940464632,9.91539319409286,0 76.2711141444875,9.91548336422415,0 76.2711339900688,9.9154903894213,0 76.2713109393152,9.91553948969614,0 76.2721408577718,9.91577271656481,0 76.2722679630964,9.91580463211499,0 76.2725620481642,9.9158586417457,0 76.2738145853345,9.91610042974966,0 76.2745121011015,9.91622068877259,0 76.2747942520507,9.91628182970232,0 76.2749844532442,9.91633611799619,0 76.2753508239463,9.91645532833282,0 76.2754360327443,9.91648829595585,0 76.2755913658299,9.91655904413092,0 76.2759640894177,9.91667646690102,0 76.2760937944666,9.91671732863828,0 76.276241826944,9.91627240203256,0 76.2763378505597,9.91604231955315,0 76.2765169216267,9.91559749379421,0 76.2769036122206,9.91463114625226,0 76.2771838982673,9.91397924383253,0</coordinates></LinearRing></outerBoundaryIs></Polygon></Placemark><Placemark><Style><LineStyle><color>ff0000ff</color></LineStyle><PolyStyle><fill>0</fill></PolyStyle></Style><ExtendedData><SchemaData schemaUrl="#wards"><SimpleData name="ward_id">22</SimpleData><SimpleData name="ward_name">Mundamveli</SimpleData><SimpleData name="Ward_Name">22 - Mundamveli</SimpleData><SimpleData name="Corporation">Kochi Corporation</SimpleData><SimpleData name="ac">Thripunithura</SimpleData><SimpleData name="AC_NAME">Thripunithura</SimpleData><SimpleData name="mla_name">Deepak Joy</SimpleData></SchemaData></ExtendedData><Polygon><outerBoundaryIs><LinearRing><coordinates>76.2581507560484,9.93292980131757,0 76.2582701295733,9.93264378586563,0 76.2583830504994,9.93235777016366,0 76.2584185393431,9.93229738878345,0 76.258473386881,9.93222111810928,0 76.2585217818203,9.93211942296448,0 76.2585508180652,9.93204315224883,0 76.2585798552085,9.93190967756875,0 76.2582152820353,9.93179527141525,0 76.2586605131412,9.93113425464604,0 76.2586979378543,9.93107768764938,0 76.2583283323189,9.9307949755143,0 76.2585118006392,9.92858654096889,0 76.258981657262,9.92870708918141,0 76.2593541697457,9.92776241523524,0 76.2594412802772,9.92752088714108,0 76.2594586204571,9.92748094170157,0 76.2596704773371,9.92642002627943,0 76.2596828660031,9.92613731012147,0 76.2597097094605,9.92608239342562,0 76.2597592650231,9.9259461201296,0 76.2599698786347,9.92542746718394,0 76.2601371305676,9.92501661287389,0 76.2605954923481,9.92454169593818,0 76.2608979586975,9.92361807973334,0 76.2617266240044,9.92294319193605,0 76.2618658520936,9.922331964453,0 76.2620826200633,9.92163179916801,0 76.2626010458985,9.92180396056664,0 76.2633981515929,9.92097474296341,0 76.2635802041683,9.92078535600321,0 76.2636791248508,9.92068244944102,0 76.2638946190094,9.92045827311652,0 76.2639061228349,9.92044541044883,0 76.2639278863193,9.92042397237324,0 76.2639415667628,9.92041294672274,0 76.2639583553771,9.92040528982415,0 76.2639742124385,9.92040130873236,0 76.2639863378982,9.92039763381027,0 76.2640113658603,9.92038186164238,0 76.2640237473399,9.92036792914716,0 76.2640787314218,9.92030605895062,0 76.2640848642203,9.92029898164853,0 76.2640915943983,9.92027983187353,0 76.2640961488569,9.92025291458473,0 76.2640969079333,9.92021104275062,0 76.2640960886697,9.92018508821029,0 76.2640942237672,9.92016487479764,0 76.2640945345843,9.92014986804355,0 76.2640954670356,9.92013210487373,0 76.2640982652876,9.92012107921341,0 76.2641054167756,9.92009412828597,0 76.2641141214507,9.92006748352637,0 76.2641556281084,9.91998257264227,0 76.264164858298,9.91996821627022,0 76.2641750604646,9.91995146805361,0 76.2641915777878,9.91993232622224,0 76.2642081957222,9.91991431615774,0 76.2642885994317,9.91982717797772,0 76.2642924550009,9.91982276682467,0 76.2642968953734,9.91981768669823,0 76.264305459013,9.91980788924814,0 76.2643139983981,9.91979812011411,0 76.264319311933,9.91979082954369,0 76.2643306971809,9.91977138949654,0 76.264356505779,9.91972951760089,0 76.264362577492,9.91971362948084,0 76.2643686501033,9.91969774047512,0 76.264380795326,9.9196659624614,0 76.2643995826918,9.91954688425593,0 76.2644641221534,9.91913783216356,0 76.2644833901179,9.91901570886842,0 76.2628828959122,9.91870511676343,0 76.2600236419062,9.91778955342093,0 76.2557298224089,9.91636542482221,0 76.2549057340183,9.91900917308959,0 76.253590339931,9.92263527588542,0 76.2531732611277,9.92255043380253,0 76.252695831707,9.92246102130201,0 76.2524907454294,9.92241135308768,0 76.2524210990453,9.92268712263429,0 76.2523471129002,9.92292452457355,0 76.2522613624182,9.92318152280972,0 76.2521487981232,9.92343821733193,0 76.252065554839,9.92360703560796,0 76.2519626582131,9.9238391754171,0 76.2518378624573,9.92420776080341,0 76.2515876511079,9.92507223941513,0 76.2514917029507,9.92553632831416,0 76.2514583916234,9.92569744979945,0 76.2514241334717,9.9258443425121,0 76.2513151426749,9.92615860358953,0 76.2512355717037,9.92634671411791,0 76.2510690851354,9.92681699173575,0 76.2509393234927,9.92732103158935,0 76.2507997684166,9.92784677548676,0 76.2506993870735,9.92824952355928,0 76.2506700076721,9.92845210391898,0 76.2505830920751,9.92888740881599,0 76.2505255558795,9.92912013331314,0 76.2504692440876,9.92934200572747,0 76.2504031388625,9.92963622759087,0 76.2503664911922,9.92980180320474,0 76.2503182750176,9.93014968506471,0 76.2502992379201,9.93044970820657,0 76.2502751073749,9.93079569136252,0 76.2502432495217,9.93098568485226,0 76.2503799865827,9.93105401158702,0 76.2505705399157,9.93112551582084,0 76.2507066499526,9.93118093161342,0 76.2509952031949,9.93133824102317,0 76.2511313132318,9.9314115325999,0 76.2512692378656,9.93150448826471,0 76.2513581629939,9.9315670536098,0 76.2514180518772,9.93160638092291,0 76.2515033469134,9.93164928392358,0 76.2517501599361,9.93176369012814,0 76.2519497880501,9.93185485829035,0 76.2520623056327,9.93192636234916,0 76.2521294529036,9.93197641491561,0 76.2521802670059,9.93201574217952,0 76.2522256373176,9.93204434414481,0 76.2524706357434,9.93215875021125,0 76.2526357820252,9.93219986485394,0 76.2527101885819,9.93220522794082,0 76.252773706659,9.93220701534147,0 76.2530295935643,9.93223204160417,0 76.2531167040957,9.9322481299781,0 76.2531820367697,9.93227673192307,0 76.2532491840406,9.93230712126564,0 76.2532909242603,9.93232320963588,0 76.2533326653782,9.93233751060539,0 76.2537282915142,9.93238756310895,0 76.2542854347383,9.93246443013398,0 76.2546774316805,9.93249481945913,0 76.2547336904718,9.93248945637699,0 76.2548062824315,9.93246264184987,0 76.2548589111308,9.932425102924,0 76.2549224292079,9.93236611165772,0 76.2549768734023,9.93234823588972,0 76.2551347612967,9.93240007667606,0 76.2562333946009,9.93271517914574,0 76.2568499074821,9.93273937803448,0 76.2569490204041,9.93271700547702,0 76.2570667158759,9.93270480250456,0 76.2571658278996,9.9327292093339,0 76.2574487109758,9.93280344650393,0 76.2574855993946,9.93281312676491,0 76.257731594052,9.93287768277224,0 76.2578905859758,9.93294073363728,0 76.2579398657557,9.93296104182497,0 76.2579635660078,9.93297080879655,0 76.25799315292,9.93298300114092,0 76.2580929404767,9.93302412275882,0 76.2581507560484,9.93292980131757,0</coordinates></LinearRing></outerBoundaryIs></Polygon></Placemark><Placemark><Style><LineStyle><color>ff0000ff</color></LineStyle><PolyStyle><fill>0</fill></PolyStyle></Style><ExtendedData><SchemaData schemaUrl="#wards"><SimpleData name="ward_id">24</SimpleData><SimpleData name="ward_name">Moolamkuzhi</SimpleData><SimpleData name="Ward_Name">24 - Moolamkuzhi</SimpleData><SimpleData name="Corporation">Kochi Corporation</SimpleData><SimpleData name="ac">Thripunithura</SimpleData><SimpleData name="AC_NAME">Thripunithura</SimpleData><SimpleData name="mla_name">Deepak Joy</SimpleData></SchemaData></ExtendedData><Polygon><outerBoundaryIs><LinearRing><coordinates>76.2466036056721,9.93119299749028,0 76.2459517512711,9.93317482322877,0 76.2454878325123,9.93438238619252,0 76.2454031474321,9.9346296908014,0 76.244916980997,9.93604949006445,0 76.2445835308551,9.93703711847505,0 76.2447992370161,9.93707494975327,0 76.2450386838533,9.93711850062338,0 76.2453412948315,9.93715017430157,0 76.2453636889332,9.93714678094616,0 76.2453855090115,9.93713773170325,0 76.2454147940898,9.93712189486394,0 76.2454406341289,9.93710775425934,0 76.2454785322541,9.93710549261201,0 76.2456484638615,9.93712871696878,0 76.2457265202731,9.93713843868919,0 76.2458386722414,9.93714197361883,0 76.2461015543278,9.93713401980584,0 76.2465483646721,9.93714904347805,0 76.2468076579889,9.93717732291334,0 76.2474934803858,9.93718190637601,0 76.2475919025033,9.93718877537607,0 76.2478607574881,9.93722289120101,0 76.2480780500738,9.93722289120101,0 76.248208425266,9.93721184488025,0 76.2482602957871,9.93720494048714,0 76.2483388013564,9.93719941732652,0 76.2484355319462,9.93718698977232,0 76.2485586469542,9.93718688005235,0 76.2486731578984,9.93720544661464,0 76.2487876688426,9.9372240131759,0 76.2491907123679,9.93733836611022,0 76.2493155674126,9.93736641458646,0 76.249374709796,9.93737288717528,0 76.2494469945319,9.93737288717528,0 76.249832514621,9.93724990442648,0 76.2499229363425,9.93723255805864,0 76.2500252742163,9.93721460646045,0 76.2501626598609,9.93720908329999,0 76.2503280819255,9.93720770206743,0 76.2504346257115,9.93720770206743,0 76.2506056568568,9.93718837012011,0 76.2506981815344,9.93718560853966,0 76.2508103326044,9.93718975135276,0 76.2509182777622,9.93721046364769,0 76.2510079987978,9.93721046364769,0 76.2510893080091,9.93720355925459,0 76.2512506373493,9.93717555589111,0 76.2513600970667,9.93717025305475,0 76.2514040606167,9.93718262574961,0 76.2514498181023,9.93720648718447,0 76.2515090341475,9.93723653452152,0 76.2515637640062,9.93725686102409,0 76.2516732228252,9.93725597707078,0 76.2519621246139,9.93724802326057,0 76.2520590231886,9.93723653452152,0 76.2520949117826,9.93723034861759,0 76.2521272107086,9.93721178913542,0 76.2521613053669,9.9371817417961,0 76.2522214179307,9.93715788124425,0 76.2523066527798,9.93715257840758,0 76.2527902491349,9.93715346236116,0 76.252853772602,9.93715321726092,0 76.2529106853668,9.9375314288405,0 76.2530010999018,9.93751795984526,0 76.2530915144368,9.93750448996464,0 76.2532785113397,9.93748847352106,0 76.2533203243229,9.93748847352106,0 76.2534492478375,9.93750334586976,0 76.253513128834,9.937515930913,0 76.2535955932787,9.93752622688138,0 76.2536403105153,9.93752622688138,0 76.2536850268535,9.93752622688138,0 76.2537988505865,9.93752393869181,0 76.2541287083656,9.93747588936158,0 76.2541519379005,9.9376143186284,0 76.2543017679068,9.93759601400113,0 76.2543551961066,9.93758800533927,0 76.2544376605514,9.93757542118363,0 76.2545050252145,9.93757542118363,0 76.2545874896593,9.93757999667722,0 76.2546618243507,9.93758686124472,0 76.2547187362172,9.93759486990661,0 76.2547605492004,9.93760173358895,0 76.254811654357,9.93761317453394,0 76.2548685662235,9.93760745406147,0 76.2549463845816,9.93757999667722,0 76.2550160731864,9.93755826064887,0 76.2550729850529,9.93755597245952,0 76.2551357045277,9.93755826064887,0 76.2551844866409,9.93756512433198,0 76.2552251381024,9.93757198889979,0 76.2552913421423,9.93757198889979,0 76.2554016813103,9.93756512433198,0 76.2556281690513,9.93753766782899,0 76.2556264460826,9.93747712990383,0 76.2558084429625,9.93746714274224,0 76.2559904389442,9.93745715558035,0 76.2560925216964,9.93742922479528,0 76.2562116176418,9.93739291459419,0 76.2563817549634,9.93737336321801,0 76.2564760457288,9.93737656544613,0 76.2565273799558,9.9371116395854,0 76.2565960974817,9.93672894846243,0 76.2566449927827,9.93650506008247,0 76.2566833167093,9.93618484865178,0 76.2567705350385,9.93565506645729,0 76.2568233955031,9.93536479198291,0 76.256872290804,9.9351200769831,0 76.2569304360575,9.93489488589553,0 76.2569872607874,9.93467360035938,0 76.2569872607874,9.93463455037153,0 76.2569846179438,9.93459159467159,0 76.2569806536785,9.93452911396522,0 76.256983296522,9.93445882271386,0 76.2569700814059,9.93424404581218,0 76.256983296522,9.93420499488818,0 76.2570004759035,9.93417375449957,0 76.2570480497826,9.93405660345811,0 76.2570625863206,9.93400844124298,0 76.2571782174639,9.93366682997805,0 76.2574487109758,9.93280344650393,0 76.2571658278996,9.9327292093339,0 76.2570667158759,9.93270480250456,0 76.2569490204041,9.93271700547702,0 76.2568499074821,9.93273937803448,0 76.2562333946009,9.93271517914574,0 76.2551347612967,9.93240007667606,0 76.2549768734023,9.93234823588972,0 76.2549224292079,9.93236611165772,0 76.2548589111308,9.932425102924,0 76.2548062824315,9.93246264184987,0 76.2547336904718,9.93248945637699,0 76.2546774316805,9.93249481945913,0 76.2542854347383,9.93246443013398,0 76.2537282915142,9.93238756310895,0 76.2533326653782,9.93233751060539,0 76.2532909242603,9.93232320963588,0 76.2532491840406,9.93230712126564,0 76.2531820367697,9.93227673192307,0 76.2531167040957,9.9322481299781,0 76.2530295935643,9.93223204160417,0 76.252773706659,9.93220701534147,0 76.2527101885819,9.93220522794082,0 76.2526357820252,9.93219986485394,0 76.2524706357434,9.93215875021125,0 76.2522256373176,9.93204434414481,0 76.2521802670059,9.93201574217952,0 76.2521294529036,9.93197641491561,0 76.2520623056327,9.93192636234916,0 76.2519497880501,9.93185485829035,0 76.2517501599361,9.93176369012814,0 76.2515033469134,9.93164928392358,0 76.2514180518772,9.93160638092291,0 76.2513581629939,9.9315670536098,0 76.2512692378656,9.93150448826471,0 76.2511313132318,9.9314115325999,0 76.2509952031949,9.93133824102317,0 76.2507066499526,9.93118093161342,0 76.2505705399157,9.93112551582084,0 76.2503799865827,9.93105401158702,0 76.2502432495217,9.93098568485226,0 76.2497665845673,9.93088776411662,0 76.2493546243645,9.93079480827659,0 76.2488718876971,9.93066610069139,0 76.2487580415062,9.93063311768327,0 76.2485148208465,9.93058086338915,0 76.2484277947567,9.93056793475492,0 76.2481761667641,9.93055433893852,0 76.2481566346949,9.9305539504866,0 76.2480378019559,9.93054211022453,0 76.2479805613059,9.93053101324138,0 76.2479309320815,9.93051751741223,0 76.2476125107543,9.93042493841598,0 76.2472300934462,9.93033000036508,0 76.2471877540503,9.93031866092393,0 76.2470502094039,9.93027803360111,0 76.2470183910765,9.93026863464965,0 76.2470042866282,9.93025867027428,0 76.2469434104963,9.93036469825619,0 76.2468836419872,9.93044244707354,0 76.2468590919289,9.93046085474442,0 76.246825323359,9.93047600348786,0 76.2468027280346,9.93049033196866,0 76.2467872060449,9.9305013537404,0 76.2467666624726,9.93052506169758,0 76.2467547894395,9.93053953794723,0 76.2467415141363,9.93055785358762,0 76.2467352950995,9.93056942042853,0 76.246733361925,9.93058160489867,0 76.2467338083877,9.93059080209391,0 76.2467348989425,9.93059986302105,0 76.2467373809876,9.93061526482686,0 76.2467478903781,9.93065355343342,0 76.2467520405948,9.93069433378971,0 76.2467375714305,9.93079214574603,0 76.2467132441543,9.93085966376327,0 76.2466820097318,9.93095462555158,0 76.2466036056721,9.93119299749028,0</coordinates></LinearRing></outerBoundaryIs></Polygon></Placemark><Placemark><Style><LineStyle><color>ff0000ff</color></LineStyle><PolyStyle><fill>0</fill></PolyStyle></Style><ExtendedData><SchemaData schemaUrl="#wards"><SimpleData name="ward_id">23</SimpleData><SimpleData name="ward_name">Manassery</SimpleData><SimpleData name="Ward_Name">23 - Manassery</SimpleData><SimpleData name="Corporation">Kochi Corporation</SimpleData><SimpleData name="ac">Thripunithura</SimpleData><SimpleData name="AC_NAME">Thripunithura</SimpleData><SimpleData name="mla_name">Deepak Joy</SimpleData></SchemaData></ExtendedData><Polygon><outerBoundaryIs><LinearRing><coordinates>76.2470810054484,9.92986382822701,0 76.2470727616091,9.92990151610286,0 76.247064883384,9.93000437287026,0 76.2470587451957,9.93011107077166,0 76.2470532394213,9.93014816222517,0 76.2470202964032,9.93023078665692,0 76.2470042866282,9.93025867027428,0 76.2470183910765,9.93026863464965,0 76.2471877540503,9.93031866092393,0 76.2472300934462,9.93033000036508,0 76.2476125107543,9.93042493841598,0 76.2479309320815,9.93051751741223,0 76.2479805613059,9.93053101324138,0 76.2480378019559,9.93054211022453,0 76.2481566346949,9.9305539504866,0 76.2481761667641,9.93055433893852,0 76.2484277947567,9.93056793475492,0 76.2485148208465,9.93058086338915,0 76.2487580415062,9.93063311768327,0 76.2488718876971,9.93066610069139,0 76.2493546243645,9.93079480827659,0 76.2497665845673,9.93088776411662,0 76.2502432495217,9.93098568485226,0 76.2502751073749,9.93079569136252,0 76.2502992379201,9.93044970820657,0 76.2503182750176,9.93014968506471,0 76.2503664911922,9.92980180320474,0 76.2504031388625,9.92963622759087,0 76.2504692440876,9.92934200572747,0 76.2505255558795,9.92912013331314,0 76.2505830920751,9.92888740881599,0 76.2506700076721,9.92845210391898,0 76.2506993870735,9.92824952355928,0 76.2507997684166,9.92784677548676,0 76.2509393234927,9.92732103158935,0 76.2510690851354,9.92681699173575,0 76.2512355717037,9.92634671411791,0 76.2513151426749,9.92615860358953,0 76.2514241334717,9.9258443425121,0 76.2514583916234,9.92569744979945,0 76.2514917029507,9.92553632831416,0 76.2515876511079,9.92507223941513,0 76.2518378624573,9.92420776080341,0 76.2519626582131,9.9238391754171,0 76.252065554839,9.92360703560796,0 76.2521487981232,9.92343821733193,0 76.2522613624182,9.92318152280972,0 76.2523471129002,9.92292452457355,0 76.2524210990453,9.92268712263429,0 76.2524907454294,9.92241135308768,0 76.252695831707,9.92246102130201,0 76.2531732611277,9.92255043380253,0 76.253590339931,9.92263527588542,0 76.2549057340183,9.91900917308959,0 76.2557298224089,9.91636542482221,0 76.255004529835,9.91612510770964,0 76.2537823197886,9.91574377160837,0 76.2532011089015,9.91552756394116,0 76.2529991370829,9.9154985313583,0 76.2522042376509,9.91519726185756,0 76.2519268325013,9.91510534662868,0 76.2518862052943,9.91534334163333,0 76.2518718196733,9.91545084337309,0 76.2518662617966,9.91553296800634,0 76.2518412509025,9.91571090478863,0 76.2518190184975,9.9157848175203,0 76.2517912291142,9.9158559923671,0 76.2517624183464,9.91591511668726,0 76.2517578809559,9.91592442933084,0 76.251735648551,9.91599560414731,0 76.2517300906743,9.91603940382251,0 76.2517300906743,9.91611057861402,0 76.2517309171244,9.91611736576092,0 76.2517384279385,9.91617901552459,0 76.2517384279385,9.91623924059581,0 76.2517328700618,9.91632136503155,0 76.2517245327977,9.91642538970019,0 76.251696742516,9.91661153869883,0 76.2516578364811,9.91673198778637,0 76.2516272677103,9.91681958693404,0 76.2516087803817,9.91690153690038,0 76.2516035180508,9.91693532123484,0 76.251593919552,9.91704406041738,0 76.2515911410628,9.91715629754382,0 76.2515494556403,9.91738350776708,0 76.2515188868696,9.91754501907526,0 76.2515056232444,9.91760490144254,0 76.2514935489886,9.9176413678096,0 76.2514177877725,9.91787023155699,0 76.2511455263762,9.91869268850708,0 76.250946589965,9.91933158256714,0 76.2508867433024,9.9195237843055,0 76.2506356498075,9.92009971810157,0 76.2504385127218,9.9205518893594,0 76.2502875849742,9.92096650559522,0 76.2500480105761,9.92166519189759,0 76.2496249912139,9.92288748716403,0 76.2492259299203,9.92387776478859,0 76.2491874299239,9.9239767724767,0 76.2491499028029,9.92407328036639,0 76.249012413852,9.92446046109051,0 76.2486629611216,9.92549845057357,0 76.2486415084543,9.92555891284634,0 76.2486271785289,9.92559498279117,0 76.2485199169891,9.92581853530647,0 76.2484984104229,9.92586580589405,0 76.2483638086573,9.92614221671569,0 76.2483202771969,9.92625211201886,0 76.2483123801073,9.9262803817775,0 76.2483040473347,9.9263549017982,0 76.2483071833534,9.9264105891679,0 76.2483135182728,9.9264376608024,0 76.2483237545754,9.9264714246862,0 76.2483440232632,9.92655433320351,0 76.248360722046,9.92662331920426,0 76.2483611963564,9.92664348797496,0 76.2483587035315,9.92666670334075,0 76.2483473560128,9.92670784256477,0 76.2483313345598,9.92676266535985,0 76.2482154689561,9.92708480705431,0 76.2479629139022,9.92775205790402,0 76.2478881543076,9.92794950282495,0 76.2478569836656,9.92800339630576,0 76.2478346317847,9.92802449675231,0 76.2478062504116,9.92803972790075,0 76.2477582965451,9.92807371548969,0 76.2476975506689,9.92813193504442,0 76.2476833590841,9.92815207186713,0 76.2476312109835,9.92827904080147,0 76.2473681725902,9.92895779151993,0 76.2471858621983,9.92946567721478,0 76.2470985800886,9.9297913255973,0 76.2470892492878,9.92982613946194,0 76.2470810054484,9.92986382822701,0</coordinates></LinearRing></outerBoundaryIs></Polygon></Placemark><Placemark><Style><LineStyle><color>ff0000ff</color></LineStyle><PolyStyle><fill>0</fill></PolyStyle></Style><ExtendedData><SchemaData schemaUrl="#wards"><SimpleData name="ward_id">25</SimpleData><SimpleData name="ward_name">Chullikkal</SimpleData><SimpleData name="Ward_Name">25 - Chullikkal</SimpleData><SimpleData name="Corporation">Kochi Corporation</SimpleData><SimpleData name="ac">Thripunithura</SimpleData><SimpleData name="AC_NAME">Thripunithura</SimpleData><SimpleData name="mla_name">Deepak Joy</SimpleData></SchemaData></ExtendedData><Polygon><outerBoundaryIs><LinearRing><coordinates>76.2526257792845,9.94397521497632,0 76.2528388659581,9.94397245345323,0 76.2530673740102,9.94397935681855,0 76.2535521732095,9.94397445757043,0 76.2535183273845,9.94360423010575,0 76.2535088753111,9.94350083964405,0 76.2534964947299,9.94336541506947,0 76.2534844806613,9.94323400133682,0 76.2534833389025,9.94318305239896,0 76.2535703353479,9.94171617951303,0 76.2535921087138,9.94157841117857,0 76.2536037239304,9.94154523460906,0 76.2536292756103,9.94149604090408,0 76.2536583127536,9.94146858384638,0 76.2537428810527,9.94144648883688,0 76.2537576286947,9.94143617971955,0 76.2537628622796,9.94143243070821,0 76.2537761824986,9.94140946945072,0 76.253790395643,9.94128192339646,0 76.2537918823548,9.94116697104341,0 76.2537941119734,9.94114647047289,0 76.2538357390053,9.94108203820396,0 76.2538498623182,9.94105201864997,0 76.2538572958772,9.94078843362805,0 76.2538580854963,9.94065403256164,0 76.253846471178,9.94063458402062,0 76.2538174340348,9.94061856773037,0 76.2537957181611,9.94061111304555,0 76.2537619100654,9.9406020789406,0 76.2537552499559,9.94059411282417,0 76.2537614052122,9.94015875625785,0 76.2537658653476,9.94014850638356,0 76.2537911385498,9.94013752298459,0 76.253823845311,9.94012068289289,0 76.253832022675,9.9401089677382,0 76.2538364828104,9.94008187776865,0 76.2538336953381,9.93987265598997,0 76.2538151109915,9.93935898283618,0 76.2537718463307,9.93906954073813,0 76.2537155875395,9.93864946323187,0 76.253702835954,9.9385264915812,0 76.2536817309347,9.93826673143643,0 76.2536411809828,9.93813106932729,0 76.2536248478143,9.93809353016708,0 76.253595810671,9.93803811554551,0 76.2535849221915,9.93800415199744,0 76.2535722182167,9.93796482545345,0 76.2535722182167,9.93792549890476,0 76.253595810671,9.93767345140698,0 76.2535955932787,9.93752622688138,0 76.253513128834,9.937515930913,0 76.2534492478375,9.93750334586976,0 76.2533203243229,9.93748847352106,0 76.2532785113397,9.93748847352106,0 76.2530915144368,9.93750448996464,0 76.2530010999018,9.93751795984526,0 76.2529106853668,9.9375314288405,0 76.252853772602,9.93715321726092,0 76.2527902491349,9.93715346236116,0 76.2523066527798,9.93715257840758,0 76.2522214179307,9.93715788124425,0 76.2521613053669,9.9371817417961,0 76.2521272107086,9.93721178913542,0 76.2520949117826,9.93723034861759,0 76.2520590231886,9.93723653452152,0 76.2519621246139,9.93724802326057,0 76.2516732228252,9.93725597707078,0 76.2515637640062,9.93725686102409,0 76.2515090341475,9.93723653452152,0 76.2514498181023,9.93720648718447,0 76.2514040606167,9.93718262574961,0 76.2513600970667,9.93717025305475,0 76.2512506373493,9.93717555589111,0 76.2510893080091,9.93720355925459,0 76.2510079987978,9.93721046364769,0 76.2509182777622,9.93721046364769,0 76.2508103326044,9.93718975135276,0 76.2506981815344,9.93718560853966,0 76.2506056568568,9.93718837012011,0 76.2504346257115,9.93720770206743,0 76.2503280819255,9.93720770206743,0 76.2501626598609,9.93720908329999,0 76.2500252742163,9.93721460646045,0 76.2499229363425,9.93723255805864,0 76.249832514621,9.93724990442648,0 76.2494469945319,9.93737288717528,0 76.249374709796,9.93737288717528,0 76.2493155674126,9.93736641458646,0 76.2491907123679,9.93733836611022,0 76.2487876688426,9.9372240131759,0 76.2486731578984,9.93720544661464,0 76.2484741226725,9.9394723661327,0 76.248459165723,9.93986630644213,0 76.2484220392507,9.9401424010543,0 76.2484031225274,9.94023786538562,0 76.2485084670625,9.94114906301782,0 76.2485483432779,9.94138943962334,0 76.2485818387599,9.94179478037388,0 76.2485945993285,9.94198645306659,0 76.2485866240854,9.94204301198275,0 76.2485706735992,9.94212627933192,0 76.2485515331955,9.94219069369852,0 76.2485387726269,9.94225825094946,0 76.2485355827093,9.94233680478427,0 76.2485244175486,9.94240750401581,0 76.2485260129566,9.94242792752753,0 76.2485403680348,9.94246249141159,0 76.2485419634428,9.94250805276887,0 76.2485260129566,9.94282698297687,0 76.2487014674063,9.94284583590153,0 76.2486759462691,9.94322917994187,0 76.2486855169201,9.94338628801071,0 76.2486919129249,9.94353754202739,0 76.2489873248044,9.94352689585914,0 76.2494311913695,9.94354269876498,0 76.2507307023443,9.94370072158775,0 76.2509339183296,9.94370072158775,0 76.2514265167021,9.94359148868354,0 76.2514687824362,9.94384127444203,0 76.2516045906392,9.94379812352149,0 76.2517163033313,9.94378302052099,0 76.2518192547545,9.94377223278947,0 76.251915634103,9.94377223278947,0 76.2520514423059,9.94377223278947,0 76.2521565838218,9.94377654805908,0 76.2523208677209,9.94378086332865,0 76.2524944213355,9.94381972729671,0 76.2524940018223,9.94398211922645,0 76.2526257792845,9.94397521497632,0</coordinates></LinearRing></outerBoundaryIs></Polygon></Placemark><Placemark><Style><LineStyle><color>ff0000ff</color></LineStyle><PolyStyle><fill>0</fill></PolyStyle></Style><ExtendedData><SchemaData schemaUrl="#wards"><SimpleData name="ward_id">26</SimpleData><SimpleData name="ward_name">Nazarat</SimpleData><SimpleData name="Ward_Name">26 - Nazarat</SimpleData><SimpleData name="Corporation">Kochi Corporation</SimpleData><SimpleData name="ac">Thripunithura</SimpleData><SimpleData name="AC_NAME">Thripunithura</SimpleData><SimpleData name="mla_name">Deepak Joy</SimpleData></SchemaData></ExtendedData><Polygon><outerBoundaryIs><LinearRing><coordinates>76.2479098171807,9.94371627673539,0 76.2480772326069,9.94366600210617,0 76.248186460559,9.94364086523107,0 76.2485488068086,9.94354269876498,0 76.2486919129249,9.94353754202739,0 76.2486855169201,9.94338628801071,0 76.2486759462691,9.94322917994187,0 76.2487014674063,9.94284583590153,0 76.2485260129566,9.94282698297687,0 76.2485419634428,9.94250805276887,0 76.2485403680348,9.94246249141159,0 76.2485260129566,9.94242792752753,0 76.2485244175486,9.94240750401581,0 76.2485355827093,9.94233680478427,0 76.2485387726269,9.94225825094946,0 76.2485515331955,9.94219069369852,0 76.2485706735992,9.94212627933192,0 76.2485866240854,9.94204301198275,0 76.2485945993285,9.94198645306659,0 76.2485818387599,9.94179478037388,0 76.2485483432779,9.94138943962334,0 76.2485084670625,9.94114906301782,0 76.2484031225274,9.94023786538562,0 76.2484220392507,9.9401424010543,0 76.248459165723,9.93986630644213,0 76.2484741226725,9.9394723661327,0 76.2486731578984,9.93720544661464,0 76.2485586469542,9.93718688005235,0 76.2484355319462,9.93718698977232,0 76.2483388013564,9.93719941732652,0 76.2482602957871,9.93720494048714,0 76.248208425266,9.93721184488025,0 76.2480780500738,9.93722289120101,0 76.2478607574881,9.93722289120101,0 76.2475919025033,9.93718877537607,0 76.2474934803858,9.93718190637601,0 76.2468076579889,9.93717732291334,0 76.2465483646721,9.93714904347805,0 76.2461015543278,9.93713401980584,0 76.2458386722414,9.93714197361883,0 76.2457265202731,9.93713843868919,0 76.2456484638615,9.93712871696878,0 76.2454785322541,9.93710549261201,0 76.2454406341289,9.93710775425934,0 76.2454147940898,9.93712189486394,0 76.2453855090115,9.93713773170325,0 76.2453636889332,9.93714678094616,0 76.2453412948315,9.93715017430157,0 76.2450386838533,9.93711850062338,0 76.2447992370161,9.93707494975327,0 76.2445835308551,9.93703711847505,0 76.2445634804579,9.93709650353698,0 76.2441888488485,9.9383237298744,0 76.2441727797847,9.93837721462218,0 76.2439274238294,9.93909385683958,0 76.2438945005743,9.93918020150406,0 76.2438903898835,9.93919127872751,0 76.2438554615887,9.93928539396675,0 76.2438354228696,9.93933137163814,0 76.2438153895405,9.93937734930302,0 76.2438075238918,9.93939003337539,0 76.243785200757,9.93943265928744,0 76.2437697991415,9.93945147082076,0 76.243757477849,9.93946178707932,0 76.2437451565566,9.93946967535812,0 76.2437297549411,9.93947756452157,0 76.2437168174043,9.93948545279999,0 76.2437038798676,9.93949576905748,0 76.2436915585752,9.93951336659759,0 76.243685397929,9.93952732305307,0 76.243685397929,9.93953581920986,0 76.2436903260866,9.9395497756644,0 76.2436977192214,9.93956798019629,0 76.2437063439464,9.93958497073788,0 76.2437118883484,9.9395946799976,0 76.2437235942948,9.93961288452699,0 76.2437285224525,9.93963291003904,0 76.2437291386968,9.93964929358271,0 76.2437266746179,9.93967842135529,0 76.2437186652389,9.93970572814198,0 76.2437001833002,9.93977308504976,0 76.2436958713869,9.93978400740763,0 76.2436952551426,9.93979493064994,0 76.2436977192214,9.93980949408765,0 76.2437051123562,9.93982284442112,0 76.2437143533255,9.93983558687504,0 76.2437242096408,9.93984408302382,0 76.2437365309333,9.93985257828754,0 76.2437580940933,9.93986835571094,0 76.2437679504086,9.93987685097402,0 76.2437821204339,9.9398968755851,0 76.2437870485916,9.93991083290904,0 76.2437870485916,9.93991993516507,0 76.243785200757,9.93993146451203,0 76.2437821204339,9.9399490620287,0 76.2437562651234,9.9400192538838,0 76.2437158777666,9.94012889677338,0 76.2434339091753,9.94071397352398,0 76.2434254236891,9.94073479000549,0 76.2434114306319,9.94075791057956,0 76.2433923944327,9.94077644862454,0 76.2433631794231,9.94079697664795,0 76.2433419037239,9.94080492948703,0 76.2433273402365,9.94080816530499,0 76.2433052228159,9.94080954298304,0 76.2432998859248,9.9408092686862,0 76.2432871630854,9.94080861391307,0 76.2432674836925,9.94081224347971,0 76.243254233542,9.94081876820518,0 76.2432471305631,9.94082488767912,0 76.2432350185781,9.94083894052492,0 76.2432160272947,9.94087524857367,0 76.2431974321683,9.94093151126467,0 76.2430518592782,9.94128720669996,0 76.2436182021491,9.94142733233586,0 76.2441845450199,9.94156745702692,0 76.2444191184968,9.94159465659186,0 76.2445904703407,9.94159627228487,0 76.244748885546,9.9409323500818,0 76.2451242690454,9.940980183006,0 76.2451691291141,9.94098294455441,0 76.2452322142032,9.9409857061028,0 76.245272869258,9.94099813439746,0 76.245337355719,9.94101194213847,0 76.2457242780782,9.941038178172,0 76.2457156722178,9.94122133307491,0 76.2456915290962,9.94135212646814,0 76.2456493603801,9.94159603780586,0 76.2454609468341,9.94157836339796,0 76.2454403107354,9.94174715727259,0 76.2454080118094,9.94194864890141,0 76.245565022948,9.94197692792156,0 76.2455695091345,9.94208562781584,0 76.2455742755954,9.94224779320722,0 76.2455756769673,9.94232511979305,0 76.2455700696833,9.94241211306507,0 76.2455616587573,9.94246734644118,0 76.2455490410208,9.94252810287863,0 76.2455350228108,9.94260957214258,0 76.2455350228108,9.94266618669482,0 76.2455350228108,9.94271313454195,0 76.2455420323649,9.94277941488501,0 76.2455560505749,9.94284155247326,0 76.2455644623993,9.94289126182746,0 76.2455658637711,9.94294649600743,0 76.2455350228108,9.94312462316579,0 76.2455280132566,9.94322404266538,0 76.2455280132566,9.94328618016907,0 76.2455308168986,9.94332484334146,0 76.2455350228108,9.94336764924405,0 76.2455462373787,9.94347397381539,0 76.2455704065515,9.94359769570284,0 76.2459938894444,9.94358090533935,0 76.2461114232195,9.94358709112315,0 76.2463111420634,9.94361547618004,0 76.2465660929242,9.94364997711623,0 76.2467775123246,9.94367114556943,0 76.2468902203501,9.94369056738513,0 76.2472821517153,9.94368968433406,0 76.2473782166534,9.94369460570694,0 76.2475089251205,9.94371948244065,0 76.2475557956188,9.94372496478941,0 76.2475426074521,9.94382535475431,0 76.2476699238807,9.94379973300986,0 76.2479098171807,9.94371627673539,0</coordinates></LinearRing></outerBoundaryIs></Polygon></Placemark><Placemark><Style><LineStyle><color>ff0000ff</color></LineStyle><PolyStyle><fill>0</fill></PolyStyle></Style><ExtendedData><SchemaData schemaUrl="#wards"><SimpleData name="ward_id">3</SimpleData><SimpleData name="ward_name">Earaveli</SimpleData><SimpleData name="Ward_Name">3 - Earaveli</SimpleData><SimpleData name="Corporation">Kochi Corporation</SimpleData><SimpleData name="ac">Kochi</SimpleData><SimpleData name="AC_NAME">Kochi</SimpleData><SimpleData name="mla_name">Mohammad Shiyas</SimpleData></SchemaData></ExtendedData><Polygon><outerBoundaryIs><LinearRing><coordinates>76.2525305237285,9.9648094290903,0 76.2524869689119,9.96431073884159,0 76.2524670056513,9.96394789126586,0 76.2524415986001,9.9636708399984,0 76.2523998583805,9.96343847366699,0 76.2523472287829,9.96314176065242,0 76.2523272664207,9.96308098770087,0 76.2522583036546,9.96298625378781,0 76.2522383412924,9.96295050560166,0 76.2522201926287,9.9629093948288,0 76.252211118746,9.96284504736793,0 76.2521751133711,9.96228815392804,0 76.2520171536116,9.9623064571715,0 76.2519683714984,9.9623110332034,0 76.251868485127,9.96233734450079,0 76.2518127338838,9.96235679174928,0 76.2517349155257,9.96237509498889,0 76.2516629047759,9.96237852701212,0 76.2513894010095,9.96238342332976,0 76.2513812245438,9.96214474766595,0 76.2512050523402,9.96215938973637,0 76.2510363136955,9.9621908716454,0 76.2508943349649,9.96222967502737,0 76.2508995389053,9.96226994181493,0 76.2507538438444,9.96228897764923,0 76.2507412072433,9.96225969263459,0 76.250603688648,9.96226847751994,0 76.250507797983,9.96226847751994,0 76.2502547650253,9.96228915460329,0 76.2500986926262,9.96230345426113,0 76.2496871483434,9.96235926291231,0 76.2496012918601,9.96244258878434,0 76.2495314496434,9.96245204343555,0 76.2493365879902,9.96246840902384,0 76.2492980529595,9.96247543763544,0 76.2492657028295,9.96248668305979,0 76.2492347801225,9.96249980242609,0 76.2491990999377,9.96251432857576,0 76.2490725533653,9.96255790525125,0 76.2488910873897,9.9625940144664,0 76.2487778089341,9.96260846275215,0 76.2485242405805,9.96264697676484,0 76.2487394526681,9.96369941441884,0 76.248753926324,9.96390678061875,0 76.2487339630634,9.96414986997197,0 76.2487375931554,9.9645448908905,0 76.2487448524412,9.96471112123371,0 76.2492950202471,9.96463143497554,0 76.2493001810684,9.96468073490556,0 76.2493800314157,9.96494348577361,0 76.2495687710502,9.96549758591085,0 76.2497720283579,9.96604274814437,0 76.2497992509043,9.9660838585222,0 76.2498827313437,9.96616965457677,0 76.2501146628753,9.96633659897729,0 76.2508951712964,9.96687425263736,0 76.2510961064592,9.96702182137332,0 76.2513992501383,9.96728149582509,0 76.2518313182304,9.96764870065266,0 76.2520241218432,9.96778597402415,0 76.2520833567531,9.96782601185876,0 76.2521309773446,9.96786376171148,0 76.2521844055444,9.96791523853504,0 76.2522912601475,9.96802963292179,0 76.2525005325744,9.96821405911455,0 76.2525434891129,9.96813153630481,0 76.2525619710516,9.968096032875,0 76.2526157963068,9.96799262716712,0 76.2526555728092,9.96792705620831,0 76.253032148373,9.96746344246919,0 76.2535138600626,9.96696911459556,0 76.2535790984135,9.96689582834268,0 76.2529765669114,9.96624679500572,0 76.2527864106338,9.96616608014714,0 76.2524234508348,9.96604989789107,0 76.2524688202482,9.96588188101394,0 76.2524924127025,9.9657585489037,0 76.2524996719883,9.96562628065799,0 76.2524797096261,9.96528845827619,0 76.2524833388198,9.9651365277609,0 76.2525305237285,9.96488271404258,0 76.2525305237285,9.9648094290903,0</coordinates></LinearRing></outerBoundaryIs></Polygon></Placemark><Placemark><Style><LineStyle><color>ff0000ff</color></LineStyle><PolyStyle><fill>0</fill></PolyStyle></Style><ExtendedData><SchemaData schemaUrl="#wards"><SimpleData name="ward_id">2</SimpleData><SimpleData name="ward_name">Kalvathy</SimpleData><SimpleData name="Ward_Name">2 - Kalvathy</SimpleData><SimpleData name="Corporation">Kochi Corporation</SimpleData><SimpleData name="ac">Kochi</SimpleData><SimpleData name="AC_NAME">Kochi</SimpleData><SimpleData name="mla_name">Mohammad Shiyas</SimpleData></SchemaData></ExtendedData><Polygon><outerBoundaryIs><LinearRing><coordinates>76.2510036958676,9.96936144711734,0 76.2514158824458,9.96928326253403,0 76.2515614211999,9.96923280692971,0 76.251677430534,9.96917822395119,0 76.2518219685649,9.96907719768453,0 76.2518611243316,9.96904982965235,0 76.2520273369136,9.96889684095643,0 76.2523485214586,9.96850607478128,0 76.2525005325744,9.96821405911455,0 76.2522912601475,9.96802963292179,0 76.2521844055444,9.96791523853504,0 76.2521309773446,9.96786376171148,0 76.2520833567531,9.96782601185876,0 76.2520241218432,9.96778597402415,0 76.2518313182304,9.96764870065266,0 76.2513992501383,9.96728149582509,0 76.2510961064592,9.96702182137332,0 76.2508951712964,9.96687425263736,0 76.2501146628753,9.96633659897729,0 76.2498827313437,9.96616965457677,0 76.2497992509043,9.9660838585222,0 76.2497720283579,9.96604274814437,0 76.2495687710502,9.96549758591085,0 76.2493800314157,9.96494348577361,0 76.2493001810684,9.96468073490556,0 76.2492950202471,9.96463143497554,0 76.2487448524412,9.96471112123371,0 76.2487375931554,9.9645448908905,0 76.2487339630634,9.96414986997197,0 76.248753926324,9.96390678061875,0 76.2487394526681,9.96369941441884,0 76.2485242405805,9.96264697676484,0 76.2483666733847,9.96266700174926,0 76.2478994110964,9.96273704273459,0 76.2478369700994,9.96276120312406,0 76.2477187787574,9.96278243581112,0 76.2475342252722,9.96276229581385,0 76.2474966496422,9.96249042386648,0 76.2474632754327,9.96207827041065,0 76.2474324677101,9.96169898748269,0 76.2474067956559,9.96128936082351,0 76.2473349124669,9.96066733646623,0 76.2465647337732,9.9608342199794,0 76.2457945559778,9.96096317845964,0 76.2457924314622,9.96137333285298,0 76.2457707649958,9.96160311181215,0 76.2457380762009,9.96182541517433,0 76.245668760397,9.96219964060673,0 76.245584052859,9.96255261344421,0 76.2455326952758,9.96286338508612,0 76.2455301278908,9.9629708481993,0 76.2455866076676,9.96357769795221,0 76.2456064245028,9.96387867337294,0 76.2455941274649,9.96449593245895,0 76.2455460136983,9.9649698145539,0 76.2454457293732,9.96577973273378,0 76.2454358766512,9.96614202706586,0 76.2454457293732,9.96629137007597,0 76.2454577632047,9.96636051490651,0 76.2455046157367,9.96649288460165,0 76.2455945272152,9.96666869146221,0 76.2456962883706,9.96682259073502,0 76.2458908050706,9.96703811949071,0 76.246064004749,9.96720476793773,0 76.2464146890696,9.96749737021711,0 76.2467149195122,9.96777631249481,0 76.2468702382249,9.96793434393548,0 76.2469342827147,9.96798557655556,0 76.2470679412492,9.96807264615636,0 76.2471375543956,9.96810848314119,0 76.2475115715574,9.96824503435968,0 76.2478886376012,9.96835960646621,0 76.2477712017425,9.96928207696721,0 76.2477664532479,9.96931937896719,0 76.2478597864093,9.96933081349225,0 76.2479425419082,9.96933651659862,0 76.2485804463712,9.96932785134511,0 76.2496194315406,9.96936831809466,0 76.2506884815259,9.96937101127708,0 76.2509213140678,9.96937159786705,0 76.2510036958676,9.96936144711734,0</coordinates></LinearRing></outerBoundaryIs></Polygon></Placemark><Placemark><Style><LineStyle><color>ff0000ff</color></LineStyle><PolyStyle><fill>0</fill></PolyStyle></Style><ExtendedData><SchemaData schemaUrl="#wards"><SimpleData name="ward_id">4</SimpleData><SimpleData name="ward_name">Karippalam</SimpleData><SimpleData name="Ward_Name">4 - Karippalam</SimpleData><SimpleData name="Corporation">Kochi Corporation</SimpleData><SimpleData name="ac">Kochi</SimpleData><SimpleData name="AC_NAME">Kochi</SimpleData><SimpleData name="mla_name">Mohammad Shiyas</SimpleData></SchemaData></ExtendedData><Polygon><outerBoundaryIs><LinearRing><coordinates>76.2502547650253,9.96228915460329,0 76.250507797983,9.96226847751994,0 76.250603688648,9.96226847751994,0 76.2507412072433,9.96225969263459,0 76.2507538438444,9.96228897764923,0 76.2508995389053,9.96226994181493,0 76.2508943349649,9.96222967502737,0 76.2510363136955,9.9621908716454,0 76.2512050523402,9.96215938973637,0 76.2513812245438,9.96214474766595,0 76.2513894010095,9.96238342332976,0 76.2516629047759,9.96237852701212,0 76.2517349155257,9.96237509498889,0 76.2518127338838,9.96235679174928,0 76.251868485127,9.96233734450079,0 76.2519683714984,9.9623110332034,0 76.2520171536116,9.9623064571715,0 76.2521751133711,9.96228815392804,0 76.2521751133711,9.96214287106724,0 76.252198342906,9.96177680404989,0 76.2522192493976,9.96150682911808,0 76.2522494471642,9.9610538199972,0 76.2522482865409,9.96100577412823,0 76.2522401558893,9.96097603068553,0 76.252205312036,9.96094171207384,0 76.2521774364144,9.96091540066389,0 76.2521669827195,9.96089824135532,0 76.2521646605745,9.96082159601974,0 76.2521797594578,9.96077354923181,0 76.2521995044277,9.96074037372752,0 76.2522273800493,9.96072435842326,0 76.2522599008592,9.96070376706383,0 76.2522819688725,9.96066601638232,0 76.2523063599291,9.96062254562707,0 76.2523783706789,9.96046467875062,0 76.252466642732,9.96032168310765,0 76.2524840646586,9.96028393238189,0 76.2524933568319,9.96026562902499,0 76.2525723367117,9.96013178453495,0 76.2525978892899,9.96008602567699,0 76.2526083420865,9.96004827492401,0 76.2526199573032,9.96000594810248,0 76.2526304100998,9.9599762054534,0 76.2526582857214,9.95993502263881,0 76.2526849998213,9.95991099918045,0 76.2527059063129,9.95988697572032,0 76.2527549920567,9.95979824232279,0 76.2528400607175,9.95956363916914,0 76.2528911020936,9.95937093009954,0 76.2529194583139,9.95913632663865,0 76.2530016909933,9.95855540419468,0 76.2530272112322,9.95806664579383,0 76.2530272112322,9.95774266951059,0 76.2530187050848,9.95758637792432,0 76.2530223342785,9.9574952178253,0 76.2530295935643,9.9574326565593,0 76.2530422975391,9.95735043273312,0 76.2530640744982,9.95721458566574,0 76.2530658899934,9.95709125116346,0 76.2530328831949,9.95672604910752,0 76.2522927845885,9.95673163564259,0 76.2522909699916,9.95694646589207,0 76.2514670513827,9.9569089297786,0 76.2513545338001,9.95689284261871,0 76.2512274976459,9.95687675545804,0 76.2511294986349,9.95687496730751,0 76.2499625825893,9.95687139277604,0 76.2495724002439,9.95687139277604,0 76.2495397339069,9.95685888014596,0 76.2493854761046,9.95679453149181,0 76.2493328474054,9.95677844432629,0 76.2492675147314,9.95676414442632,0 76.2491804042,9.95674448272644,0 76.2489102170137,9.95673304245139,0 76.2488591118572,9.95672846722606,0 76.248804523034,9.95671817097805,0 76.2487348344292,9.95668957205697,0 76.248676761041,9.95666669238743,0 76.2485931350746,9.95664838882763,0 76.2484328513734,9.95664381271632,0 76.2481320307376,9.95663008438198,0 76.2479903565358,9.95663704322127,0 76.2479746117638,9.9566494912705,0 76.2479537115604,9.95665911154451,0 76.2479267324575,9.95666863714615,0 76.2479000695616,9.956677335473,0 76.2477279972689,9.95670438071186,0 76.2475859215202,9.95673384052781,0 76.2475324510995,9.95675227414629,0 76.2475180358341,9.95676118747379,0 76.2475083951145,9.95676845510035,0 76.247497124851,9.95678033334286,0 76.2474901656025,9.95679236819191,0 76.2474781928563,9.95681924796638,0 76.2474729314237,9.95684085707382,0 76.247470017289,9.95693269687036,0 76.2474846185056,9.95735454697743,0 76.247480516798,9.95745102289477,0 76.247430661198,9.95770508924956,0 76.2473953834585,9.95800929865738,0 76.2473954499339,9.95802113438517,0 76.2473900241095,9.9580638038747,0 76.2473844653345,9.95808280102404,0 76.2473809178875,9.95809050835771,0 76.2473671997148,9.95810646451086,0 76.2472867564794,9.95817985802752,0 76.2472628882423,9.9582090646628,0 76.2472562595738,9.95822254076802,0 76.2472493084102,9.95824766413386,0 76.2472442455052,9.95829254820104,0 76.2472489778301,9.95840361830191,0 76.2472538754451,9.95843671175917,0 76.2472566341713,9.95850140603876,0 76.2472412469288,9.95872873087123,0 76.2472354051845,9.95904519617032,0 76.247212037309,9.95933864542443,0 76.2471879768325,9.95957799734176,0 76.2471851210882,9.95965406786412,0 76.247212037309,9.95994568242856,0 76.2472835459006,9.96025012686742,0 76.2473098611485,9.96040683479185,0 76.2473349124669,9.96066733646623,0 76.2474067956559,9.96128936082351,0 76.2474324677101,9.96169898748269,0 76.2474632754327,9.96207827041065,0 76.2474966496422,9.96249042386648,0 76.2475342252722,9.96276229581385,0 76.2477187787574,9.96278243581112,0 76.2478369700994,9.96276120312406,0 76.2478994110964,9.96273704273459,0 76.2483666733847,9.96266700174926,0 76.2485242405805,9.96264697676484,0 76.2487778089341,9.96260846275215,0 76.2488910873897,9.9625940144664,0 76.2490725533653,9.96255790525125,0 76.2491990999377,9.96251432857576,0 76.2492347801225,9.96249980242609,0 76.2492657028295,9.96248668305979,0 76.2492980529595,9.96247543763544,0 76.2493365879902,9.96246840902384,0 76.2495314496434,9.96245204343555,0 76.2496012918601,9.96244258878434,0 76.2496871483434,9.96235926291231,0 76.2500986926262,9.96230345426113,0 76.2502547650253,9.96228915460329,0</coordinates></LinearRing></outerBoundaryIs></Polygon></Placemark><Placemark><Style><LineStyle><color>ff0000ff</color></LineStyle><PolyStyle><fill>0</fill></PolyStyle></Style><ExtendedData><SchemaData schemaUrl="#wards"><SimpleData name="ward_id">8</SimpleData><SimpleData name="ward_name">Panayappilly</SimpleData><SimpleData name="Ward_Name">8 - Panayappilly</SimpleData><SimpleData name="Corporation">Kochi Corporation</SimpleData><SimpleData name="ac">Kochi</SimpleData><SimpleData name="AC_NAME">Kochi</SimpleData><SimpleData name="mla_name">Mohammad Shiyas</SimpleData></SchemaData></ExtendedData><Polygon><outerBoundaryIs><LinearRing><coordinates>76.2510161869416,9.9501010740788,0 76.2514079332539,9.95009264986576,0 76.251471514213,9.95009496097225,0 76.2515872908835,9.95012398783094,0 76.2516645504895,9.95015590003044,0 76.251804263669,9.95021469254502,0 76.251974741452,9.95028909739595,0 76.2520737609492,9.95032026634496,0 76.2521544063055,9.95032931610765,0 76.2524606536639,9.95031725005227,0 76.2526290895763,9.9503112174668,0 76.2528179423985,9.9503112174668,0 76.2528788733276,9.95030367629242,0 76.2529713854289,9.95026282936746,0 76.2530638975301,9.95020784239961,0 76.2531659802823,9.95015756876932,0 76.2533334594889,9.95004759567371,0 76.2536205664436,9.95004916708476,0 76.2541182178397,9.95002088787845,0 76.2542123253488,9.95002402981597,0 76.2543016475325,9.9500350270395,0 76.2544069202023,9.95006173483364,0 76.2544882671429,9.95008215875172,0 76.2546190600516,9.95013714574073,0 76.2547020024001,9.95017956409183,0 76.2547849438503,9.95021412715584,0 76.2548216301482,9.95022198243739,0 76.2549077624142,9.95022198243739,0 76.2549827286214,9.95022041102717,0 76.2550656709698,9.95021726909154,0 76.255193273961,9.95021726909154,0 76.2553176870346,9.95021726909154,0 76.2555170672136,9.95022826630856,0 76.2556998662891,9.95024353358449,0 76.2557023168932,9.94990791879086,0 76.2557028522891,9.94983468267931,0 76.2557077867349,9.94977923554119,0 76.2557357018824,9.94946553866303,0 76.2557518365232,9.94904174860053,0 76.2557580986791,9.9488772621937,0 76.2557580986791,9.94859541132547,0 76.2557580986791,9.94842575830056,0 76.255781989374,9.9480507304823,0 76.2557879622724,9.94801249257744,0 76.2558109753133,9.94794312885093,0 76.2559282467804,9.94772893328016,0 76.2559379881113,9.94769543526426,0 76.255947728544,9.94763124937896,0 76.255947728544,9.9473653850821,0 76.2559432486456,9.94698888548932,0 76.255949221544,9.94643590064937,0 76.2559641533406,9.94574760985127,0 76.2559581543911,9.9455736409865,0 76.2559668348117,9.94543430992341,0 76.2559755161306,9.94529497791612,0 76.2559910920193,9.94478484016721,0 76.2559872301619,9.94468974524816,0 76.2559716219339,9.94430538626393,0 76.2556335050441,9.94431636509874,0 76.2555011167274,9.94431793653735,0 76.2554421001082,9.94430065425151,0 76.2553703229204,9.94427080399355,0 76.2552762163095,9.94422995631432,0 76.2551565885614,9.94418439519708,0 76.2550321557249,9.9441039996119,0 76.2550130350841,9.94399586578882,0 76.254815250313,9.943984868362,0 76.2546015150558,9.9439691574988,0 76.2545440929462,9.94397544149024,0 76.2543829944731,9.94401314720598,0 76.2540592012205,9.94400686321526,0 76.2536572518432,9.94400686321526,0 76.2535521732095,9.94397445757043,0 76.2530673740102,9.94397935681855,0 76.2528388659581,9.94397245345323,0 76.2526257792845,9.94397521497632,0 76.2524940018223,9.94398211922645,0 76.2524944213355,9.94381972729671,0 76.2523208677209,9.94378086332865,0 76.2521565838218,9.94377654805908,0 76.2520514423059,9.94377223278947,0 76.251915634103,9.94377223278947,0 76.2518192547545,9.94377223278947,0 76.2517163033313,9.94378302052099,0 76.2516045906392,9.94379812352149,0 76.2514687824362,9.94384127444203,0 76.2514265167021,9.94359148868354,0 76.2509339183296,9.94370072158775,0 76.2507307023443,9.94370072158775,0 76.2494311913695,9.94354269876498,0 76.2489873248044,9.94352689585914,0 76.2486919129249,9.94353754202739,0 76.2485488068086,9.94354269876498,0 76.248186460559,9.94364086523107,0 76.2480772326069,9.94366600210617,0 76.2479098171807,9.94371627673539,0 76.2476699238807,9.94379973300986,0 76.2475426074521,9.94382535475431,0 76.2474831129291,9.9443135372171,0 76.2473708774176,9.94502281712922,0 76.2472996913212,9.94554545872249,0 76.2472689842098,9.94591676346183,0 76.2472860189626,9.94600671194289,0 76.2472925039006,9.94604096133934,0 76.2472731164601,9.94640377484645,0 76.2472527597375,9.94685603185486,0 76.2472476249673,9.94749072735368,0 76.2472508660889,9.94759032602613,0 76.2477402215433,9.94761062003166,0 76.2477847150993,9.94798144374228,0 76.2477676021931,9.94828147352733,0 76.2477138955155,9.94911882494808,0 76.2477181005294,9.94912903118551,0 76.2477214422622,9.94914079998999,0 76.2477233862165,9.94915233166607,0 76.2477328373916,9.94925320218247,0 76.2477225687496,9.94975640405164,0 76.2477332479217,9.95008856649806,0 76.2477332479217,9.95030751102782,0 76.2477332479217,9.95066792906169,0 76.2477299618844,9.95099159472232,0 76.247724023122,9.951379124926,0 76.2477265635577,9.95140980005269,0 76.2477382200968,9.95147242706328,0 76.2477805864422,9.95162090349054,0 76.2477904059266,9.95167325351911,0 76.2477948903165,9.95172612468587,0 76.2477977200096,9.95191932756234,0 76.247799595692,9.95196791272628,0 76.2478063303617,9.95202832763446,0 76.2478160546246,9.95208682694383,0 76.24782814505,9.95214496878437,0 76.2478354438617,9.95218006782785,0 76.2478355848972,9.95218074381333,0 76.249129622437,9.95211080408376,0 76.2504536295713,9.9520916260881,0 76.2504369658228,9.9518501097725,0 76.2504370421796,9.95179036727843,0 76.2504433492512,9.95167662106454,0 76.250449579966,9.95162261646189,0 76.2504583026074,9.95158211300406,0 76.2504832245684,9.95149128656743,0 76.2504944400347,9.95145569284692,0 76.2505093933909,9.95138941514882,0 76.2505131321791,9.95131208982349,0 76.2505131321791,9.95126544935289,0 76.2505156241057,9.95114271249787,0 76.2505193655889,9.95101743444857,0 76.2505430388915,9.95087391705814,0 76.2505654689259,9.95077204456213,0 76.2505829681076,9.95071021904757,0 76.25067625276,9.95044293360965,0 76.2507017729989,9.95035445246815,0 76.2507048650001,9.95034171661804,0 76.2507426059201,9.9501252053203,0 76.2510161869416,9.9501010740788,0</coordinates></LinearRing></outerBoundaryIs></Polygon></Placemark><Placemark><Style><LineStyle><color>ff0000ff</color></LineStyle><PolyStyle><fill>0</fill></PolyStyle></Style><ExtendedData><SchemaData schemaUrl="#wards"><SimpleData name="ward_id">7</SimpleData><SimpleData name="ward_name">Cheralai</SimpleData><SimpleData name="Ward_Name">7 - Cheralai</SimpleData><SimpleData name="Corporation">Kochi Corporation</SimpleData><SimpleData name="ac">Kochi</SimpleData><SimpleData name="AC_NAME">Kochi</SimpleData><SimpleData name="mla_name">Mohammad Shiyas</SimpleData></SchemaData></ExtendedData><Polygon><outerBoundaryIs><LinearRing><coordinates>76.2530328831949,9.95672604910752,0 76.2530272112322,9.95661712581065,0 76.2533598142628,9.95659462128522,0 76.2538964148129,9.95657059758095,0 76.2540264989509,9.95655458207205,0 76.2540253374292,9.95649280720053,0 76.2542947987768,9.95647907974465,0 76.2543006063851,9.95653742253416,0 76.2547349966222,9.95655572610018,0 76.255018613622,9.95656752383491,0 76.255024058311,9.95650674965882,0 76.2551692422305,9.95652104957007,0 76.2552164271392,9.95656752383491,0 76.2552545372668,9.95657109836974,0 76.2554995356925,9.95658718554549,0 76.2554904618098,9.95671767107425,0 76.2559387175433,9.95678916969326,0 76.2559986055284,9.95680525685825,0 76.2559913462426,9.95687139277604,0 76.2561913893783,9.95688578645852,0 76.256200309649,9.95683087581286,0 76.256541085552,9.9568680323625,0 76.2567396967732,9.95688862396397,0 76.2569928977158,9.95689320007186,0 76.2571679937377,9.95689447593175,0 76.2571617675145,9.95677550683914,0 76.2571464341709,9.95668057821205,0 76.257113577391,9.95657270514083,0 76.2570938629638,9.95651661148361,0 76.2570916728712,9.95645620271472,0 76.2571026251311,9.95636558909802,0 76.2571639576071,9.95609590609283,0 76.257185862127,9.95593841129171,0 76.257196814387,9.95575502663243,0 76.2571836720344,9.95547455577776,0 76.2571836720344,9.95542709127847,0 76.2573413847572,9.95497833752147,0 76.2578549516051,9.95499324181134,0 76.2578142713975,9.95440377552271,0 76.2577522669816,9.95388820786841,0 76.2577482326477,9.95385466447503,0 76.2576600603076,9.95328310083769,0 76.2576321236006,9.95303545554074,0 76.2576313528461,9.95302862315042,0 76.2576293019923,9.95257823718593,0 76.2576375045091,9.95210563420943,0 76.2576370535549,9.9520044761298,0 76.2576364121578,9.95186030796141,0 76.2576357698623,9.95171613884456,0 76.2576354536553,9.95164514875886,0 76.2576108479014,9.9510251083266,0 76.2575800895861,9.95049999186011,0 76.2575616354952,9.95028691547206,0 76.2574470634655,9.95029582101284,0 76.2573162705568,9.95030524770223,0 76.2571487913502,9.95028639520797,0 76.2568584944779,9.9502518321516,0 76.2567420566474,9.95024397687077,0 76.2565490572019,9.9502549740869,0 76.2563863633208,9.95028639520797,0 76.2563066108899,9.95030053435755,0 76.2562507841882,9.95030524770223,0 76.256202933628,9.95030524770223,0 76.2558520247285,9.95027068464782,0 76.2556998662891,9.95024353358449,0 76.2555170672136,9.95022826630856,0 76.2553176870346,9.95021726909154,0 76.255193273961,9.95021726909154,0 76.2550656709698,9.95021726909154,0 76.2549827286214,9.95022041102717,0 76.2549077624142,9.95022198243739,0 76.2548216301482,9.95022198243739,0 76.2547849438503,9.95021412715584,0 76.2547020024001,9.95017956409183,0 76.2546190600516,9.95013714574073,0 76.2544882671429,9.95008215875172,0 76.2544069202023,9.95006173483364,0 76.2543016475325,9.9500350270395,0 76.2542123253488,9.95002402981597,0 76.2541182178397,9.95002088787845,0 76.2536205664436,9.95004916708476,0 76.2533334594889,9.95004759567371,0 76.2531659802823,9.95015756876932,0 76.2530638975301,9.95020784239961,0 76.2529713854289,9.95026282936746,0 76.2528788733276,9.95030367629242,0 76.2528179423985,9.9503112174668,0 76.2526290895763,9.9503112174668,0 76.2524606536639,9.95031725005227,0 76.2521544063055,9.95032931610765,0 76.2520737609492,9.95032026634496,0 76.251974741452,9.95028909739595,0 76.251804263669,9.95021469254502,0 76.2516645504895,9.95015590003044,0 76.2515872908835,9.95012398783094,0 76.251471514213,9.95009496097225,0 76.2514079332539,9.95009264986576,0 76.2510161869416,9.9501010740788,0 76.2507426059201,9.9501252053203,0 76.2507048650001,9.95034171661804,0 76.2507017729989,9.95035445246815,0 76.25067625276,9.95044293360965,0 76.2505829681076,9.95071021904757,0 76.2505654689259,9.95077204456213,0 76.2505430388915,9.95087391705814,0 76.2505193655889,9.95101743444857,0 76.2505156241057,9.95114271249787,0 76.2505131321791,9.95126544935289,0 76.2505131321791,9.95131208982349,0 76.2505093933909,9.95138941514882,0 76.2504944400347,9.95145569284692,0 76.2504832245684,9.95149128656743,0 76.2504583026074,9.95158211300406,0 76.250449579966,9.95162261646189,0 76.2504433492512,9.95167662106454,0 76.2504370421796,9.95179036727843,0 76.2504369658228,9.9518501097725,0 76.2504536295713,9.9520916260881,0 76.249129622437,9.95211080408376,0 76.2478355848972,9.95218074381333,0 76.2478548330988,9.95227330868525,0 76.2478945745669,9.95273260850782,0 76.2478894397968,9.95333694855705,0 76.2478945745669,9.95369601305211,0 76.2479018536157,9.95395351798063,0 76.2479205484551,9.95429047261528,0 76.2479560669431,9.95453904510637,0 76.2479802531838,9.95480165726632,0 76.2479890153511,9.95516128110706,0 76.2479890153511,9.95548638098002,0 76.2480003404119,9.95565675940222,0 76.2480182249709,9.95582586541054,0 76.248054632791,9.95613864396267,0 76.2480686725606,9.95634410913797,0 76.2480639734733,9.95649097746295,0 76.248060274211,9.95651100813389,0 76.2480463745786,9.95655743639129,0 76.2480362909895,9.95658096550126,0 76.2480296290834,9.95659306229269,0 76.2480213834474,9.95660382659629,0 76.2480072574396,9.95662038536121,0 76.2479903565358,9.95663704322127,0 76.2481320307376,9.95663008438198,0 76.2484328513734,9.95664381271632,0 76.2485931350746,9.95664838882763,0 76.248676761041,9.95666669238743,0 76.2487348344292,9.95668957205697,0 76.248804523034,9.95671817097805,0 76.2488591118572,9.95672846722606,0 76.2489102170137,9.95673304245139,0 76.2491804042,9.95674448272644,0 76.2492675147314,9.95676414442632,0 76.2493328474054,9.95677844432629,0 76.2493854761046,9.95679453149181,0 76.2495397339069,9.95685888014596,0 76.2495724002439,9.95687139277604,0 76.2499625825893,9.95687139277604,0 76.2511294986349,9.95687496730751,0 76.2512274976459,9.95687675545804,0 76.2513545338001,9.95689284261871,0 76.2514670513827,9.9569089297786,0 76.2522909699916,9.95694646589207,0 76.2522927845885,9.95673163564259,0 76.2530328831949,9.95672604910752,0</coordinates></LinearRing></outerBoundaryIs></Polygon></Placemark><Placemark><Style><LineStyle><color>ff0000ff</color></LineStyle><PolyStyle><fill>0</fill></PolyStyle></Style><ExtendedData><SchemaData schemaUrl="#wards"><SimpleData name="ward_id">28</SimpleData><SimpleData name="ward_name">Amaravathy</SimpleData><SimpleData name="Ward_Name">28 - Amaravathy</SimpleData><SimpleData name="Corporation">Kochi Corporation</SimpleData><SimpleData name="ac">Kochi</SimpleData><SimpleData name="AC_NAME">Kochi</SimpleData><SimpleData name="mla_name">Mohammad Shiyas</SimpleData></SchemaData></ExtendedData><Polygon><outerBoundaryIs><LinearRing><coordinates>76.2473349124669,9.96066733646623,0 76.2473098611485,9.96040683479185,0 76.2472835459006,9.96025012686742,0 76.247212037309,9.95994568242856,0 76.2471851210882,9.95965406786412,0 76.2471879768325,9.95957799734176,0 76.247212037309,9.95933864542443,0 76.2472354051845,9.95904519617032,0 76.2472412469288,9.95872873087123,0 76.2472566341713,9.95850140603876,0 76.2472538754451,9.95843671175917,0 76.2472489778301,9.95840361830191,0 76.2472442455052,9.95829254820104,0 76.2472493084102,9.95824766413386,0 76.2472562595738,9.95822254076802,0 76.2472628882423,9.9582090646628,0 76.2472867564794,9.95817985802752,0 76.2473671997148,9.95810646451086,0 76.2473809178875,9.95809050835771,0 76.2473844653345,9.95808280102404,0 76.2473900241095,9.9580638038747,0 76.2473954499339,9.95802113438517,0 76.2473953834585,9.95800929865738,0 76.247430661198,9.95770508924956,0 76.247480516798,9.95745102289477,0 76.2474846185056,9.95735454697743,0 76.247470017289,9.95693269687036,0 76.2474729314237,9.95684085707382,0 76.2474781928563,9.95681924796638,0 76.2474901656025,9.95679236819191,0 76.247497124851,9.95678033334286,0 76.2475083951145,9.95676845510035,0 76.2475180358341,9.95676118747379,0 76.2475324510995,9.95675227414629,0 76.2475859215202,9.95673384052781,0 76.2477279972689,9.95670438071186,0 76.2479000695616,9.956677335473,0 76.2479267324575,9.95666863714615,0 76.2479537115604,9.95665911154451,0 76.2479746117638,9.9566494912705,0 76.2479903565358,9.95663704322127,0 76.2480072574396,9.95662038536121,0 76.2480213834474,9.95660382659629,0 76.2480296290834,9.95659306229269,0 76.2480362909895,9.95658096550126,0 76.2480463745786,9.95655743639129,0 76.248060274211,9.95651100813389,0 76.2480639734733,9.95649097746295,0 76.2480686725606,9.95634410913797,0 76.248054632791,9.95613864396267,0 76.2480182249709,9.95582586541054,0 76.2480003404119,9.95565675940222,0 76.2479890153511,9.95548638098002,0 76.2479890153511,9.95516128110706,0 76.2479802531838,9.95480165726632,0 76.2479560669431,9.95453904510637,0 76.2479205484551,9.95429047261528,0 76.2479018536157,9.95395351798063,0 76.2478945745669,9.95369601305211,0 76.2478894397968,9.95333694855705,0 76.2478945745669,9.95273260850782,0 76.2478548330988,9.95227330868525,0 76.2478355848972,9.95218074381333,0 76.2478354438617,9.95218006782785,0 76.24782814505,9.95214496878437,0 76.2478160546246,9.95208682694383,0 76.2478063303617,9.95202832763446,0 76.247799595692,9.95196791272628,0 76.2477977200096,9.95191932756234,0 76.2477948903165,9.95172612468587,0 76.2477904059266,9.95167325351911,0 76.2477805864422,9.95162090349054,0 76.2477382200968,9.95147242706328,0 76.2477265635577,9.95140980005269,0 76.247724023122,9.951379124926,0 76.2477299618844,9.95099159472232,0 76.2477332479217,9.95066792906169,0 76.2477332479217,9.95030751102782,0 76.2469849270355,9.95034189623297,0 76.2465268311564,9.95034491606464,0 76.2464406988903,9.95034226519572,0 76.2463698200178,9.95034845085146,0 76.2463034264334,9.95036435783408,0 76.246228957893,9.95037938089811,0 76.246150900583,9.95038998614212,0 76.2460925819548,9.95039086917512,0 76.2457439044705,9.95039324487006,0 76.2457399788327,9.9504262179214,0 76.2453452069946,9.95044035706494,0 76.2452142137616,9.95045272925742,0 76.2447900939631,9.9504411409999,0 76.2448207597519,9.94997512052471,0 76.2448295219192,9.9490452338523,0 76.2448317120119,9.94901718637829,0 76.24376058063,9.94911211723344,0 76.242590879807,9.94921567757183,0 76.2426200400194,9.95016255375062,0 76.2426078777288,9.95046504659168,0 76.2425840454243,9.95067354755329,0 76.2425686249442,9.95076606064915,0 76.2425237639772,9.95089585570513,0 76.242402500397,9.95114664366669,0 76.2423871679517,9.95120921144615,0 76.2423876557369,9.95181119278702,0 76.242382074504,9.95246801008401,0 76.2423907153988,9.95291423943011,0 76.2423949698199,9.95386954758114,0 76.2423992233428,9.95455879187908,0 76.2424056049746,9.95508881682575,0 76.2424268743856,9.95567750060932,0 76.2424523982178,9.95625361405156,0 76.2424614505409,9.95646065053465,0 76.2424693485289,9.95690473678283,0 76.2427369656351,9.95700871757664,0 76.2428397095474,9.95705808236309,0 76.2429700191626,9.95711731868131,0 76.2430213911187,9.95713829868734,0 76.2431052183078,9.95715917163314,0 76.24318540193,9.95715890531309,0 76.2435323456658,9.95709543442423,0 76.2438812603053,9.95701197358416,0 76.2442077449105,9.95695551547109,0 76.2446488725122,9.95687696515208,0 76.2448058845491,9.95684505360954,0 76.2450625862264,9.95811168206836,0 76.245245131977,9.95884087140704,0 76.2452983059536,9.95906712453559,0 76.2453536080391,9.95936041627945,0 76.2454230010982,9.95972506505579,0 76.2454936482054,9.95997883943334,0 76.2454972738059,9.95999215355134,0 76.2455448216339,9.96014054381906,0 76.2456705291798,9.96044558972335,0 76.2457556086204,9.96070326628139,0 76.2457945559778,9.96096317845964,0 76.2465647337732,9.9608342199794,0 76.2473349124669,9.96066733646623,0</coordinates></LinearRing></outerBoundaryIs></Polygon></Placemark><Placemark><Style><LineStyle><color>ff0000ff</color></LineStyle><PolyStyle><fill>0</fill></PolyStyle></Style><ExtendedData><SchemaData schemaUrl="#wards"><SimpleData name="ward_id">43</SimpleData><SimpleData name="ward_name">Palarivattom</SimpleData><SimpleData name="Ward_Name">43 - Palarivattom</SimpleData><SimpleData name="Corporation">Kochi Corporation</SimpleData><SimpleData name="ac">Thrikkakara</SimpleData><SimpleData name="AC_NAME">Thrikkakara</SimpleData><SimpleData name="mla_name">Uma Thomas</SimpleData></SchemaData></ExtendedData><Polygon><outerBoundaryIs><LinearRing><coordinates>76.313991107596,9.99905793036068,0 76.3140083525546,9.9989507312894,0 76.31454352658,9.99571378288242,0 76.3148334120239,9.99394376789305,0 76.3151099179599,9.99251193852373,0 76.3153239873904,9.99110645517337,0 76.3155506017939,9.9893125335976,0 76.3151338023667,9.98913152809245,0 76.3149596594573,9.98904449685577,0 76.3148944148182,9.98900808623653,0 76.3148762176455,9.98899518911227,0 76.3148084649101,9.98893851182736,0 76.3146425667384,9.98876345836524,0 76.3145496279374,9.9886521570906,0 76.3144844740282,9.9885614878435,0 76.3144098581641,9.98847603829654,0 76.3143771397248,9.98844503401112,0 76.3143135937999,9.98839390015709,0 76.3141113363171,9.98826182777493,0 76.3140211490558,9.98818786332478,0 76.3139301263613,9.98810236767528,0 76.3138999384762,9.98807212508123,0 76.3137232551312,9.98792982631318,0 76.3135520326447,9.98781928205743,0 76.3134050682643,9.98774153010083,0 76.3132092157694,9.98766846792785,0 76.3131693359606,9.98764849756232,0 76.3130172430982,9.98755668765501,0 76.3128838783128,9.9874561501368,0 76.3126431711392,9.9872573256904,0 76.3125204810343,9.98717273219316,0 76.3124525791786,9.98713339388265,0 76.3123084202367,9.98708664617997,0 76.3121194048195,9.9870409592296,0 76.3117981142733,9.98700063092027,0 76.311528491229,9.98696990782992,0 76.311320551902,9.98693184966075,0 76.3111631464029,9.986883028184,0 76.3109040309525,9.98678053437749,0 76.3108784828658,9.98676742306655,0 76.3108686822461,9.98676054095517,0 76.3108576123068,9.9867478773036,0 76.3108469268465,9.98687416699317,0 76.310817205187,9.98699674618838,0 76.3107190696321,9.98727640783864,0 76.3105822849604,9.98770904210134,0 76.3103981509885,9.98822975563633,0 76.3103113449859,9.98844736784785,0 76.3101272110139,9.98881005365887,0 76.3099851649096,9.9892323225398,0 76.3098773149732,9.98971676553266,0 76.3097668347697,9.99009240363018,0 76.3097010718027,9.99038255066707,0 76.3096563536679,9.99070637506095,0 76.3096221574999,9.99088771675764,0 76.3095777537754,9.99100797477723,0 76.309528569217,9.99109993764692,0 76.3093485872583,9.99134366137579,0 76.3091618230191,9.99166489443883,0 76.3090487116501,9.99197317355824,0 76.3089277094797,9.99232290271006,0 76.3087882936425,9.99260527577327,0 76.3086173128029,9.99292132686234,0 76.308440424642,9.99321794639462,0 76.3084131059759,9.9932931119893,0 76.3083853695932,9.99342486914967,0 76.3083766047309,9.99349607749805,0 76.3083712732297,9.99363957877199,0 76.3083878714012,9.99372588068333,0 76.3084437007979,9.99389279237737,0 76.3084568530319,9.9939860531477,0 76.3084384393652,9.99417775443117,0 76.3083463728284,9.99462074180014,0 76.3082516751261,9.99497046810429,0 76.3081175207215,9.99541086316441,0 76.3080175615866,9.99571654839062,0 76.3079491692508,9.99597819490619,0 76.3079228647826,9.99629683305353,0 76.3079202345155,9.99656884044152,0 76.3079097125486,9.99695483195052,0 76.3078571027139,9.99730196541466,0 76.3077887094798,9.99758692448004,0 76.3076887512432,9.99800141099286,0 76.3076124672075,9.99836149582683,0 76.307512508971,9.99876820951532,0 76.3074390195942,9.99917476080018,0 76.3073855878011,9.99933666865877,0 76.3072006318706,9.99978191463275,0 76.3069304518708,10.0003731946389,0 76.3068450687997,10.0005856101551,0 76.3067115261479,10.0010286020605,0 76.306522460425,10.0018098028296,0 76.3061949903679,10.0024480643891,0 76.3065809569196,10.0027118047842,0 76.3073453037505,10.0031518611449,0 76.3078862260954,10.0034606725496,0 76.3086584125238,10.0037694827759,0 76.3093796420176,10.0040628527941,0 76.3103791731798,10.0044565858696,0 76.3110455263895,10.0046418725341,0 76.3117981142733,10.0048232975751,0 76.3123743143578,10.0049120806262,0 76.3130452552637,10.0050235426482,0 76.3132591099969,10.0036238274094,0 76.3135088578155,10.0021437284117,0 76.3137942831241,10.0002815166012,0 76.313991107596,9.99905793036068,0</coordinates></LinearRing></outerBoundaryIs></Polygon></Placemark><Placemark><Style><LineStyle><color>ff0000ff</color></LineStyle><PolyStyle><fill>0</fill></PolyStyle></Style><ExtendedData><SchemaData schemaUrl="#wards"><SimpleData name="ward_id">58</SimpleData><SimpleData name="ward_name">Konthuruthy</SimpleData><SimpleData name="Ward_Name">58 - Konthuruthy</SimpleData><SimpleData name="Corporation">Kochi Corporation</SimpleData><SimpleData name="ac">Ernakulam</SimpleData><SimpleData name="AC_NAME">Ernakulam</SimpleData><SimpleData name="mla_name">T. J. Vinod</SimpleData></SchemaData></ExtendedData><Polygon><outerBoundaryIs><LinearRing><coordinates>76.3039973006529,9.93781709847181,0 76.3040107628057,9.93777007294082,0 76.30402664502,9.93773096226891,0 76.3040618589791,9.93767546529604,0 76.3040994202361,9.93762574983974,0 76.304141676987,9.93758990773936,0 76.3041686740563,9.93755869067981,0 76.304185107836,9.93752631801963,0 76.30427516035,9.93715107064291,0 76.3042774501557,9.93710546341234,0 76.3042713946124,9.93687681839472,0 76.3042697515937,9.9368589649942,0 76.3042611044108,9.93681006081146,0 76.3042501557441,9.93677123759755,0 76.3041915101291,9.93663184526812,0 76.30414675696,9.93654700769826,0 76.3041030673961,9.93650124907578,0 76.3039843451498,9.93640795859136,0 76.3037574055563,9.9362819440152,0 76.3036077156872,9.93618545388305,0 76.3035570210608,9.93615608069835,0 76.3032812921675,9.93601756852404,0 76.3027778340614,9.93626872183908,0 76.3027112473393,9.93629911611989,0 76.3025913860293,9.93638234334432,0 76.3025473694787,9.93643653982129,0 76.3024923476675,9.93654312590484,0 76.3024886789479,9.93659912831347,0 76.3025033520297,9.93662622653511,0 76.3025290285755,9.93664429230989,0 76.3025583738409,9.93665693755533,0 76.3025712116646,9.93667500332841,0 76.3025675438433,9.93670210154376,0 76.3025363651164,9.93672378011443,0 76.3024556658612,9.93676352356702,0 76.3023804696854,9.93681410718181,0 76.3022997713285,9.93687914286722,0 76.3022484182369,9.93693153242057,0 76.3021695533415,9.93696766305061,0 76.3020998593468,9.93700379367663,0 76.3020723484413,9.93706882932434,0 76.3020521740766,9.93727116177791,0 76.3020411697144,9.93736148869409,0 76.3020063222679,9.93743736353219,0 76.3018706020998,9.93753130319361,0 76.3017073719245,9.93758549948017,0 76.3015954939424,9.93759453278362,0 76.3015074599428,9.93756924059513,0 76.3012885557794,9.93745065644805,0 76.3012412280387,9.93743067769875,0 76.3012171891217,9.93742845852586,0 76.3011347884573,9.93743672556421,0 76.3009091819636,9.93748242477171,0 76.300825464369,9.93750588977752,0 76.3007800230904,9.93752153989754,0 76.3007620828358,9.93752948042855,0 76.3007181704898,9.93755492304244,0 76.3005804812146,9.93765725800427,0 76.3004861913475,9.93775290533757,0 76.3004586642722,9.93777414849891,0 76.3004466915261,9.93778169527143,0 76.3004202828534,9.93779655964329,0 76.3004120911163,9.93780006713591,0 76.3004027809767,9.93780285083207,0 76.3003965188208,9.9378037011601,0 76.3003920299394,9.93780402147099,0 76.3003853806096,9.93780380291632,0 76.3003618510374,9.93780090684589,0 76.300349740849,9.93780005917237,0 76.3003413344146,9.93780070244862,0 76.3003363047474,9.93780153861929,0 76.3003239196745,9.93780576282955,0 76.3002890668381,9.93782424795174,0 76.3002773051961,9.93783372366689,0 76.3002692032906,9.93784543536372,0 76.3002248112442,9.93794840200773,0 76.3001517297025,9.9380842446992,0 76.300109271729,9.93816981185971,0 76.3000575332602,9.9382891363532,0 76.3000033396957,9.93838971645731,0 76.2999665914141,9.9384733307074,0 76.299910538337,9.93862359332809,0 76.2997660524084,9.93901659054297,0 76.2996655291314,9.93924203804847,0 76.2996142434135,9.93933997309509,0 76.2995705727143,9.93940916256594,0 76.2995076133893,9.93949063614649,0 76.2994702937792,9.93953148884212,0 76.2993998667592,9.93959752384705,0 76.2993435001701,9.93964244763999,0 76.299279762904,9.93968509121576,0 76.2991911441013,9.93974017640096,0 76.2989019476652,9.93988479675684,0 76.298836793756,9.93992738278701,0 76.2987770063822,9.93997763056151,0 76.2987436285795,9.94002103327827,0 76.2987203586204,9.940059654365,0 76.2986231950427,9.94026118331194,0 76.2985916327351,9.94034392906539,0 76.2985739440089,9.94037798704721,0 76.2985514762453,9.94041675231896,0 76.298531667495,9.94045092974516,0 76.2984327548974,9.94070044006732,0 76.2984111468215,9.94074911715206,0 76.2983686645934,9.94083209283745,0 76.2983296498623,9.94089619688432,0 76.2982104577972,9.9410587539597,0 76.2981543741773,9.94116618531655,0 76.2981178531695,9.9412471664952,0 76.2980135695448,9.9415393106953,0 76.2978641635433,9.94196759124409,0 76.2978034005992,9.94215073500834,0 76.2977577805558,9.94230537405043,0 76.2977169664992,9.94249432118593,0 76.2976917723487,9.94261095423713,0 76.2976402351026,9.94281089777782,0 76.2975979145712,9.94297508551402,0 76.2975958978534,9.94298591485854,0 76.2974982141511,9.94326520635178,0 76.2974743710668,9.94330856262132,0 76.2973313152562,9.94363553949421,0 76.2972579525418,9.94380896434139,0 76.2971790885447,9.94408897183519,0 76.2971130623714,9.94422807253407,0 76.2970690449224,9.94431117209576,0 76.2970268618333,9.94442136832704,0 76.2969479969379,9.94492718784971,0 76.2971091888358,9.94496156300337,0 76.2977530670955,9.94505987149877,0 76.2984158162644,9.9451711858859,0 76.2988736112079,9.9452711798936,0 76.2994444187057,9.94535985353225,0 76.3001837860835,9.94550890078964,0 76.3008273813738,9.94563153535327,0 76.3018789690084,9.94582774932055,0 76.3025551264311,9.94595038287968,0 76.3031278491372,9.94606169696344,0 76.303196805615,9.94607112996873,0 76.3034132528861,9.94616734996921,0 76.3042962797424,9.94630130370709,0 76.3046497578235,9.94633580701417,0 76.3047300169043,9.94615414234995,0 76.3049223291386,9.94553794132809,0 76.3049327280363,9.94548066985515,0 76.3049357885965,9.9454091431006,0 76.3049194617162,9.94518882470687,0 76.3048563712372,9.94477380383497,0 76.3048362588563,9.94467485110594,0 76.3047545175553,9.94436150148454,0 76.30463525093,9.94398158214075,0 76.3045526158053,9.9436336247418,0 76.3045158046416,9.94344911829873,0 76.3044585918395,9.94311412651905,0 76.3044058634272,9.94291987788359,0 76.3042926757015,9.94261186825998,0 76.304140420244,9.94228193681867,0 76.3039906683911,9.94197492379208,0 76.3039570040259,9.94189002567078,0 76.3039250401714,9.9417850101265,0 76.3039008602189,9.94166497727828,0 76.3038511339764,9.94126964376358,0 76.3038452715708,9.94102709481736,0 76.3038359084306,9.94063977177305,0 76.3037904581688,9.94009135872735,0 76.3037874533042,9.93996890878434,0 76.3037996748836,9.93965765789643,0 76.3038096407934,9.93957938479436,0 76.3038147872417,9.93955483601824,0 76.3038371427158,9.9394692816078,0 76.3040084649152,9.93894010907546,0 76.3041632581134,9.93851769189987,0 76.3042368489998,9.93837271965979,0 76.3042785011846,9.93829812539545,0 76.3042835874457,9.93828595890944,0 76.3042855601461,9.93827936688591,0 76.3042871950799,9.93827189002686,0 76.3042896780233,9.93825613199281,0 76.3042917612165,9.9382358011282,0 76.3042908179854,9.9381977124971,0 76.3042900966383,9.9381895304222,0 76.3042875723723,9.93817164435439,0 76.3042868097026,9.93816753606235,0 76.3042812608091,9.93815118075916,0 76.3042753525895,9.93813848336624,0 76.3042684894607,9.93812706013634,0 76.3042574518608,9.93811183830584,0 76.3042532764914,9.93810803882074,0 76.3042403919553,9.93809786320838,0 76.3042044252079,9.93807742438393,0 76.3040647803004,9.93800548544547,0 76.3040407306036,9.937986479165,0 76.3040176753419,9.93795832013742,0 76.3040080543851,9.93794359646188,0 76.3039952462058,9.93791653020352,0 76.303991519994,9.93789306257268,0 76.3039904851348,9.93786714571272,0 76.3039936463063,9.93783594372185,0 76.3039973006529,9.93781709847181,0</coordinates></LinearRing></outerBoundaryIs></Polygon></Placemark><Placemark><Style><LineStyle><color>ff0000ff</color></LineStyle><PolyStyle><fill>0</fill></PolyStyle></Style><ExtendedData><SchemaData schemaUrl="#wards"><SimpleData name="ward_id">59</SimpleData><SimpleData name="ward_name">Thevara</SimpleData><SimpleData name="Ward_Name">59 - Thevara</SimpleData><SimpleData name="Corporation">Kochi Corporation</SimpleData><SimpleData name="ac">Ernakulam</SimpleData><SimpleData name="AC_NAME">Ernakulam</SimpleData><SimpleData name="mla_name">T. J. Vinod</SimpleData></SchemaData></ExtendedData><Polygon><outerBoundaryIs><LinearRing><coordinates>76.3029759691754,9.93013008370366,0 76.3031685661757,9.92975797970909,0 76.3031896074146,9.92972651148727,0 76.3032066628286,9.92970708618771,0 76.3032533761217,9.92965388317722,0 76.3033012868691,9.92961654302235,0 76.3033348757758,9.92960083235378,0 76.3033584331959,9.92959562318966,0 76.3035364720987,9.92956347449568,0 76.303578294065,9.92955410118465,0 76.303640737757,9.92952050308742,0 76.3036620080663,9.92950414292766,0 76.3037288058925,9.92942832022613,0 76.3037985555828,9.92934914831371,0 76.3041004892313,9.929027158389,0 76.3041411074551,9.92897542856079,0 76.3041732240232,9.92891934255521,0 76.3042901379608,9.92866946133856,0 76.304364933488,9.9285013889567,0 76.3043737046384,9.92847352200204,0 76.3043844484892,9.92841228512838,0 76.3043894898346,9.92835387803271,0 76.3043937730018,9.9281133520397,0 76.3044132619519,9.92780140321787,0 76.30441028763,9.92750701600524,0 76.3044022980139,9.92742285122129,0 76.3043742849501,9.92721589722033,0 76.3043320587418,9.9269503393022,0 76.3043172643874,9.92681067909891,0 76.3043171053856,9.92673231089713,0 76.304338555358,9.92657119965468,0 76.3043612926161,9.92648641345328,0 76.3045063938907,9.92603652273123,0 76.3045077557367,9.92603383980997,0 76.3045097185556,9.92602668122375,0 76.3045103195285,9.92602220467391,0 76.304510161425,9.92601569823555,0 76.3045010264569,9.92596080983512,0 76.304491481857,9.92590345795059,0 76.3044852322776,9.92586590765399,0 76.3044107287028,9.9258390421467,0 76.3043388895312,9.92580798058794,0 76.3042758843921,9.92580117859904,0 76.3040672291079,9.92583747061931,0 76.3039557796221,9.92585399554796,0 76.3039529948447,9.92585634045077,0 76.3039447159711,9.92586125147354,0 76.3038961979626,9.92588392181557,0 76.3038613379397,9.92590350838811,0 76.3036360413647,9.92608347031042,0 76.3035075041257,9.92620178072851,0 76.3029743917338,9.92655156445438,0 76.3025482390478,9.92684248296539,0 76.3024457457655,9.92691952915085,0 76.3021878340575,9.92701483983459,0 76.3021181364696,9.92705252449901,0 76.3020198841337,9.92710564740956,0 76.3018681299362,9.92718769921655,0 76.3012654816531,9.92745960496114,0 76.3012254455375,9.92748036034555,0 76.3011727665326,9.92757791488192,0 76.3007141631053,9.92838740192123,0 76.3004111901061,9.92884803073904,0 76.3006375134554,9.92897192097356,0 76.3003163423851,9.92949918771656,0 76.2999821619129,9.92921484784544,0 76.2999692207829,9.92922799155409,0 76.2994114217887,9.92978287520007,0 76.2992740469239,9.92994477150048,0 76.2989800453994,9.93034408374693,0 76.2985814745859,9.93095499453621,0 76.2982425285511,9.93138792115602,0 76.2980784791122,9.93162495134133,0 76.2980227781747,9.93172358947231,0 76.2979548897938,9.93188745360982,0 76.2977884759891,9.93245009643053,0 76.2977729881353,9.93255078716677,0 76.2977745377291,9.93264842602227,0 76.297779506311,9.93269585932084,0 76.2977872857213,9.93272006882919,0 76.29779954503,9.93273311860294,0 76.2978102071341,9.93274119728684,0 76.2978472446733,9.93276164529322,0 76.2981645970053,9.93284831106026,0 76.2977762076972,9.9336504187044,0 76.2977240245624,9.93375818873705,0 76.2976397895382,9.93390857651779,0 76.2973154033975,9.93456812414764,0 76.2969753488416,9.93522602994759,0 76.2969428729475,9.93527226833367,0 76.2969188987092,9.93530205835899,0 76.2969023274871,9.93531752719157,0 76.2968724378427,9.93533933415628,0 76.2968606366748,9.93534495114174,0 76.2968374799034,9.93535318018451,0 76.2968258628902,9.9353557922419,0 76.2967894460869,9.93536398146646,0 76.2967596660369,9.93537375898444,0 76.296704548106,9.93540882178087,0 76.296664348497,9.93546302107365,0 76.2965986915312,9.93559074813587,0 76.2963271694484,9.93600067159034,0 76.2962641337666,9.93610293713602,0 76.2962062948387,9.93617531094999,0 76.2961305533855,9.93625120287521,0 76.2960688957194,9.93630188921075,0 76.2959135419725,9.93638809923184,0 76.2958090840746,9.93646963550388,0 76.2957806173615,9.93650255333021,0 76.2957318038073,9.93656753775687,0 76.2955506657168,9.93685301179584,0 76.2953958725186,9.93707296948439,0 76.2953187620329,9.93715410209937,0 76.295284218217,9.93719044772051,0 76.2951776393968,9.93730292569481,0 76.2950494884332,9.93741915357264,0 76.2960932912676,9.93783456514645,0 76.2968300948535,9.93809707039543,0 76.2967874742848,9.93827416405383,0 76.2976202978931,9.93856369091523,0 76.2989804182002,9.93920361860709,0 76.2991305311758,9.93884908623109,0 76.2991700372853,9.93872181878559,0 76.2992823545436,9.9384301516484,0 76.2993355743343,9.93833269944932,0 76.2993541020871,9.93830496251798,0 76.2994059878795,9.9382461271583,0 76.2995937294857,9.93807110930985,0 76.2996467264942,9.93800004370325,0 76.2996804645213,9.93794182590449,0 76.299729358924,9.9377980700595,0 76.2997525372549,9.93768183966182,0 76.2998115386028,9.93753655116422,0 76.299857896163,9.93745560446,0 76.3000538618456,9.93707370301562,0 76.3001971494216,9.93667519710832,0 76.3002308640926,9.93655689047683,0 76.3002392920865,9.93649254844205,0 76.3002392920865,9.93643443301637,0 76.3002392920865,9.93640952564377,0 76.3002561498712,9.93637009007267,0 76.3003095879525,9.93635763682657,0 76.3003931995459,9.93632442787306,0 76.3004552345045,9.93626066713301,0 76.3004916468162,9.93619159291016,0 76.3005833504336,9.93596045819412,0 76.3005968359427,9.93585950305475,0 76.3005914415594,9.9357678466908,0 76.300564469643,9.93567884659811,0 76.3005064806965,9.93558586114983,0 76.3007900752384,9.93457156708116,0 76.3007886370356,9.93454692679005,0 76.3007926614881,9.93449015598403,0 76.3008533678384,9.93418718912353,0 76.3008790722319,9.93409657021617,0 76.3008847118553,9.93407972627401,0 76.3009158528529,9.93400680516099,0 76.3011773039231,9.93351802154037,0 76.3013558916965,9.93314609659856,0 76.3013846341923,9.93302098773669,0 76.3013870308975,9.93298337277779,0 76.3013871027627,9.93288624104126,0 76.3013817488036,9.93274911581265,0 76.3013755531232,9.93256604288041,0 76.3013830612423,9.93242302175394,0 76.3014032904042,9.9322808863014,0 76.3013978960209,9.93223306449279,0 76.3013938500088,9.93217860186385,0 76.301391152368,9.9321360935766,0 76.3013884556256,9.93208694358377,0 76.3013884556256,9.93202716739254,0 76.3013951983801,9.93198997262425,0 76.3014059871466,9.93193152369416,0 76.301424867039,9.93190628504384,0 76.3014531873266,9.93187971734283,0 76.3015111771715,9.93186510488514,0 76.3016261839857,9.93183481814443,0 76.3016318218124,9.93183061597839,0 76.3016581181957,9.93181101383316,0 76.3016745169413,9.93178550883282,0 76.3016814222909,9.93176000471533,0 76.3016976539497,9.93171403040394,0 76.3017117718727,9.9316962306977,0 76.3017519373457,9.93166189573762,0 76.3017733882164,9.93164632674376,0 76.3017962656117,9.93163262832919,0 76.3018110770341,9.93162532386462,0 76.3018299695029,9.93161955550537,0 76.3018443245811,9.9316161620926,0 76.3018615533699,9.93161531971217,0 76.3018802176666,9.93161709915236,0 76.301916033497,9.93162969857972,0 76.3019453158803,9.93163839845791,0 76.3019670299574,9.93164258292934,0 76.301987036337,9.93164475170485,0 76.3019985904682,9.93164453049153,0 76.3020207959237,9.93164225022449,0 76.3020339876837,9.93163970096202,0 76.3020566836193,9.93163341407899,0 76.3020614357072,9.93163154526867,0 76.302072840718,9.93162284981457,0 76.3020926548582,9.93160251942252,0 76.302109521626,9.93158128736348,0 76.3021704354871,9.93149198439674,0 76.3022516386972,9.9313768038499,0 76.302309385997,9.93129622018144,0 76.3023191542773,9.93127753559813,0 76.302325589808,9.9312605720555,0 76.3023392343189,9.93121579488209,0 76.3023491993304,9.93116180548108,0 76.3023524961474,9.93114940512801,0 76.3023873462889,9.93105881546437,0 76.3024892673444,9.93082263786971,0 76.3025296564979,9.93072904668474,0 76.3025650815611,9.93067452452015,0 76.3026885109795,9.93047135976099,0 76.3027886264213,9.93028443023246,0 76.3028101734116,9.93025386903976,0 76.3028535063443,9.93020556911201,0 76.3028769011693,9.93018900723902,0 76.3028947659653,9.93017860928116,0 76.3029193753125,9.93016759103797,0 76.3029366220677,9.93015892386039,0 76.3029528609131,9.93014914884116,0 76.3029678493036,9.93013754836081,0 76.3029759691754,9.93013008370366,0</coordinates></LinearRing></outerBoundaryIs></Polygon></Placemark><Placemark><Style><LineStyle><color>ff0000ff</color></LineStyle><PolyStyle><fill>0</fill></PolyStyle></Style><ExtendedData><SchemaData schemaUrl="#wards"><SimpleData name="ward_id">31</SimpleData><SimpleData name="ward_name">Vaduthala West</SimpleData><SimpleData name="Ward_Name">31 - Vaduthala West</SimpleData><SimpleData name="Corporation">Kochi Corporation</SimpleData><SimpleData name="ac">Ernakulam</SimpleData><SimpleData name="AC_NAME">Ernakulam</SimpleData><SimpleData name="mla_name">T. J. Vinod</SimpleData></SchemaData></ExtendedData><Polygon><outerBoundaryIs><LinearRing><coordinates>76.2741794010528,10.0248144967639,0 76.2739852418823,10.0240687036186,0 76.2739200268876,10.0237747758111,0 76.2739150097968,10.0235055476449,0 76.2739400925561,10.023177039247,0 76.2739777166952,10.0228584106757,0 76.2739927661711,10.0224977921754,0 76.2739902580748,10.0220680128815,0 76.273997783262,10.0217617332404,0 76.2740730306417,10.0212380932122,0 76.2741683454866,10.0208601823035,0 76.2743414158076,10.0203785315997,0 76.274471845797,10.0200352001078,0 76.2745345526954,10.0197190382916,0 76.274614817166,10.0193905260571,0 76.2746662466143,10.0192069383128,0 76.2747010662131,10.0191416607582,0 76.2747439688527,10.01908571058,0 76.2747960387999,10.0190419185543,0 76.2749321407519,10.0189807332007,0 76.2751101410272,10.0189347862355,0 76.2753071002465,10.018906402437,0 76.2753898728134,10.0188952881172,0 76.2755285277775,10.0188647007357,0 76.2755961915796,10.0188411230527,0 76.2756629319136,10.018803445464,0 76.2757510638296,10.0187260910394,0 76.2758379920029,10.0185847460475,0 76.2758706772046,10.0185002677466,0 76.2758940351986,10.0184000485364,0 76.2759492169099,10.0181209356039,0 76.2760043986211,10.0177652515501,0 76.2760846639901,10.0174317976166,0 76.2761950274126,10.0171205729874,0 76.2762502091239,10.0168760397093,0 76.2763053917335,10.0165845752485,0 76.2763304735945,10.0161300885349,0 76.2763530482576,10.015648429922,0 76.2763699033473,10.0155362912713,0 76.2760488454647,10.0154951880283,0 76.2755216574622,10.0154379810525,0 76.2754769429206,10.015430443156,0 76.2753933627683,10.0154125294828,0 76.2751783501067,10.0153551252208,0 76.275119320911,10.0153364180338,0 76.2751065738172,10.0153319374028,0 76.2750612897437,10.0153137946059,0 76.2750014520643,10.0152840003964,0 76.2749668220101,10.0152703311519,0 76.2749463601846,10.0152637168013,0 76.2749127631929,10.0152555605471,0 76.2748510237801,10.0152445062567,0 76.2748262482446,10.0152412791399,0 76.2747943230177,10.0152391923064,0 76.2747602966313,10.0152392241529,0 76.27457679148,10.0152533215579,0 76.2744330188138,10.0152718898633,0 76.274395743221,10.015274553473,0 76.274331344795,10.0152755301003,0 76.2742547903664,10.0152707681572,0 76.2742044981853,10.0152635151066,0 76.2741431522345,10.0152491319677,0 76.2741070812826,10.0152352327189,0 76.2739138060543,10.0151379211523,0 76.2738094622424,10.0151047237677,0 76.2736096032614,10.0150596697267,0 76.2735140880922,10.0150478130731,0 76.2732026610478,10.0149829991107,0 76.2727981272175,10.0148881493862,0 76.2723798069425,10.014741929308,0 76.2723604716043,10.014750059921,0 76.2723196809039,10.0147621881661,0 76.2722548764393,10.014767735666,0 76.2721730506967,10.0147774329538,0 76.2721373714103,10.0147871293568,0 76.2720795163127,10.0148155232466,0 76.2720477788337,10.014843487205,0 76.2719964464034,10.0149003961662,0 76.2719768514521,10.0149293402842,0 76.2719612513089,10.0149748110027,0 76.2719500681819,10.0150393188859,0 76.27192959378,10.0151327080476,0 76.2718589646391,10.0152906952475,0 76.2718002318875,10.0153895911333,0 76.2717817876781,10.0154142730803,0 76.2717459008808,10.0154767975453,0 76.2717186666563,10.0155242462099,0 76.2714185925205,10.015974533576,0 76.2713630604663,10.016079145694,0 76.2713567641744,10.0160936243354,0 76.2713349279265,10.016167190544,0 76.2713181195492,10.0162944383457,0 76.2713180485823,10.0163697958708,0 76.271342303095,10.0165369913918,0 76.2713531448622,10.0165804608685,0 76.2713820706143,10.0166570727218,0 76.2714096605716,10.0167076386229,0 76.2714251654934,10.0167604364178,0 76.2714305859278,10.0167947535645,0 76.2713497896546,10.0167612033852,0 76.2713403268014,10.0167587397124,0 76.2713361783814,10.0167584822874,0 76.2713285894139,10.0167591970621,0 76.2713155036551,10.0167614652334,0 76.2713047813639,10.0167644950644,0 76.2712933080811,10.0167691906389,0 76.2712835550721,10.0167754953409,0 76.2712728309842,10.016784473371,0 76.2712609525612,10.0167969491965,0 76.2712188593036,10.0168568239524,0 76.2712028189859,10.0168870390974,0 76.2711972197867,10.0169024023246,0 76.2711919385911,10.0169199912594,0 76.2711686291062,10.0170431075838,0 76.271160656558,10.017113228862,0 76.2711591231338,10.0171822868106,0 76.271165252339,10.0173834690337,0 76.2711639542734,10.0174434356818,0 76.2711595327656,10.017479078802,0 76.2711573857921,10.0174877463109,0 76.2711457382361,10.0175231682711,0 76.2711135084803,10.0175881559962,0 76.2710959437216,10.0176357582758,0 76.2710921950519,10.017643894124,0 76.2710888973365,10.0176492133427,0 76.2710858277932,10.017652827899,0 76.2710842584364,10.0176542901754,0 76.2710814772523,10.0176562823391,0 76.271073245091,10.0176598853953,0 76.2710698521542,10.0176603683977,0 76.271066771831,10.0176604480135,0 76.2710484264363,10.0176585947351,0 76.2710309775602,10.0176554587581,0 76.2710247055229,10.0176534515559,0 76.2710127812858,10.0176465435602,0 76.2709680874055,10.0176240255631,0 76.2709327476822,10.0176004840593,0 76.2709036440637,10.017585130596,0 76.2708967333242,10.0175822140041,0 76.2708871743512,10.0175793681817,0 76.2708842602164,10.0175787613324,0 76.2708736744692,10.0175779837515,0 76.270868189356,10.0175783588303,0 76.2708608330521,10.0175811462678,0 76.2708565552748,10.0175833817024,0 76.2708529135046,10.0175864531028,0 76.2708507683277,10.0175887416146,0 76.2708423744697,10.0176030830725,0 76.2708342186652,10.0176224916324,0 76.2708340048662,10.017623002058,0 76.2708272998409,10.0176368667044,0 76.2708244800292,10.0176419302681,0 76.2708183103999,10.0176508330814,0 76.270813558312,10.017655794029,0 76.270809013735,10.0176597420869,0 76.2708063672982,10.017661707712,0 76.2707975413505,10.0176667394289,0 76.2707939786321,10.0176681663205,0 76.2707876886285,10.0176698922136,0 76.27078122525,10.0176719277235,0 76.2707786282205,10.0176732104221,0 76.270774022558,10.0176762942063,0 76.2707730182416,10.0176771947492,0 76.2707710554227,10.0176796062224,0 76.2707690782307,10.017682721853,0 76.2707660598914,10.0176889787678,0 76.2707643800418,10.017693885753,0 76.2707621360502,10.0177056715403,0 76.2707606322704,10.0177242379361,0 76.2707603493011,10.0177363864163,0 76.2707605819648,10.017739363161,0 76.2707641410899,10.0177639396595,0 76.2707669635965,10.0177790940749,0 76.2707702541255,10.0177916945936,0 76.2707735850785,10.0178074514335,0 76.2707762288204,10.0178287424509,0 76.270775686238,10.0178382910312,0 76.2707729176302,10.0178547767951,0 76.2707702002265,10.0178632514469,0 76.270761451534,10.0178799052872,0 76.2707219094918,10.0179335397409,0 76.2706947677938,10.0179690969991,0 76.2706777366343,10.0179932134784,0 76.2706729279526,10.0180013174714,0 76.2706597963798,10.0180261929512,0 76.2706445133419,10.0180638794764,0 76.2706366845241,10.018091826347,0 76.2706344405326,10.0181060297822,0 76.2706344405326,10.0181106554524,0 76.2706357206318,10.018129247479,0 76.270638846769,10.0181482305059,0 76.2706404511602,10.0181553569916,0 76.2706407574857,10.018156480457,0 76.270643077834,10.0181622021686,0 76.2706452975711,10.018166375798,0 76.2706486168461,10.0181714269688,0 76.2706506461403,10.0181736464762,0 76.270652918878,10.0181754926747,0 76.2706547155085,10.0181766886786,0 76.270658078801,10.0181782898378,0 76.270666535541,10.018180481922,0 76.2706711385086,10.0181814302328,0 76.2706729611903,10.0181816460797,0 76.2706777896349,10.0181818610419,0 76.2706999259201,10.0181818610419,0 76.2707167603486,10.0181806216917,0 76.2707286693143,10.0181790789173,0 76.2707539506013,10.0181775830278,0 76.2707703709064,10.0181773574501,0 76.2707747555833,10.0181774706812,0 76.2707795759431,10.0181782022606,0 76.2707952003409,10.0181817097722,0 76.2708114634408,10.0181888274111,0 76.2708196830256,10.0181938918507,0 76.2708252804282,10.0181986617125,0 76.2708295303578,10.0182044586159,0 76.2708350540984,10.018218294045,0 76.2708360889577,10.0182246261421,0 76.2708371229186,10.0182422335822,0 76.2708371229186,10.0182478721382,0 76.2708341198506,10.0182775599213,0 76.2708326178674,10.0182872022579,0 76.2708284155485,10.0183048211946,0 76.2708225711093,10.0183220871678,0 76.2707633254196,10.0184705021375,0 76.2707439245044,10.0185190614436,0 76.2707367343889,10.0185362645976,0 76.2707188390501,10.018579082728,0 76.2707171556073,10.0185823655426,0 76.2707146358329,10.0185862348582,0 76.2707127817102,10.0185885445938,0 76.2707117360712,10.0185896105575,0 76.2707092387547,10.0185912506378,0 76.2707040042715,10.0185940610666,0 76.270701643499,10.0185950058378,0 76.2706994911356,10.0185954561079,0 76.2706961682673,10.0185957303392,0 76.270687374659,10.0185944149135,0 76.2706198896216,10.0185749055655,0 76.2706119009038,10.0185725958299,0 76.2706145069164,10.0185575502594,0 76.2706200378436,10.0185256111507,0 76.2706223492088,10.018505231335,0 76.2706223662769,10.018500847171,0 76.2706222423093,10.0184998218994,0 76.2706217320662,10.0184977430484,0 76.2706213457907,10.0184966903536,0 76.2706201240819,10.0184942744634,0 76.2706172171336,10.018489210913,0 76.2706163358863,10.0184880140255,0 76.2706155471655,10.0184871798313,0 76.2706147225121,10.0184865172528,0 76.2706142823376,10.0184862615983,0 76.2706137361619,10.0184860475209,0 76.2706126761499,10.0184857449817,0 76.2706085816288,10.0184850434801,0 76.2706073644116,10.0184848984028,0 76.2706068397955,10.0184848709797,0 76.2706048886547,10.0184849744799,0 76.2706038627786,10.0184851177879,0 76.2706034091294,10.0184852301343,0 76.2705994754068,10.0184868304074,0 76.2705961103177,10.0184885279883,0 76.2705623435445,10.0185144552408,0 76.2705279308826,10.0185449515398,0 76.2705128302027,10.0185636452725,0 76.2705045153964,10.0185764394918,0 76.2704961700474,10.0185921750628,0 76.2704918931683,10.0186028090458,0 76.2704898638741,10.018609202174,0 76.2704874833386,10.018618370346,0 76.2704839367899,10.0186367190738,0 76.2704795700793,10.0186711174067,0 76.2704787705787,10.0186784623814,0 76.2704702150239,10.0187570959731,0 76.2704655698356,10.0187936934503,0 76.2704604018277,10.0188172967906,0 76.270457322403,10.0188268285341,0 76.2704487839162,10.0188497639866,0 76.2704430823091,10.0188632791571,0 76.2704265604943,10.0189024402404,0 76.2704172063373,10.0189280286518,0 76.2703968325467,10.0189748257341,0 76.2703924595479,10.0189886761688,0 76.2703868154329,10.0190113975328,0 76.2703855434185,10.0190202684624,0 76.2703875035424,10.0190349168188,0 76.270394109753,10.0190873143885,0 76.2703924119372,10.0191124091698,0 76.2703842336748,10.0191617521492,0 76.2703797995905,10.0191783466535,0 76.2703609403595,10.019228080623,0 76.2703465152127,10.0192612192009,0 76.2703272131122,10.0192931883141,0 76.2702966272734,10.019349238418,0 76.2702927851789,10.0193574379155,0 76.2702873961855,10.0193724524873,0 76.270286223884,10.0193836676369,0 76.2702873018624,10.0193963309008,0 76.2702885118931,10.0194032822054,0 76.2702925767697,10.0194153731227,0 76.2702937823088,10.0194178748137,0 76.2702953983781,10.0194232346956,0 76.2702953067499,10.019428999731,0 76.270294751591,10.0194315465374,0 76.2702929998762,10.0194363862655,0 76.2702762768389,10.019470190937,0 76.2701370011389,10.0194552719082,0 76.2699996568168,10.019437129342,0 76.2693752962533,10.0192945709677,0 76.2693396726624,10.0193342264989,0 76.2692714087857,10.0194111915478,0 76.2692387676015,10.0194606140971,0 76.2692217517134,10.0194924177677,0 76.2691259356086,10.0198192411711,0 76.2690815866813,10.0200261080527,0 76.2690330587913,10.020156410678,0 76.2689602108117,10.0202905277004,0 76.268944104917,10.0203143184697,0 76.2689215015078,10.0203525894578,0 76.2689098728164,10.0203785050613,0 76.2689052114584,10.0203947996199,0 76.2689044101612,10.0204038792801,0 76.2689046374349,10.0204114382917,0 76.2689063316576,10.0204260591623,0 76.2689089017376,10.0204384251559,0 76.2689115589542,10.0204468103943,0 76.2689148243303,10.0204541765595,0 76.2689201773911,10.0204627997583,0 76.2689388174332,10.020486891283,0 76.2689420729278,10.0204919592252,0 76.2689441489344,10.0204963230162,0 76.2689453769314,10.0205001224247,0 76.2689460892954,10.0205047728299,0 76.2689463641799,10.0205083236624,0 76.2689462671618,10.0205146309456,0 76.268945911429,10.0205192265047,0 76.2689449187906,10.0205258487096,0 76.268921490728,10.0206169203782,0 76.268881886702,10.0205915249455,0 76.2688734892508,10.020586656927,0 76.2688699382105,10.0205848983188,0 76.2688627894174,10.0205822037914,0 76.2688553872995,10.0205803894527,0 76.2688508624854,10.0205800701079,0 76.2688424326948,10.02058048676,0 76.2688385268199,10.0205812218724,0 76.2688318137098,10.0205833051331,0 76.2688185914071,10.0205885128425,0 76.2686460906181,10.0206739884411,0 76.2686167435561,10.0206947157728,0 76.268586715571,10.0207221652652,0 76.2685630476583,10.0207508868262,0 76.268541045222,10.0207832857136,0 76.2685120790457,10.0208361164603,0 76.2683850887056,10.0210862215672,0 76.2683256103523,10.0212229292277,0 76.2682844010369,10.0213313558591,0 76.2682522988419,10.0214527074824,0 76.2681702566053,10.0218889770777,0 76.2681456544447,10.0220532151634,0 76.268089115379,10.0225691427616,0 76.2680592805318,10.0227387438682,0 76.2680014110612,10.0229829126911,0 76.2679127150033,10.0232598408886,0 76.2678635160718,10.0234700891848,0 76.2677704820494,10.0240895731542,0 76.2675887331045,10.0248054720724,0 76.267287548651,10.0260480632236,0 76.2671421491357,10.0267537310141,0 76.2668825072725,10.0275872341994,0 76.2667113350918,10.0282019724298,0 76.2666340072138,10.0285613107736,0 76.2666124674099,10.0287202945545,0 76.2665969014027,10.0292644617452,0 76.2666290242589,10.0297494925189,0 76.2666571927313,10.0299280294965,0 76.266707572049,10.030100458311,0 76.2668548301786,10.0304006467807,0 76.2669225218285,10.0305183726339,0 76.26696010734,10.0305747277475,0 76.2669769193106,10.0305973182654,0 76.2670879915039,10.0307233529455,0 76.2672481826786,10.0308851397956,0 76.2673547570073,10.030971374305,0 76.267504545691,10.0310557202063,0 76.267869477292,10.0312226472007,0 76.2679536152982,10.0312526133235,0 76.2680037574607,10.0312638289466,0 76.2680982189061,10.0312760264559,0 76.268478003252,10.0312844414898,0 76.2685684653977,10.0312771498758,0 76.2686111434586,10.031270527006,0 76.268699066067,10.0312486893149,0 76.2687443106146,10.0312334753775,0 76.2689753375428,10.0311481653271,0 76.2691443483769,10.0310499182252,0 76.2691784187807,10.0310206420586,0 76.2692736527772,10.0309140524106,0 76.2693975906421,10.0307573926238,0 76.2697899190626,10.0301689800878,0 76.2702061399748,10.0293931737063,0 76.2703168654184,10.0291287871374,0 76.2703620111513,10.0289866346289,0 76.2706115415777,10.0279963155796,0 76.2708774707496,10.027266261368,0 76.2709838357707,10.027045936469,0 76.2713225042261,10.0264750383797,0 76.2715199359593,10.0261954865624,0 76.2715647520105,10.0261381576309,0 76.2720079026183,10.0256960324093,0 76.272171108539,10.0255605173042,0 76.2723399352186,10.0254477239401,0 76.2728935175209,10.0251541919144,0 76.2730964065193,10.0250619971943,0 76.2731362153612,10.0250461779004,0 76.2733701797803,10.0249816056628,0 76.2741794010528,10.0248144967639,0</coordinates></LinearRing></outerBoundaryIs></Polygon></Placemark><Placemark><Style><LineStyle><color>ff0000ff</color></LineStyle><PolyStyle><fill>0</fill></PolyStyle></Style><ExtendedData><SchemaData schemaUrl="#wards"><SimpleData name="ward_id">32</SimpleData><SimpleData name="ward_name">Vaduthala East</SimpleData><SimpleData name="Ward_Name">32 - Vaduthala East</SimpleData><SimpleData name="Corporation">Kochi Corporation</SimpleData><SimpleData name="ac">Ernakulam</SimpleData><SimpleData name="AC_NAME">Ernakulam</SimpleData><SimpleData name="mla_name">T. J. Vinod</SimpleData></SchemaData></ExtendedData><Polygon><outerBoundaryIs><LinearRing><coordinates>76.2808163636794,10.0199965840831,0 76.2811361809885,10.0199693671827,0 76.2814774806094,10.0199841119191,0 76.28151867645,10.0199858917612,0 76.2815516509091,10.0199883810633,0 76.2816856292438,10.0200103477821,0 76.2818375110022,10.0200482746915,0 76.2819412987569,10.0200923213499,0 76.2819710527557,10.020109317421,0 76.2819725143147,10.0201079108862,0 76.282214779167,10.0198105144554,0 76.2822539043909,10.0197537983169,0 76.2822840446653,10.0196994794728,0 76.2823926824242,10.0194550206776,0 76.2824081657864,10.019407492088,0 76.2824545520928,10.0192264697382,0 76.2824772561133,10.0191115555155,0 76.2824983099285,10.0189681530744,0 76.2825108513083,10.018721151339,0 76.2825187358215,10.0185192887903,0 76.2825168098336,10.0184713894089,0 76.2825139001903,10.0184486529686,0 76.2825089028624,10.0184238120213,0 76.2825077871548,10.0184200462039,0 76.2825023218046,10.0184090194446,0 76.2824953760309,10.0184008429231,0 76.2824860407384,10.0183923789008,0 76.2824450757648,10.0183624973969,0 76.2824217680765,10.0183495156301,0 76.2822358392705,10.0182679193537,0 76.2821882034076,10.0182487257947,0 76.2817784368908,10.0181110553,0 76.2815752658213,10.0180493053841,0 76.2815294346738,10.0180354734862,0 76.2814836044247,10.0180216424724,0 76.2814368534023,10.0180003780062,0 76.2814105660022,10.0179852881783,0 76.2813876571658,10.0179650197906,0 76.2813705730057,10.0179451370956,0 76.2813579049636,10.0179197688768,0 76.2813269481206,10.0178344119757,0 76.2813043734575,10.0176960902252,0 76.281299984289,10.0176769479403,0 76.2812891586915,10.0176418294214,0 76.2812691011078,10.0175920403623,0 76.2812602437192,10.01757830133,0 76.2812328981036,10.017546355048,0 76.2811833551174,10.0174975673642,0 76.2811356518808,10.0174355351376,0 76.2811085083862,10.017388265446,0 76.2810817628452,10.0173243020716,0 76.2810605859607,10.0172661170278,0 76.2810541791761,10.0172414246062,0 76.281037829838,10.0171650075075,0 76.2810244117026,10.0170797194083,0 76.2810184477874,10.0169971108053,0 76.2810181693097,10.0169564987124,0 76.2810221380666,10.0168881324901,0 76.2810435871406,10.0167479561677,0 76.2810691621767,10.0166410124005,0 76.2811054065035,10.0165277320448,0 76.281141649932,10.0164144516496,0 76.2813454462289,10.0158586928839,0 76.2814261481791,10.0156612950263,0 76.2814644640209,10.0155955080986,0 76.2815042818459,10.0155387540687,0 76.2815566141011,10.0154765197729,0 76.2817804742699,10.015264337809,0 76.2822826235305,10.0148113363046,0 76.2825069598064,10.0146470317431,0 76.2829719026447,10.0143342094566,0 76.2833327028937,10.0139880947143,0 76.2833824120683,10.0139337315579,0 76.2834074777596,10.0139030065909,0 76.2834383869919,10.013843451526,0 76.2834597489294,10.0137931089901,0 76.283480473063,10.0137358459825,0 76.2835715361817,10.0134619695921,0 76.2836568249297,10.0130000272454,0 76.2836836674887,10.0127635489846,0 76.2836884339496,10.0125564147355,0 76.2832212938321,10.0124947601874,0 76.2829047544755,10.0124575728335,0 76.2824738227522,10.0124433107651,0 76.2824593095705,10.0124432638795,0 76.2822603084806,10.0124211568761,0 76.2818760586093,10.0123556461819,0 76.2813398910472,10.0122592148477,0 76.2810766226852,10.0121923762842,0 76.2807016263597,10.0120780496215,0 76.2801745766977,10.0118716544902,0 76.2798427300486,10.0117532805055,0 76.2797492378854,10.0117138222062,0 76.2797348549594,10.0117006694386,0 76.279730745167,10.0116743647866,0 76.2797399915262,10.0116278240805,0 76.2797518268301,10.0115942317891,0 76.2797708387747,10.0115443648386,0 76.2797542774341,10.0115393047183,0 76.2797197830256,10.0115287642751,0 76.279702492253,10.0115241208184,0 76.2794584873639,10.0114276892371,0 76.2790635852701,10.0113407418201,0 76.2786221297832,10.0113043823542,0 76.2782336488471,10.0112806696569,0 76.2778369977334,10.0112605353153,0 76.2777271292825,10.0112474214534,0 76.2774727389705,10.0111858206196,0 76.2771778427239,10.0124810572093,0 76.2769094647446,10.0137251667237,0 76.2768811237957,10.0138130680178,0 76.2768049385748,10.0140076246846,0 76.2767182529465,10.0142020671176,0 76.2766155835944,10.0143990244333,0 76.2765854055907,10.0144684545036,0 76.2765352490551,10.0146273116163,0 76.276464616321,10.0149166043064,0 76.2764212735068,10.0151489869464,0 76.2764036153233,10.0153212971201,0 76.2763699033473,10.0155362912713,0 76.2763530482576,10.015648429922,0 76.2763304735945,10.0161300885349,0 76.2763053917335,10.0165845752485,0 76.2762502091239,10.0168760397093,0 76.2761950274126,10.0171205729874,0 76.2760846639901,10.0174317976166,0 76.2760043986211,10.0177652515501,0 76.2759492169099,10.0181209356039,0 76.2758940351986,10.0184000485364,0 76.2758706772046,10.0185002677466,0 76.2758379920029,10.0185847460475,0 76.2757510638296,10.0187260910394,0 76.2756629319136,10.018803445464,0 76.2755961915796,10.0188411230527,0 76.2755285277775,10.0188647007357,0 76.2753898728134,10.0188952881172,0 76.2753071002465,10.018906402437,0 76.2751101410272,10.0189347862355,0 76.2749321407519,10.0189807332007,0 76.2747960387999,10.0190419185543,0 76.2747439688527,10.01908571058,0 76.2747010662131,10.0191416607582,0 76.2746662466143,10.0192069383128,0 76.274614817166,10.0193905260571,0 76.2745345526954,10.0197190382916,0 76.274471845797,10.0200352001078,0 76.2743414158076,10.0203785315997,0 76.2741683454866,10.0208601823035,0 76.2740730306417,10.0212380932122,0 76.273997783262,10.0217617332404,0 76.2739902580748,10.0220680128815,0 76.2739927661711,10.0224977921754,0 76.2739777166952,10.0228584106757,0 76.2739400925561,10.023177039247,0 76.2739150097968,10.0235055476449,0 76.2739200268876,10.0237747758111,0 76.2739852418823,10.0240687036186,0 76.2741794010528,10.0248144967639,0 76.2744652045521,10.0247554726939,0 76.2758788105511,10.0243577516979,0 76.2766218529367,10.0240702985564,0 76.2768909118391,10.0239496617873,0 76.2771511349122,10.0237994341202,0 76.2773514367627,10.0236508305153,0 76.2781189717145,10.0229503141027,0 76.2781961289126,10.0228798942054,0 76.2783454738286,10.0226993585583,0 76.2783829757967,10.0226421537378,0 76.2793651003036,10.0209858660415,0 76.2795668933575,10.020645554372,0 76.2796344179207,10.0205669504304,0 76.2797998130359,10.020407657459,0 76.2800449480056,10.0202055588838,0 76.2801244318402,10.0201666553802,0 76.2802137019216,10.0201360628109,0 76.2804817358462,10.0200740293197,0 76.2808163636794,10.0199965840831,0</coordinates></LinearRing></outerBoundaryIs></Polygon></Placemark><Placemark><Style><LineStyle><color>ff0000ff</color></LineStyle><PolyStyle><fill>0</fill></PolyStyle></Style><ExtendedData><SchemaData schemaUrl="#wards"><SimpleData name="ward_id">67</SimpleData><SimpleData name="ward_name">Ernakulam North</SimpleData><SimpleData name="Ward_Name">67 - Ernakulam North</SimpleData><SimpleData name="Corporation">Kochi Corporation</SimpleData><SimpleData name="ac">Ernakulam</SimpleData><SimpleData name="AC_NAME">Ernakulam</SimpleData><SimpleData name="mla_name">T. J. Vinod</SimpleData></SchemaData></ExtendedData><Polygon><outerBoundaryIs><LinearRing><coordinates>76.2870080790303,9.98984306645549,0 76.2868253095992,9.98959107853996,0 76.286549991236,9.98917095374635,0 76.2861960100983,9.98858099014725,0 76.285839004333,9.98808041383832,0 76.2854599170798,9.98763497843899,0 76.285343806236,9.98751618158453,0 76.284830179201,9.98707296601732,0 76.2847059727399,9.98698001910389,0 76.2843383677526,9.98675150016609,0 76.2838100882969,9.98650202418637,0 76.283470056199,9.98637010674431,0 76.2829496738329,9.9862390022929,0 76.2820813622793,9.98599061941685,0 76.2814869165131,9.9858475969334,0 76.2808518094039,9.98570838835783,0 76.2803444975253,9.98559397009995,0 76.2803580513063,9.98553294654075,0 76.2804328558166,9.98514100419879,0 76.2806321596388,9.98362584926961,0 76.2807198980926,9.98312824505411,0 76.2808318407534,9.9826246806369,0 76.280925630259,9.9821032379741,0 76.2810284963422,9.98158775393614,0 76.2811101846425,9.98100671491113,0 76.2811948975704,9.9805061278369,0 76.2812855411759,9.98004081829038,0 76.2813978467561,9.97959648663965,0 76.2814752994999,9.97916931626908,0 76.281525642885,9.97888707841118,0 76.2815701777635,9.97855907254247,0 76.2815798598057,9.97835883594606,0 76.281606968266,9.9779450136106,0 76.2816611842884,9.9774930500816,0 76.281696038023,9.97705443562045,0 76.2817153122758,9.97660380768486,0 76.2818821159493,9.97597184691451,0 76.282179528377,9.9751168458244,0 76.2825575071091,9.97391701219541,0 76.2826412229071,9.97365126752426,0 76.281134564021,9.97321683713752,0 76.2809898759715,9.97369184079041,0 76.2782341267508,9.97275173040046,0 76.278106903747,9.97307719583213,0 76.2780391779611,9.97325045462737,0 76.2780053671704,9.97333695216413,0 76.2779389125007,9.97350695940216,0 76.2778306493392,9.97378392002925,0 76.2775309992082,9.97448738066729,0 76.2774271719277,9.9747311309909,0 76.276788650322,9.97627268791283,0 76.2761304618999,9.97762382805148,0 76.2760521404852,9.97779267759714,0 76.2756269085724,9.97870942198813,0 76.2749251051466,9.98006836234368,0 76.2742193365571,9.98139996188279,0 76.273699922575,9.98242696886519,0 76.2730972446475,9.98356721671948,0 76.2726752260085,9.98440095372729,0 76.2730142448068,9.98458014643953,0 76.2735693066344,9.9849433134192,0 76.2738830522305,9.98513285072718,0 76.2744006471242,9.98535647482933,0 76.2744170701242,9.98536921373518,0 76.2744356544708,9.98539018749903,0 76.2744409922602,9.98540088626787,0 76.2744452179353,9.98542090985381,0 76.2744490735045,9.98553736299915,0 76.2744356113517,9.98576872004358,0 76.2742883442389,9.98644555437279,0 76.2742558737347,9.98671737182656,0 76.2744701794221,9.98680371450154,0 76.275340389116,9.98701477201632,0 76.2761397720395,9.98725621008051,0 76.2768855794395,9.98742609503952,0 76.2779205769874,9.98767592684535,0 76.2791037219969,9.98793575203842,0 76.2798700262568,9.98812442413594,0 76.2804869658377,9.98823634841979,0 76.2812532700976,9.98839943837553,0 76.2819189154349,9.98853694540814,0 76.2823087770817,9.98861853499817,0 76.2825444276386,9.98868020823218,0 76.2824218192804,9.98904655112375,0 76.2822846636045,9.98950089879166,0 76.2821495857319,9.9898549620709,0 76.2819563212834,9.99034000661319,0 76.2818274786171,9.99070225504493,0 76.2817256509864,9.99105631701644,0 76.2815947296186,9.99155364016099,0 76.2815423245998,9.99177155094346,0 76.2814938299475,9.99193131003888,0 76.2819355405559,9.99200389086791,0 76.282432209195,9.99206119486347,0 76.2827896452533,9.99212873293467,0 76.2831913763399,9.99225237000713,0 76.2832801577378,9.99228790619061,0 76.283352562848,9.99232419081686,0 76.2835011217381,9.99242133670423,0 76.2836233698719,9.99248539787558,0 76.2840843089189,9.9926894980582,0 76.2846911181984,9.99291053014052,0 76.2850535893138,9.99304560060795,0 76.2851128583596,9.99307413087081,0 76.2851594351088,9.99311009603748,0 76.2851740399187,9.99312474644737,0 76.285219845015,9.99317744456793,0 76.2852604812052,9.99323473420169,0 76.2853785162403,9.9933783532542,0 76.285489834572,9.99349531047567,0 76.2857601771668,9.99373658183211,0 76.2860820183803,9.99405354127678,0 76.2863019017074,9.99346752515509,0 76.2864894816168,9.9925378970449,0 76.2866468062674,9.99172447037904,0 76.2868374108044,9.99084847090443,0 76.2870080790303,9.98984306645549,0</coordinates></LinearRing></outerBoundaryIs></Polygon></Placemark><Placemark><Style><LineStyle><color>ff0000ff</color></LineStyle><PolyStyle><fill>0</fill></PolyStyle></Style><ExtendedData><SchemaData schemaUrl="#wards"><SimpleData name="ward_id">74</SimpleData><SimpleData name="ward_name">Thattazham</SimpleData><SimpleData name="Ward_Name">74 - Thattazham</SimpleData><SimpleData name="Corporation">Kochi Corporation</SimpleData><SimpleData name="ac">Ernakulam</SimpleData><SimpleData name="AC_NAME">Ernakulam</SimpleData><SimpleData name="mla_name">T. J. Vinod</SimpleData></SchemaData></ExtendedData><Polygon><outerBoundaryIs><LinearRing><coordinates>76.2764036153233,10.0153212971201,0 76.2764212735068,10.0151489869464,0 76.276464616321,10.0149166043064,0 76.2765352490551,10.0146273116163,0 76.2765854055907,10.0144684545036,0 76.2766155835944,10.0143990244333,0 76.2767182529465,10.0142020671176,0 76.2768049385748,10.0140076246846,0 76.2768811237957,10.0138130680178,0 76.2769094647446,10.0137251667237,0 76.2771778427239,10.0124810572093,0 76.2774727389705,10.0111858206196,0 76.2776177513119,10.010466004535,0 76.2777518832585,10.0098477135827,0 76.2778774524638,10.0091985084961,0 76.2779858988816,10.0086729594752,0 76.2781029071423,10.0081052535808,0 76.2781764692826,10.0076684620867,0 76.2782271396545,10.0074231033874,0 76.2782806046853,10.0072147396081,0 76.2787925752269,10.005180375872,0 76.27946556519,10.0022680561342,0 76.2794856560114,10.0020890846035,0 76.2795112265559,10.0018534538649,0 76.2795335451991,10.0016530511368,0 76.2795416830373,10.0015354501617,0 76.2795410883526,10.0014962471732,0 76.2795477547503,10.0013642066535,0 76.2791039250162,10.0012526849879,0 76.2786089523964,10.0011465606237,0 76.2780098713232,10.0009828781439,0 76.2779316154856,10.0009523563091,0 76.2778574002701,10.0009202668444,0 76.2778044338043,10.0008931536196,0 76.2777646590985,10.0008704389493,0 76.2777343490424,10.000850233189,0 76.2776574820002,10.0008146368997,0 76.277500286707,10.0007598371667,0 76.2771368202582,10.0006752976084,0 76.2768756350893,10.0006015509561,0 76.2767848630248,10.000588860419,0 76.2767177876192,10.000584414971,0 76.2766507346714,10.0005899105178,0 76.2766011647357,10.0005982228418,0 76.2764983992639,10.0006230279972,0 76.2764218637,10.0006366332778,0 76.2763821931987,10.0006413405862,0 76.2763273555422,10.0006422977949,0 76.2758769007329,10.0006181888733,0 76.2754231383266,10.0006238100421,0 76.2749695834313,10.0006196246864,0 76.2750480198303,10.0006314013623,0 76.2752188677193,10.0006750047839,0 76.2752696593637,10.0006931554761,0 76.2753237532152,10.0007197096088,0 76.2753703892532,10.0007495485034,0 76.2754288390355,10.0008003380486,0 76.275469672855,10.0008452348287,0 76.2755057447052,10.0008960969014,0 76.2755132537227,10.0009098552177,0 76.2755250836367,10.0009365199158,0 76.2755342599273,10.0009639312692,0 76.2755463323864,10.0010065562066,0 76.2755597074027,10.0010768039172,0 76.2755827896139,10.0011435952275,0 76.2756000480471,10.0011718001076,0 76.275626551043,10.0012005632086,0 76.2756591994136,10.0012272641541,0 76.2758191255854,10.0013313236856,0 76.2758753583255,10.0013734876649,0 76.2758855416276,10.001382526278,0 76.2758974209489,10.0013951468957,0 76.2759067858857,10.0014069491987,0 76.2759172674285,10.0014215284615,0 76.2759414581608,10.0014631182822,0 76.2759502903966,10.0014838397634,0 76.2759673601836,10.0015299130517,0 76.2760128391916,10.0016698738947,0 76.2760348604924,10.0018007474197,0 76.2760420200652,10.0018659691895,0 76.2760453923408,10.0019504580122,0 76.2760441400893,10.0019792298909,0 76.2760398982445,10.0020071268359,0 76.2760359869798,10.0020216344142,0 76.276030485697,10.0020330439043,0 76.2760150131145,10.002056141552,0 76.2759977888173,10.0020738436434,0 76.2759924384514,10.0020782802243,0 76.2759547056163,10.0021061187731,0 76.2759109325091,10.0021318137835,0 76.2758075633693,10.0021813371613,0 76.2756068626669,10.0022864703666,0 76.2755712974665,10.0023092557107,0 76.2755384640428,10.0023329566779,0 76.2755131072973,10.0023542584416,0 76.2755015846071,10.0023655741459,0 76.2754797645289,10.0023939717761,0 76.2754510319146,10.0024411312993,0 76.275437473642,10.0024711814699,0 76.2754215348339,10.002524548648,0 76.2754185784783,10.002545041819,0 76.2754181922027,10.0025629464711,0 76.2754198477978,10.0025860591203,0 76.275421264441,10.002593806095,0 76.275428216503,10.002613690615,0 76.275433225509,10.0026218542642,0 76.2754490592142,10.0026390326056,0 76.27546254113,10.0026510135648,0 76.275518064201,10.0026920228908,0 76.27553960131,10.0027141093247,0 76.2755509317607,10.0027290335464,0 76.2755583599297,10.0027417036528,0 76.275568897168,10.0027635609564,0 76.2755720071355,10.0027727490384,0 76.2755764160669,10.0027966003641,0 76.2755774518245,10.0028114980422,0 76.2755771580754,10.0028192078558,0 76.2755752734099,10.0028318885745,0 76.2755696589394,10.0028562229202,0 76.2752252053336,10.0039323588137,0 76.2750827136649,10.0051830820278,0 76.2750638176029,10.0054529030763,0 76.2750450419151,10.0055865670408,0 76.2750092862719,10.0057242136549,0 76.2749882638976,10.0057877387587,0 76.2749653209253,10.0058437655403,0 76.2749195176255,10.0059270413556,0 76.2749073553349,10.0059561543575,0 76.2748979921947,10.0059843313956,0 76.2748936173993,10.0060070704784,0 76.2748902783614,10.00604556874,0 76.2748938213169,10.0060786608929,0 76.2748988231364,10.0060949340532,0 76.2749042408758,10.0061120847867,0 76.2749171990738,10.0061531087147,0 76.2749483230035,10.0062723056973,0 76.2749545258705,10.0063246168627,0 76.2749529987345,10.0063570516919,0 76.2749453720377,10.0064135136232,0 76.2749176751809,10.0065226157682,0 76.2748866222181,10.0066000376811,0 76.2748660570864,10.0066342417823,0 76.2747950785008,10.0067069467171,0 76.2746719652894,10.0067999914937,0 76.2745702328801,10.006870375072,0 76.2745403728801,10.0068863031794,0 76.2744813688373,10.006923250547,0 76.2744333574786,10.0069578765918,0 76.2744057163173,10.0069858951907,0 76.274391349561,10.0070101796848,0 76.2743855365628,10.0070337290341,0 76.2743848143173,10.0070408495714,0 76.2743872128191,10.0070672050238,0 76.2743887740911,10.0070768229234,0 76.2743915965977,10.0070880668066,0 76.2743948008883,10.0071057022751,0 76.2743963918047,10.0071322629607,0 76.2743934866531,10.0071599197234,0 76.2743865696254,10.0071858514196,0 76.2743847694015,10.0071910071498,0 76.2743725603985,10.0072171900836,0 76.2741753550408,10.0074926888786,0 76.2740946180563,10.0076457355052,0 76.273862240062,10.0081481933995,0 76.2737995044175,10.0082772056742,0 76.2737004804288,10.0084808447687,0 76.2736719247826,10.0085395674823,0 76.2734925860176,10.0089083694129,0 76.2734409598382,10.0090145372423,0 76.2732126062963,10.0094413463929,0 76.2731460734731,10.0095494346055,0 76.2730876793864,10.0096308844546,0 76.2730350938063,10.0096826704865,0 76.2729571739385,10.0097521272204,0 76.272933612027,10.0097685620859,0 76.272863381738,10.0098244829083,0 76.2728361789546,10.0098503887371,0 76.27278705099,10.0099093518254,0 76.2727656719846,10.0099418889147,0 76.2727448193919,10.0099846683706,0 76.2727184727029,10.0100499079587,0 76.2727083127571,10.0100914515577,0 76.2727029183738,10.0101314549927,0 76.2726975239905,10.0101970475227,0 76.2726975239905,10.0102124013356,0 76.2726913911921,10.0102560963581,0 76.2726819597799,10.0102996834486,0 76.2726742710994,10.0103423920861,0 76.272672446621,10.0103592825112,0 76.2726735650236,10.0103961038647,0 76.2726789369489,10.0104324696248,0 76.2726861665903,10.0104697934452,0 76.272687530233,10.0104935292024,0 76.2726874080621,10.0105012459107,0 76.2726868412251,10.0105069695266,0 76.2726844409267,10.0105194659402,0 76.2726826065669,10.0105262387379,0 76.2726775876794,10.0105374665782,0 76.2726728688292,10.0105453018271,0 76.2726254862912,10.0105883740189,0 76.2726079898044,10.0106095053903,0 76.2726014886967,10.0106206403407,0 76.2725933023496,10.0106456234276,0 76.2725825063965,10.0107147296386,0 76.2725758391004,10.0107393827481,0 76.2725699183044,10.0107565889684,0 76.2725559243489,10.0107860049683,0 76.2725516115372,10.0107931218848,0 76.272546394122,10.0108036101582,0 76.2725382212496,10.010827084038,0 76.2725361236834,10.010840630505,0 76.2725362898717,10.010847672226,0 76.2725535851359,10.0109203868328,0 76.2725875109109,10.0110003076836,0 76.2725967599651,10.0110227270609,0 76.2726003083105,10.0110344237421,0 76.2726019683971,10.0110458824553,0 76.2726025612852,10.0110643457296,0 76.2725993453165,10.0110960131044,0 76.2725984182551,10.0111160421844,0 76.2725986814615,10.0111243427386,0 76.2726006496703,10.0111326353309,0 76.2726024786402,10.0111365657755,0 76.2726110180253,10.0111479899842,0 76.2726244711949,10.0111626625813,0 76.2726540904465,10.0111921245455,0 76.2726612796637,10.0112015777803,0 76.272669463316,10.0112143731746,0 76.2726715905266,10.0112180152264,0 76.2726778634622,10.0112327364753,0 76.272685305106,10.0112500744804,0 76.2726863435585,10.0112518879867,0 76.2726927206987,10.0112612757566,0 76.2727024647245,10.0112713367351,0 76.2727104166114,10.0112806448871,0 76.2727147932035,10.0112880484151,0 76.2727212673618,10.0113011569675,0 76.2727242874978,10.0113118203826,0 76.2727278645892,10.0113310346986,0 76.2727305191109,10.0113495996899,0 76.2727334970261,10.0113881955126,0 76.2727304274827,10.0114516885459,0 76.2727290252126,10.0114652075631,0 76.2727201902817,10.0115062626616,0 76.272714868662,10.0115217420309,0 76.2726916939243,10.0115730898661,0 76.2726699484062,10.0116411891636,0 76.2726293759964,10.0118209887563,0 76.2725972908694,10.0119710689296,0 76.2725885520583,10.0120428384945,0 76.2725798132472,10.0121752302951,0 76.2725798132472,10.0122358525354,0 76.2725813628411,10.0122617820569,0 76.272590656811,10.01230739646,0 76.2726063521757,10.0123472846194,0 76.2726182377852,10.0123722525347,0 76.2726422317864,10.0124127616992,0 76.2726598064266,10.0124502171023,0 76.2727384054208,10.0127296684203,0 76.2727563726248,10.0128428386383,0 76.2727718676651,10.0129801672465,0 76.2727718676651,10.0130324667154,0 76.2727643945802,10.0130900651227,0 76.2727241249027,10.013207286829,0 76.27269132831,10.013266911012,0 76.2726448755283,10.013408723637,0 76.272628400426,10.0134819808335,0 76.2726243068033,10.0135908222905,0 76.2726363891438,10.0136649897308,0 76.2726495970735,10.0137092141821,0 76.2726673657498,10.0137687055783,0 76.2727085238611,10.0138704256672,0 76.2727212628702,10.0138934233942,0 76.2727433892739,10.0139691087901,0 76.2727487171819,10.0140577814151,0 76.2727431521187,10.0141071065861,0 76.2727204355218,10.0142018689607,0 76.2726520961866,10.0143829126917,0 76.2726085979639,10.0144813453089,0 76.2725314524439,10.0146215164182,0 76.2725011316081,10.014665826548,0 76.2724627888169,10.0147020122502,0 76.2724320251116,10.0147199719633,0 76.2723798069425,10.014741929308,0 76.2727981272175,10.0148881493862,0 76.2732026610478,10.0149829991107,0 76.2735140880922,10.0150478130731,0 76.2736096032614,10.0150596697267,0 76.2738094622424,10.0151047237677,0 76.2739138060543,10.0151379211523,0 76.2741070812826,10.0152352327189,0 76.2741431522345,10.0152491319677,0 76.2742044981853,10.0152635151066,0 76.2742547903664,10.0152707681572,0 76.274331344795,10.0152755301003,0 76.274395743221,10.015274553473,0 76.2744330188138,10.0152718898633,0 76.27457679148,10.0152533215579,0 76.2747602966313,10.0152392241529,0 76.2747943230177,10.0152391923064,0 76.2748262482446,10.0152412791399,0 76.2748510237801,10.0152445062567,0 76.2749127631929,10.0152555605471,0 76.2749463601846,10.0152637168013,0 76.2749668220101,10.0152703311519,0 76.2750014520643,10.0152840003964,0 76.2750612897437,10.0153137946059,0 76.2751065738172,10.0153319374028,0 76.275119320911,10.0153364180338,0 76.2751783501067,10.0153551252208,0 76.2753933627683,10.0154125294828,0 76.2754769429206,10.015430443156,0 76.2755216574622,10.0154379810525,0 76.2760488454647,10.0154951880283,0 76.2763699033473,10.0155362912713,0 76.2764036153233,10.0153212971201,0</coordinates></LinearRing></outerBoundaryIs></Polygon></Placemark><Placemark><Style><LineStyle><color>ff0000ff</color></LineStyle><PolyStyle><fill>0</fill></PolyStyle></Style><ExtendedData><SchemaData schemaUrl="#wards"><SimpleData name="ward_id">73</SimpleData><SimpleData name="ward_name">Pachalam</SimpleData><SimpleData name="Ward_Name">73 - Pachalam</SimpleData><SimpleData name="Corporation">Kochi Corporation</SimpleData><SimpleData name="ac">Ernakulam</SimpleData><SimpleData name="AC_NAME">Ernakulam</SimpleData><SimpleData name="mla_name">T. J. Vinod</SimpleData></SchemaData></ExtendedData><Polygon><outerBoundaryIs><LinearRing><coordinates>76.2844975159833,10.0102528453064,0 76.2845554707938,10.0101933948438,0 76.2847694827322,10.0099780583355,0 76.2848753321204,10.0098462238472,0 76.2849326383473,10.0097632321223,0 76.2850037705448,10.0096283225325,0 76.2851804646696,10.0092322328473,0 76.2851992143062,10.0091932519486,0 76.2852110873393,10.0091600132623,0 76.2852226944711,10.0091157740369,0 76.2852271743694,10.009048335038,0 76.2852246995108,10.0090073999401,0 76.2852086762611,10.0089058384476,0 76.2851818804145,10.008767488121,0 76.2851121001815,10.008529165831,0 76.2850962835443,10.0084344584175,0 76.2850914524047,10.0083772723132,0 76.2850895560611,10.0082963759375,0 76.2851043028049,10.0079714323013,0 76.2851190118193,10.0078605480806,0 76.2852090032479,10.0073829731141,0 76.2853117417703,10.006938923873,0 76.2853377228449,10.0066805054244,0 76.2853364445423,10.0066523664867,0 76.2853289687625,10.0066105119355,0 76.2853092103178,10.0065326768935,0 76.2852934359014,10.0064940336071,0 76.2852672221631,10.0064494941219,0 76.2852436368953,10.0064206368281,0 76.285209525169,10.0063882550843,0 76.2851867897075,10.0063697933134,0 76.2851766513212,10.006358345051,0 76.2851591638176,10.0063331847039,0 76.2851372395347,10.0062922784572,0 76.2851255856906,10.0062606159218,0 76.2851167839974,10.0062208393651,0 76.2851113761394,10.0061637784915,0 76.2851104562645,10.0060213859086,0 76.2851222340763,10.0057728474097,0 76.2851326186009,10.005700566899,0 76.2851550369572,10.0056071422913,0 76.285220127086,10.0054237457965,0 76.2852552224675,10.0053543270614,0 76.2853516961392,10.0051908271712,0 76.2854002114527,10.0051261872868,0 76.2854204900219,10.0050962320198,0 76.2854330906904,10.0050804338687,0 76.2854383242753,10.0050755169616,0 76.2854525544877,10.0050662413639,0 76.285463257016,10.0050602796801,0 76.2854832544125,10.0050515242586,0 76.2854941168409,10.0050478564827,0 76.2855411759854,10.0050404253881,0 76.2856445011077,10.0050389506697,0 76.2857538880615,10.0050362232809,0 76.2858322921212,10.0050439825823,0 76.2859801629018,10.0050733159423,0 76.2860052474578,10.0050824393793,0 76.2860531339507,10.0051096044491,0 76.2860877909543,10.0051425914235,0 76.2861044502113,10.0051635904514,0 76.2861430094965,10.0052024541749,0 76.2861649104232,10.0052203179863,0 76.286195826842,10.0052398033668,0 76.2862639847175,10.0052699735914,0 76.2863518606136,10.00529629734,0 76.2864174061882,10.0053081322334,0 76.2864867417552,10.0053126864291,0 76.2865178153792,10.0053099864669,0 76.2865774877685,10.0052940653594,0 76.2867215038783,10.0052274934119,0 76.2867664205407,10.005196787968,0 76.2867773027321,10.0051867869577,0 76.2867881903134,10.0051767815238,0 76.2868589137774,10.0050764883117,0 76.2868871559116,10.0050247900106,0 76.2869086669694,10.0049640638039,0 76.2869342815314,10.0048770996168,0 76.2869432961252,10.0048194670201,0 76.2869400648852,10.0047669609882,0 76.2869285161439,10.0046878330233,0 76.2869011588502,10.0046002813511,0 76.2867673862297,10.0045475841982,0 76.2865578056806,10.0044817145144,0 76.2861924410917,10.004335661372,0 76.2857559155591,10.004091038843,0 76.2852755549357,10.0038338256855,0 76.2849394853064,10.0036377678497,0 76.2846289862217,10.0034668908136,0 76.2842673460479,10.00328702113,0 76.2842746520461,10.0032654372213,0 76.2844963975807,10.0028586920065,0 76.2845249092095,10.0027831853759,0 76.2845587065255,10.0026498228116,0 76.2846303274064,10.0024453290167,0 76.2846446205009,10.0024102619296,0 76.2847065746111,10.002239888505,0 76.2847206018043,10.0021961437475,0 76.2847217705125,10.0021869344172,0 76.2847194321978,10.0021696667011,0 76.2847100807357,10.0021547017593,0 76.2846902091033,10.0021374340414,0 76.2846381184949,10.0021088700723,0 76.2842856105943,10.0019325975596,0 76.2841329410134,10.0018412092467,0 76.2840524861,10.0017877649907,0 76.2837774102818,10.0015927975947,0 76.2837175788907,10.0015476735594,0 76.283308451076,10.0012814640057,0 76.2831346818657,10.0011440791391,0 76.2827400438766,10.0008634828245,0 76.282506232171,10.0007324434895,0 76.2821997853866,10.0006051480089,0 76.2819075508483,10.0004828358052,0 76.2817900862434,10.0004130232222,0 76.2815360929867,10.0002837397696,0 76.2819070945041,9.9999127544162,0 76.2817796981254,9.99987127144195,0 76.281434496223,9.99974536101503,0 76.2809705738709,9.99961045699521,0 76.2810198877868,9.99940360452786,0 76.2807077393952,9.99937549857726,0 76.2806771050474,9.99936824340216,0 76.280208323708,9.99925722177471,0 76.2800262899971,9.99921833610786,0 76.2798751502472,9.99918202659566,0 76.2797781187218,9.99971601921191,0 76.279695357833,10.0003371391551,0 76.2796382806765,10.0008177341141,0 76.2795477547503,10.0013642066535,0 76.2795410883526,10.0014962471732,0 76.2795416830373,10.0015354501617,0 76.2795335451991,10.0016530511368,0 76.2795112265559,10.0018534538649,0 76.2794856560114,10.0020890846035,0 76.27946556519,10.0022680561342,0 76.2787925752269,10.005180375872,0 76.2782806046853,10.0072147396081,0 76.2782271396545,10.0074231033874,0 76.2781764692826,10.0076684620867,0 76.2781029071423,10.0081052535808,0 76.2779858988816,10.0086729594752,0 76.2778774524638,10.0091985084961,0 76.2777518832585,10.0098477135827,0 76.2776177513119,10.010466004535,0 76.2774727389705,10.0111858206196,0 76.2777271292825,10.0112474214534,0 76.2778369977334,10.0112605353153,0 76.2782336488471,10.0112806696569,0 76.2786221297832,10.0113043823542,0 76.2790635852701,10.0113407418201,0 76.2794584873639,10.0114276892371,0 76.279702492253,10.0115241208184,0 76.2797197830256,10.0115287642751,0 76.2797542774341,10.0115393047183,0 76.2797708387747,10.0115443648386,0 76.2797518268301,10.0115942317891,0 76.2797399915262,10.0116278240805,0 76.279730745167,10.0116743647866,0 76.2797348549594,10.0117006694386,0 76.2797492378854,10.0117138222062,0 76.2798427300486,10.0117532805055,0 76.2801745766977,10.0118716544902,0 76.2807016263597,10.0120780496215,0 76.2810766226852,10.0121923762842,0 76.2813398910472,10.0122592148477,0 76.2818760586093,10.0123556461819,0 76.2822603084806,10.0124211568761,0 76.2824593095705,10.0124432638795,0 76.2824738227522,10.0124433107651,0 76.2829047544755,10.0124575728335,0 76.2832212938321,10.0124947601874,0 76.2836884339496,10.0125564147355,0 76.2837090359123,10.0122831928638,0 76.2837170012739,10.0122053945673,0 76.2837730732157,10.0116577672446,0 76.2837773662644,10.0116158399139,0 76.2837958005923,10.0114663920915,0 76.2838793313373,10.0110831345495,0 76.2839317435426,10.0109423178954,0 76.2840504693821,10.0107307513291,0 76.2841101390766,10.0106502191265,0 76.2843928038622,10.0103602591533,0 76.2844975159833,10.0102528453064,0</coordinates></LinearRing></outerBoundaryIs></Polygon></Placemark><Placemark><Style><LineStyle><color>ff0000ff</color></LineStyle><PolyStyle><fill>0</fill></PolyStyle></Style><ExtendedData><SchemaData schemaUrl="#wards"><SimpleData name="ward_id">68</SimpleData><SimpleData name="ward_name">Ayyappankavu</SimpleData><SimpleData name="Ward_Name">68 - Ayyappankavu</SimpleData><SimpleData name="Corporation">Kochi Corporation</SimpleData><SimpleData name="ac">Ernakulam</SimpleData><SimpleData name="AC_NAME">Ernakulam</SimpleData><SimpleData name="mla_name">T. J. Vinod</SimpleData></SchemaData></ExtendedData><Polygon><outerBoundaryIs><LinearRing><coordinates>76.2798751502472,9.99918202659566,0 76.279903146243,9.99894176426694,0 76.2799488642028,9.99857338539375,0 76.2799696458286,9.99821319197978,0 76.279989945059,9.99790665893022,0 76.2800420114129,9.99759079493063,0 76.2800577813377,9.99750905542778,0 76.2801088793077,9.99732396374744,0 76.2801753788932,9.99708758642586,0 76.2802065504336,9.99695455947027,0 76.2803083780643,9.99661278323956,0 76.2803582525289,9.99642450001682,0 76.2804642366644,9.99616049265408,0 76.2805785329113,9.99589853222417,0 76.2806381487068,9.99571031139995,0 76.2806587407881,9.99562005903554,0 76.2806865948501,9.99545852000658,0 76.2807697186583,9.99514130095067,0 76.280871546289,9.99475245241905,0 76.2809712961165,9.99438202252599,0 76.2810772793537,9.99396247365819,0 76.2811520919488,9.99360022885807,0 76.2812123572263,9.99325435565786,0 76.2812622316909,9.99292690216053,0 76.2813308090797,9.99256670337495,0 76.2814186580263,9.99216116121854,0 76.2814545115859,9.99204148575104,0 76.2814872147538,9.99195310437175,0 76.2814938299475,9.99193131003888,0 76.2815423245998,9.99177155094346,0 76.2815947296186,9.99155364016099,0 76.2817256509864,9.99105631701644,0 76.2818274786171,9.99070225504493,0 76.2819563212834,9.99034000661319,0 76.2821495857319,9.9898549620709,0 76.2822846636045,9.98950089879166,0 76.2824218192804,9.98904655112375,0 76.2825444276386,9.98868020823218,0 76.2823087770817,9.98861853499817,0 76.2819189154349,9.98853694540814,0 76.2812532700976,9.98839943837553,0 76.2804869658377,9.98823634841979,0 76.2798700262568,9.98812442413594,0 76.2791037219969,9.98793575203842,0 76.2779205769874,9.98767592684535,0 76.2768855794395,9.98742609503952,0 76.2761397720395,9.98725621008051,0 76.275340389116,9.98701477201632,0 76.2744701794221,9.98680371450154,0 76.2742558737347,9.98671737182656,0 76.2742883442389,9.98644555437279,0 76.2744356113517,9.98576872004358,0 76.2744490735045,9.98553736299915,0 76.2744452179353,9.98542090985381,0 76.2744409922602,9.98540088626787,0 76.2744356544708,9.98539018749903,0 76.2744170701242,9.98536921373518,0 76.2744006471242,9.98535647482933,0 76.2738830522305,9.98513285072718,0 76.2735693066344,9.9849433134192,0 76.2730142448068,9.98458014643953,0 76.2726752260085,9.98440095372729,0 76.2724350910617,9.9848753721984,0 76.2719672224106,9.98586331904972,0 76.2715548633558,9.98662477780853,0 76.271023554781,9.98785872821849,0 76.2705001756353,9.98884276183827,0 76.2698221631914,9.99020556403986,0 76.2691877639546,9.99138483314219,0 76.2690450243509,9.99164645837217,0 76.2688983204819,9.99220875660879,0 76.2686791567054,9.99303164201959,0 76.2685811208635,9.99339973257243,0 76.2685095035758,9.9936823444502,0 76.2693706492684,9.99388978887356,0 76.2703618970653,9.99428637233939,0 76.2708761071069,9.99463414562437,0 76.2715575897427,9.99542731025634,0 76.2722080957726,9.9964401181146,0 76.272524828267,9.99719240633462,0 76.2727346953786,9.99769087105437,0 76.2729205550143,9.99850233209048,0 76.2729701168651,9.99944191602212,0 76.2729395238398,9.99994102398393,0 76.2729352173164,10.0000112851949,0 76.2729419277315,10.0000900798946,0 76.2729635753332,10.0001552374269,0 76.2730157315187,10.0002671363374,0 76.2730290849753,10.0002865096623,0 76.2730435846824,10.0003038668298,0 76.2730499258899,10.0003102727037,0 76.2730694965867,10.0003243981816,0 76.273079885603,10.0003301193229,0 76.2731183514634,10.000345681499,0 76.2732495728686,10.0003846546129,0 76.273290477655,10.0003932040328,0 76.2734481176143,10.0004153410491,0 76.2737302532923,10.0004481781069,0 76.2741638269608,10.0004986394879,0 76.2749695834313,10.0006196246864,0 76.2754231383266,10.0006238100421,0 76.2758769007329,10.0006181888733,0 76.2763273555422,10.0006422977949,0 76.2763821931987,10.0006413405862,0 76.2764218637,10.0006366332778,0 76.2764983992639,10.0006230279972,0 76.2766011647357,10.0005982228418,0 76.2766507346714,10.0005899105178,0 76.2767177876192,10.000584414971,0 76.2767848630248,10.000588860419,0 76.2768756350893,10.0006015509561,0 76.2771368202582,10.0006752976084,0 76.277500286707,10.0007598371667,0 76.2776574820002,10.0008146368997,0 76.2777343490424,10.000850233189,0 76.2777646590985,10.0008704389493,0 76.2778044338043,10.0008931536196,0 76.2778574002701,10.0009202668444,0 76.2779316154856,10.0009523563091,0 76.2780098713232,10.0009828781439,0 76.2786089523964,10.0011465606237,0 76.2791039250162,10.0012526849879,0 76.2795477547503,10.0013642066535,0 76.2796382806765,10.0008177341141,0 76.279695357833,10.0003371391551,0 76.2797781187218,9.99971601921191,0 76.2798751502472,9.99918202659566,0</coordinates></LinearRing></outerBoundaryIs></Polygon></Placemark><Placemark><Style><LineStyle><color>ff0000ff</color></LineStyle><PolyStyle><fill>0</fill></PolyStyle></Style><ExtendedData><SchemaData schemaUrl="#wards"><SimpleData name="ward_id">69</SimpleData><SimpleData name="ward_name">Thrikkanarvattom</SimpleData><SimpleData name="Ward_Name">69 - Thrikkanarvattom</SimpleData><SimpleData name="Corporation">Kochi Corporation</SimpleData><SimpleData name="ac">Ernakulam</SimpleData><SimpleData name="AC_NAME">Ernakulam</SimpleData><SimpleData name="mla_name">T. J. Vinod</SimpleData></SchemaData></ExtendedData><Polygon><outerBoundaryIs><LinearRing><coordinates>76.2876282076305,10.0003358050774,0 76.287626639172,10.0003269592925,0 76.2876252297153,10.0003228969018,0 76.2876211998729,10.0003155577044,0 76.2876085327291,10.0002985464423,0 76.2876028095625,10.0002920335234,0 76.2875997103747,10.0002890433488,0 76.2875932829289,10.0002841944885,0 76.2875622910516,10.0002663896783,0 76.2874002241945,10.0001983233821,0 76.2873721841813,10.0001820941598,0 76.2873674401782,10.0001784449069,0 76.2873643975844,10.0001741029594,0 76.2873616900621,10.0001681588792,0 76.2873610477667,10.0001659419027,0 76.2873601377733,10.0001614955643,0 76.2873587112486,10.0001495746707,0 76.2873586618413,10.0001419214125,0 76.2873591289652,10.0001345379777,0 76.2873613316343,10.0001200780872,0 76.2873635127438,10.0001112836072,0 76.2873739619472,10.0000816897068,0 76.2874893756983,9.99981837712557,0 76.2875211077874,9.99976315877641,0 76.2877064607732,9.99948205258454,0 76.2877635738623,9.99940559414952,0 76.2877877915441,9.99936479938348,0 76.2878415799683,9.99926242097952,0 76.2878644223294,9.99919952271541,0 76.2878976465202,9.99906046405677,0 76.2879096516056,9.99894223225773,0 76.2879309767122,9.99883305856254,0 76.2879620683025,9.99874120227151,0 76.2879771213717,9.9986803430742,0 76.287992371172,9.99860088718297,0 76.2879926918705,9.99857062344855,0 76.2879829864722,9.99849197965937,0 76.2879714889349,9.99843649479853,0 76.2879696923043,9.99838358078579,0 76.2879746483097,9.99828766195154,0 76.2879803445269,9.99825138860693,0 76.2880029227833,9.99818613160946,0 76.2880198048224,9.99815714795808,0 76.2881260288081,9.99806314968236,0 76.2881542125519,9.99804372668325,0 76.288164042816,9.99803778610277,0 76.2881830619472,9.99802900837519,0 76.2882014450712,9.99802333231174,0 76.2882257184485,9.99801866035235,0 76.2882708219606,9.998016376126,0 76.2882949578956,9.99801854357548,0 76.2883288710942,9.99802748939126,0 76.288359342847,9.99803956783459,0 76.2884525026335,9.99808630600069,0 76.2884913377016,9.99810542820848,0 76.288508439828,9.99811015590101,0 76.2885176071354,9.99811084506127,0 76.2885381435211,9.99810911198686,0 76.2885601208046,9.99810443206664,0 76.2885684302209,9.99810204521883,0 76.2885767162811,9.9980984021353,0 76.288586525884,9.99809255356182,0 76.2885894660699,9.9980904931583,0 76.2885963804027,9.99808428363806,0 76.2886003545495,9.99808013452132,0 76.2886092308028,9.99806731295409,0 76.2886158208438,9.99805447015417,0 76.2886179705122,9.99804820224484,0 76.2886209870549,9.99803454996819,0 76.2886362673979,9.9979045879094,0 76.2886368557944,9.99788517551688,0 76.2886361739731,9.99787656675784,0 76.2886313347487,9.99785728618002,0 76.288627155786,9.99784635426705,0 76.2886216554015,9.99783742613976,0 76.2886079677715,9.9978186427463,0 76.2885293930319,9.99772406579585,0 76.2884140888753,9.9975706951273,0 76.2884024889301,9.9975521169629,0 76.2883968879343,9.99754151856198,0 76.2883789324084,9.99749467769526,0 76.28837428722,9.9974789738347,0 76.2883728786617,9.99747073043556,0 76.2883717647507,9.99745561488257,0 76.2883756131334,9.99736591769395,0 76.288372001906,9.997124119995,0 76.2883729747814,9.99711348000036,0 76.2883740294035,9.99710832411025,0 76.2883814108603,9.99708760500404,0 76.2883871501966,9.9970779859241,0 76.2883913049048,9.99707300431458,0 76.2884028006455,9.99706203964224,0 76.2884179776822,9.9970496701042,0 76.2884236002376,9.99704648350164,0 76.2884321387244,9.9970424024917,0 76.2884350546558,9.99704150896904,0 76.2884441572845,9.99704081892181,0 76.2884537216474,9.99704147800538,0 76.2885513191114,9.99705482776459,0 76.2886082058251,9.99706833145684,0 76.2887087668312,9.99710351501299,0 76.2887599537345,9.99712622109976,0 76.2888160562189,9.99715886916939,0 76.2888416788658,9.99717077513325,0 76.2888472520137,9.99717249051915,0 76.2888523310884,9.99717303990268,0 76.2888621047587,9.99717295762784,0 76.2888759064747,9.99717110157855,0 76.2888845626408,9.9971687616117,0 76.288892515426,9.99716533526322,0 76.2889028020343,9.99715964326052,0 76.2889288549742,9.99714253894226,0 76.2889347892449,9.99713740870821,0 76.2889408627546,9.99713038969153,0 76.2890656764768,9.99696312932798,0 76.2892105558675,9.99678276062527,0 76.2892365126876,9.99675683783009,0 76.2892534252695,9.99674153911582,0 76.2892910485102,9.9967118431708,0 76.2896098632995,9.99649021297681,0 76.2896651159777,9.99644653114207,0 76.2896893749819,9.99642610659132,0 76.2897493689681,9.99636791426392,0 76.2898124971764,9.99630119628508,0 76.2896436516323,9.99620206368508,0 76.2892234826244,9.99597425543144,0 76.2888078599902,9.9957245742031,0 76.2885708619604,9.99556311219322,0 76.2884468809765,9.9954931048085,0 76.2879620683025,9.99528456175002,0 76.2873718841439,9.9950410196806,0 76.2869624958178,9.99491822500076,0 76.286958339313,9.9948650140469,0 76.2869811987421,9.99469924143806,0 76.2866953287675,9.99453602724715,0 76.2862050237939,9.99417467838592,0 76.2860820183803,9.99405354127678,0 76.2857601771668,9.99373658183211,0 76.285489834572,9.99349531047567,0 76.2853785162403,9.9933783532542,0 76.2852604812052,9.99323473420169,0 76.285219845015,9.99317744456793,0 76.2851740399187,9.99312474644737,0 76.2851594351088,9.99311009603748,0 76.2851128583596,9.99307413087081,0 76.2850535893138,9.99304560060795,0 76.2846911181984,9.99291053014052,0 76.2840843089189,9.9926894980582,0 76.2836233698719,9.99248539787558,0 76.2835011217381,9.99242133670423,0 76.283352562848,9.99232419081686,0 76.2832801577378,9.99228790619061,0 76.2831913763399,9.99225237000713,0 76.2827896452533,9.99212873293467,0 76.282432209195,9.99206119486347,0 76.2819355405559,9.99200389086791,0 76.2814938299475,9.99193131003888,0 76.2814872147538,9.99195310437175,0 76.2814545115859,9.99204148575104,0 76.2814186580263,9.99216116121854,0 76.2813308090797,9.99256670337495,0 76.2812622316909,9.99292690216053,0 76.2812123572263,9.99325435565786,0 76.2811520919488,9.99360022885807,0 76.2810772793537,9.99396247365819,0 76.2809712961165,9.99438202252599,0 76.280871546289,9.99475245241905,0 76.2807697186583,9.99514130095067,0 76.2806865948501,9.99545852000658,0 76.2806587407881,9.99562005903554,0 76.2806381487068,9.99571031139995,0 76.2805785329113,9.99589853222417,0 76.2804642366644,9.99616049265408,0 76.2803582525289,9.99642450001682,0 76.2803083780643,9.99661278323956,0 76.2802065504336,9.99695455947027,0 76.2801753788932,9.99708758642586,0 76.2801088793077,9.99732396374744,0 76.2800577813377,9.99750905542778,0 76.2800420114129,9.99759079493063,0 76.279989945059,9.99790665893022,0 76.2799696458286,9.99821319197978,0 76.2799488642028,9.99857338539375,0 76.279903146243,9.99894176426694,0 76.2798751502472,9.99918202659566,0 76.2800262899971,9.99921833610786,0 76.280208323708,9.99925722177471,0 76.2806771050474,9.99936824340216,0 76.2807077393952,9.99937549857726,0 76.2810198877868,9.99940360452786,0 76.2809705738709,9.99961045699521,0 76.281434496223,9.99974536101503,0 76.2817796981254,9.99987127144195,0 76.2819070945041,9.9999127544162,0 76.2815360929867,10.0002837397696,0 76.2817900862434,10.0004130232222,0 76.2819075508483,10.0004828358052,0 76.2821997853866,10.0006051480089,0 76.282506232171,10.0007324434895,0 76.2827400438766,10.0008634828245,0 76.2831346818657,10.0011440791391,0 76.283308451076,10.0012814640057,0 76.2837175788907,10.0015476735594,0 76.2837774102818,10.0015927975947,0 76.2840524861,10.0017877649907,0 76.2841329410134,10.0018412092467,0 76.2842856105943,10.0019325975596,0 76.2846381184949,10.0021088700723,0 76.2846902091033,10.0021374340414,0 76.2847100807357,10.0021547017593,0 76.2847194321978,10.0021696667011,0 76.2847217705125,10.0021869344172,0 76.2847206018043,10.0021961437475,0 76.2847065746111,10.002239888505,0 76.2846446205009,10.0024102619296,0 76.2846303274064,10.0024453290167,0 76.2845587065255,10.0026498228116,0 76.2845249092095,10.0027831853759,0 76.2844963975807,10.0028586920065,0 76.2842746520461,10.0032654372213,0 76.2842673460479,10.00328702113,0 76.2846289862217,10.0034668908136,0 76.2849394853064,10.0036377678497,0 76.2852755549357,10.0038338256855,0 76.2857559155591,10.004091038843,0 76.2861924410917,10.004335661372,0 76.2865578056806,10.0044817145144,0 76.2867673862297,10.0045475841982,0 76.2869011588502,10.0046002813511,0 76.2870819241399,10.0045080073639,0 76.2870941124817,10.0045009354272,0 76.287101133714,10.0044962202128,0 76.2871156657603,10.0044830671529,0 76.2871328110058,10.0044638073142,0 76.2871432727856,10.0044500933812,0 76.2871479413302,10.0044426224634,0 76.2871507656334,10.0044356018352,0 76.2871527230624,10.004428437008,0 76.2871548592561,10.004414467408,0 76.2871558491996,10.004401846023,0 76.2871540956881,10.0043809247956,0 76.287138210779,10.0042526505456,0 76.2871340866135,10.0041915411383,0 76.2871340866135,10.0041158976957,0 76.2871270168722,10.004051317754,0 76.2871168434516,10.0040044601326,0 76.2869818805634,10.0035348423041,0 76.2868894717684,10.0032934853326,0 76.2868554363989,10.0031917787383,0 76.2867635162875,10.0028309508348,0 76.286679844507,10.0025438793746,0 76.2866715036495,10.0025054382009,0 76.2866688572127,10.0024865374174,0 76.2866641886682,10.0024161502351,0 76.2866646683685,10.0023911435138,0 76.2866746217019,10.0023097219274,0 76.2866953925479,10.0022138617551,0 76.2867732576184,10.0019419900222,0 76.2867854576383,10.0018887802183,0 76.2867872866082,10.0018789286142,0 76.2867888200324,10.0018668467749,0 76.2867888640498,10.001846235901,0 76.2867882010931,10.0018405006318,0 76.2867873710498,10.0018369133239,0 76.2867855438765,10.0018311621307,0 76.2867845458482,10.0018289973606,0 76.2867803713771,10.0018217174697,0 76.2867755240679,10.0018151523863,0 76.2867705662658,10.001810179696,0 76.2867678246076,10.0018082077823,0 76.2867627078037,10.0018060686674,0 76.2866401281916,10.0017789077447,0 76.2864835033286,10.0017464353025,0 76.286462462988,10.0017407009163,0 76.2864496089946,10.0017353097792,0 76.2864321682033,10.0017255147888,0 76.2863576619337,10.0016765982205,0 76.2863448097369,10.0016666740675,0 76.2863364563031,10.0016588421431,0 76.2863283346346,10.0016476078031,0 76.2863267239553,10.0016442876615,0 76.2863242023843,10.0016364345045,0 76.2863204474264,10.0016177512977,0 76.2863186705587,10.0015983753982,0 76.2863186705587,10.001466203105,0 76.286320369273,10.0014384591604,0 76.2863220670888,10.001425199817,0 76.2863274390142,10.0014031000255,0 76.2863316036039,10.0013904263282,0 76.2863539914174,10.0013388309462,0 76.2864278428152,10.0012009489224,0 76.2864765476733,10.0011323237138,0 76.2865020005386,10.0011025485501,0 76.2865555149767,10.0010510265496,0 76.2865847865802,10.0010283437383,0 76.2866475267163,10.0009903190626,0 76.2867086480882,10.0009623017158,0 76.2867668661052,10.0009470323935,0 76.2869492241078,10.0009213770994,0 76.2871499158271,10.0009107301518,0 76.2872353402208,10.0009097287105,0 76.2872630586372,10.0009116962064,0 76.2872793693478,10.0009140883415,0 76.2873053198797,10.0009198890923,0 76.2873074668532,10.000920508358,0 76.2873327705982,10.0009299362365,0 76.2873472514405,10.0009352884617,0 76.2873564286295,10.0009374293517,0 76.2873634893876,10.0009384626408,0 76.28736909757,10.0009388518936,0 76.2873721626217,10.0009388315463,0 76.2873789628684,10.0009383202097,0 76.2873962042336,10.0009360563512,0 76.2874009203889,10.0009346603493,0 76.2874024529148,10.0009340702776,0 76.2874055215597,10.0009323938368,0 76.2874080988263,10.0009301883661,0 76.2874115780014,10.0009264515398,0 76.2874135614815,10.0009239488215,0 76.2874488940183,10.0008705937658,0 76.2874616132644,10.0008440476075,0 76.2875168327049,10.0006980812962,0 76.2876077502965,10.0004262755296,0 76.2876262753543,10.0003695188481,0 76.2876276264205,10.0003625874833,0 76.2876282417665,10.0003579111342,0 76.2876286801443,10.0003498527034,0 76.2876282076305,10.0003358050774,0</coordinates></LinearRing></outerBoundaryIs></Polygon></Placemark><Placemark><Style><LineStyle><color>ff0000ff</color></LineStyle><PolyStyle><fill>0</fill></PolyStyle></Style><ExtendedData><SchemaData schemaUrl="#wards"><SimpleData name="ward_id">66</SimpleData><SimpleData name="ward_name">Ernakulam Central</SimpleData><SimpleData name="Ward_Name">66 - Ernakulam Central</SimpleData><SimpleData name="Corporation">Kochi Corporation</SimpleData><SimpleData name="ac">Ernakulam</SimpleData><SimpleData name="AC_NAME">Ernakulam</SimpleData><SimpleData name="mla_name">T. J. Vinod</SimpleData></SchemaData></ExtendedData><Polygon><outerBoundaryIs><LinearRing><coordinates>76.287630286332,9.9866873759362,0 76.2876397321173,9.98664462791713,0 76.2876798167419,9.98646322015646,0 76.287892545886,9.98545293537975,0 76.2880816385584,9.98444730369624,0 76.2881810353479,9.98394632998569,0 76.2882732330388,9.98351561231653,0 76.2883860282008,9.98307126417518,0 76.2884518091341,9.98274544334381,0 76.2884958813803,9.98252716201338,0 76.2887340067958,9.98123019144584,0 76.289050735697,9.97971706733214,0 76.2892950783526,9.97842654142015,0 76.2898023776548,9.97636135401037,0 76.2898359710531,9.97617568672504,0 76.2899820155587,9.97536854148068,0 76.2901261538394,9.97470861886818,0 76.2901569256294,9.97456773514666,0 76.290229129517,9.97430698888968,0 76.2902687910351,9.97416376220796,0 76.2893659302756,9.97401410783804,0 76.2883584427351,9.97383900299864,0 76.2878843307927,9.9737060523589,0 76.2872521818357,9.9734498804031,0 76.2860833640566,9.97296671908227,0 76.2858496008601,9.97285322532591,0 76.2852240365541,9.97274945926787,0 76.2852661944904,9.97216391086343,0 76.2828145456547,9.97182349056901,0 76.2828547371788,9.97255183174492,0 76.2828040901631,9.97294726361923,0 76.2827843353117,9.97301211692766,0 76.2827053536352,9.973461781926,0 76.2826412229071,9.97365126752426,0 76.2825575071091,9.97391701219541,0 76.282179528377,9.9751168458244,0 76.2818821159493,9.97597184691451,0 76.2817153122758,9.97660380768486,0 76.281696038023,9.97705443562045,0 76.2816611842884,9.9774930500816,0 76.281606968266,9.9779450136106,0 76.2815798598057,9.97835883594606,0 76.2815701777635,9.97855907254247,0 76.281525642885,9.97888707841118,0 76.2814752994999,9.97916931626908,0 76.2813978467561,9.97959648663965,0 76.2812855411759,9.98004081829038,0 76.2811948975704,9.9805061278369,0 76.2811101846425,9.98100671491113,0 76.2810284963422,9.98158775393614,0 76.280925630259,9.9821032379741,0 76.2808318407534,9.9826246806369,0 76.2807198980926,9.98312824505411,0 76.2806321596388,9.98362584926961,0 76.2804328558166,9.98514100419879,0 76.2803580513063,9.98553294654075,0 76.2803444975253,9.98559397009995,0 76.2808518094039,9.98570838835783,0 76.2814869165131,9.9858475969334,0 76.2820813622793,9.98599061941685,0 76.2829496738329,9.9862390022929,0 76.283470056199,9.98637010674431,0 76.2838100882969,9.98650202418637,0 76.2843383677526,9.98675150016609,0 76.2847059727399,9.98698001910389,0 76.284830179201,9.98707296601732,0 76.285343806236,9.98751618158453,0 76.2854599170798,9.98763497843899,0 76.285839004333,9.98808041383832,0 76.2861960100983,9.98858099014725,0 76.286549991236,9.98917095374635,0 76.2868253095992,9.98959107853996,0 76.2870080790303,9.98984306645549,0 76.2871530177098,9.98898920855505,0 76.287244583885,9.9885352317461,0 76.2872859656769,9.98833006466301,0 76.2874812701995,9.98736176569165,0 76.287630286332,9.9866873759362,0</coordinates></LinearRing></outerBoundaryIs></Polygon></Placemark><Placemark><Style><LineStyle><color>ff0000ff</color></LineStyle><PolyStyle><fill>0</fill></PolyStyle></Style><ExtendedData><SchemaData schemaUrl="#wards"><SimpleData name="ward_id">62</SimpleData><SimpleData name="ward_name">Ernakulam South</SimpleData><SimpleData name="Ward_Name">62 - Ernakulam South</SimpleData><SimpleData name="Corporation">Kochi Corporation</SimpleData><SimpleData name="ac">Ernakulam</SimpleData><SimpleData name="AC_NAME">Ernakulam</SimpleData><SimpleData name="mla_name">T. J. Vinod</SimpleData></SchemaData></ExtendedData><Polygon><outerBoundaryIs><LinearRing><coordinates>76.2907809304601,9.97214668313682,0 76.2910031134742,9.97085700047931,0 76.2912347512568,9.96959990338923,0 76.2915656627597,9.96794704636302,0 76.2918020283755,9.96651301198193,0 76.2920242086947,9.96513018755196,0 76.2909227492906,9.96499050739177,0 76.2900009241972,9.9648973869568,0 76.2892085256749,9.96479130736383,0 76.2887225963951,9.96468695391058,0 76.287982364838,9.96449231642707,0 76.2874576337277,9.96432004391339,0 76.28681067245,9.96409381831668,0 76.2865381631186,9.96401373110884,0 76.2858881682302,9.96386841185644,0 76.2848375714374,9.9635750834662,0 76.2847014245696,9.96379261217052,0 76.2842748326075,9.96367341820822,0 76.283773618493,9.96349783977229,0 76.2836282980295,9.96345122139281,0 76.2832703750843,9.9633515948233,0 76.2828841668858,9.96325715473174,0 76.2826339366719,9.96315405096478,0 76.2824948639912,9.96352346970337,0 76.282696853776,9.96362753244064,0 76.2823726481967,9.9643785268631,0 76.2820481452751,9.96486001366981,0 76.2819680730439,9.96503642127998,0 76.2818357341346,9.96496701781787,0 76.2816296129977,9.96533086581035,0 76.2815627477978,9.96547838304387,0 76.2809271331405,9.96674444978072,0 76.2805778205473,9.96752131525814,0 76.2798746364108,9.96869868378457,0 76.2797572912819,9.9689533651285,0 76.2796873421657,9.96924179512002,0 76.2796386723419,9.96938889209669,0 76.2795224087846,9.9696806501334,0 76.2793182881958,9.97013900265572,0 76.27917374747,9.97047490453155,0 76.2791655934622,9.97049784693431,0 76.2790338213898,9.97082989182746,0 76.2788960332999,9.97117709827862,0 76.2786849049536,9.97168734783232,0 76.2782341267508,9.97275173040046,0 76.2809898759715,9.97369184079041,0 76.281134564021,9.97321683713752,0 76.2826412229071,9.97365126752426,0 76.2827053536352,9.973461781926,0 76.2827843353117,9.97301211692766,0 76.2828040901631,9.97294726361923,0 76.2828547371788,9.97255183174492,0 76.2828145456547,9.97182349056901,0 76.2852661944904,9.97216391086343,0 76.2852240365541,9.97274945926787,0 76.2858496008601,9.97285322532591,0 76.2860833640566,9.97296671908227,0 76.2872521818357,9.9734498804031,0 76.2878843307927,9.9737060523589,0 76.2883584427351,9.97383900299864,0 76.2893659302756,9.97401410783804,0 76.2902687910351,9.97416376220796,0 76.2904689275956,9.9734410170772,0 76.2907809304601,9.97214668313682,0</coordinates></LinearRing></outerBoundaryIs></Polygon></Placemark><Placemark><Style><LineStyle><color>ff0000ff</color></LineStyle><PolyStyle><fill>0</fill></PolyStyle></Style><ExtendedData><SchemaData schemaUrl="#wards"><SimpleData name="ward_id">36</SimpleData><SimpleData name="ward_name">Kunnumpuram</SimpleData><SimpleData name="Ward_Name">36 - Kunnumpuram</SimpleData><SimpleData name="Corporation">Kochi Corporation</SimpleData><SimpleData name="ac">Ernakulam</SimpleData><SimpleData name="AC_NAME">Ernakulam</SimpleData><SimpleData name="mla_name">T. J. Vinod</SimpleData></SchemaData></ExtendedData><Polygon><outerBoundaryIs><LinearRing><coordinates>76.301403962344,10.0430342913447,0 76.3014638278712,10.0430267337456,0 76.3015270881318,10.0430309415521,0 76.3018429429722,10.0430981877242,0 76.3019481437768,10.0431277856594,0 76.3019714586517,10.0431107669133,0 76.3028890823245,10.0424409617839,0 76.3029150068053,10.0424081404779,0 76.3036044826505,10.0413806368704,0 76.303751843188,10.0411610283348,0 76.3037755461351,10.0411376893354,0 76.3039900512485,10.0409439742483,0 76.3040101977654,10.0409147998158,0 76.304016123053,10.0408949618724,0 76.3040208634628,10.0408739563135,0 76.303973817793,10.0407719625275,0 76.3039460769187,10.0407353118061,0 76.3039229300288,10.0406441431849,0 76.3039149449042,10.0405391842905,0 76.3038038403716,10.0403696101956,0 76.3036853292294,10.0402018599708,0 76.303660268928,10.0400833167682,0 76.303533486997,10.03995388018,0 76.3034911188549,10.0398832056881,0 76.3034591208645,10.0398248575137,0 76.3034460845131,10.0397945162465,0 76.3034159891544,10.0396690052185,0 76.303405790581,10.0396264738189,0 76.303389199596,10.0395704590673,0 76.3033773481225,10.0395389510417,0 76.3031370424958,10.0391958963783,0 76.3030808888074,10.0391006565728,0 76.3025478707386,10.0390369318934,0 76.3026774733796,10.0384164406873,0 76.3027853170278,10.0380213229309,0 76.3035314172785,10.0360750848918,0 76.3026805635842,10.0358456787964,0 76.3014726654969,10.0355039532674,0 76.3003535434177,10.0351887176532,0 76.2996567822355,10.0349926885026,0 76.2989411896701,10.0348046062368,0 76.298430052765,10.0346642076745,0 76.2980668755737,10.0345661925131,0 76.2976552755954,10.0344469855854,0 76.2972651974546,10.0343357256286,0 76.2971279977613,10.0342827449362,0 76.2969179240371,10.0341937629352,0 76.2963889834214,10.0339324497612,0 76.2962515636408,10.0338481762597,0 76.2961607781016,10.033786123279,0 76.296011696392,10.0336753319205,0 76.2956309023397,10.0333923329288,0 76.2951701070231,10.0330148439849,0 76.2950888813551,10.03293900735,0 76.2946935372901,10.0325272501676,0 76.2935956531808,10.0313716462797,0 76.2926084666673,10.0303992190606,0 76.2921215411558,10.0299117902616,0 76.2921085425336,10.0299556763542,0 76.2920311347056,10.0304605199085,0 76.2920060600311,10.0308048142835,0 76.2919659116261,10.0309445510812,0 76.2919295684846,10.031032031068,0 76.2918740139725,10.031134709936,0 76.2916829324301,10.0314110703418,0 76.2916342823693,10.0314653792618,0 76.2915796710882,10.0315122541462,0 76.2915568727446,10.0315291726597,0 76.2914769774815,10.0315808525829,0 76.2914518839424,10.0315918638562,0 76.2914180758467,10.031601731365,0 76.2913696853989,10.0316106665245,0 76.2912603999548,10.0316241183575,0 76.2910736716482,10.0316363361987,0 76.290601580017,10.0316363361987,0 76.2901980505031,10.0315992492288,0 76.2897943485128,10.0315302031976,0 76.2893224904435,10.0322978813647,0 76.2883147648493,10.0340535144858,0 76.2881823352101,10.0342503642055,0 76.288087563846,10.0343816058363,0 76.2875891048645,10.034942558895,0 76.2875122234492,10.0350398114413,0 76.2874880551748,10.0350777410144,0 76.2874582589552,10.0351389595962,0 76.2872933363538,10.0355754062533,0 76.2872705128574,10.0356539853243,0 76.2872625483941,10.0356932407967,0 76.2872500869645,10.0357787362941,0 76.2872389119223,10.0359107911097,0 76.2872413310854,10.035986497017,0 76.2872562233562,10.0360508299962,0 76.2872658083803,10.0360737916513,0 76.2874105673967,10.0363588785351,0 76.2874961400124,10.0365692262474,0 76.2877323097955,10.0372365587829,0 76.2877779783479,10.037339183494,0 76.2878058485796,10.0373911853565,0 76.2878717957012,10.0374951005998,0 76.2880518908477,10.0377406470673,0 76.2881614709393,10.0378650407535,0 76.2882611695628,10.0379602694232,0 76.2900022213644,10.0392654883179,0 76.2903609923192,10.0395390279984,0 76.2904449686286,10.039585481548,0 76.2906150233052,10.0396513768289,0 76.2908406747147,10.0396909759102,0 76.2911002995098,10.0396667566679,0 76.2912863594699,10.03961839425,0 76.2914023768888,10.0395884722449,0 76.2914424686999,10.0395868658842,0 76.2915668997398,10.0396162766139,0 76.2916578739252,10.0396497350861,0 76.2917200014103,10.039682438141,0 76.2917729310451,10.0397639847963,0 76.2921192369771,10.0402975231555,0 76.2923250149575,10.0405508064882,0 76.2925565143995,10.0409560581698,0 76.2927057030086,10.041315719375,0 76.2927512350171,10.041456628094,0 76.2927760788246,10.0416099311271,0 76.2927530873432,10.0418958578832,0 76.2926617619165,10.0422848038091,0 76.2924836996575,10.0427614091867,0 76.29240411072,10.0429398868002,0 76.2923438247813,10.0430981877242,0 76.2922702105387,10.0433439767295,0 76.2922600865254,10.0434104338185,0 76.2921878188574,10.0437852711461,0 76.2921625321805,10.0439886084125,0 76.2921667470758,10.0440404800625,0 76.2921709610728,10.0440923517041,0 76.2921836039621,10.0441608227537,0 76.2921983542991,10.044208544965,0 76.292227854973,10.0442521168742,0 76.2922699976379,10.0442790902527,0 76.2923562916008,10.0442914880638,0 76.2924473367531,10.0443045696292,0 76.2924810514241,10.0443098813338,0 76.2924958862027,10.0443337835607,0 76.2924972345739,10.04436034208,0 76.2924362632206,10.0446257829721,0 76.2924121488451,10.0447207628638,0 76.2923446242819,10.0449092471422,0 76.2922594226704,10.0450927663606,0 76.2920532898554,10.045403991535,0 76.2918977043432,10.0456388997901,0 76.2922557611373,10.0458368994448,0 76.2930492250615,10.0461577892926,0 76.2932185754589,10.0462516612884,0 76.293310827947,10.0463303881389,0 76.2934298690951,10.046504389775,0 76.2935293548179,10.0467181195661,0 76.2935646738799,10.0468850517507,0 76.2935096628485,10.0479088148566,0 76.2934940357559,10.048199638145,0 76.2938946161006,10.0483364210432,0 76.2939264425128,10.0483535146998,0 76.2940044180761,10.0484431907056,0 76.2940750768615,10.0484939772006,0 76.2943322043402,10.0486002346651,0 76.2946062614687,10.0487187508641,0 76.2947669565983,10.0488136260633,0 76.2951080828443,10.0491125906718,0 76.2951358587529,10.0491362935237,0 76.2951747450249,10.049156350326,0 76.2952191864786,10.0491709371709,0 76.2963464266332,10.0499029861292,0 76.2968971567844,10.0502305076918,0 76.2969374507165,10.0502491783665,0 76.2969919658778,10.050259681284,0 76.2970488507948,10.0502655156484,0 76.2971377346006,10.05026084798,0 76.2972242477524,10.0502421773059,0 76.2972906143873,10.0502118370159,0 76.2973380184848,10.0501768290535,0 76.2973877932364,10.0501289856577,0 76.2976529076363,10.0497639103023,0 76.2978958075975,10.0494090508909,0 76.2979547748094,10.0485705116267,0 76.2979176609134,10.0482540450848,0 76.2979213404129,10.0482033133934,0 76.2979452616506,10.0481435222717,0 76.2979783825351,10.0480529306872,0 76.2981609893711,10.0476493119079,0 76.2981875031467,10.0475641521333,0 76.2985199435822,10.0468650814924,0 76.2987216980085,10.0464216427272,0 76.2988778593409,10.0461855807135,0 76.299076949364,10.0460160086936,0 76.2996410742945,10.0455729349652,0 76.2997419227615,10.0454808212455,0 76.2998910853195,10.0453322373206,0 76.2999728814177,10.0452294815783,0 76.300311202225,10.0447482855062,0 76.3004517292782,10.0445141691578,0 76.3007098754464,10.0440248545271,0 76.3007602610524,10.0439129176455,0 76.3009080554762,10.0435463669213,0 76.3009445827723,10.0434557749338,0 76.3009721844077,10.0433938785912,0 76.3010109610853,10.0433228926046,0 76.3010515846991,10.0432666741619,0 76.3010922271775,10.0432217859097,0 76.3011996755669,10.0431270054861,0 76.3012851736224,10.0430776732337,0 76.3013418591134,10.0430509783883,0 76.301403962344,10.0430342913447,0</coordinates></LinearRing></outerBoundaryIs></Polygon></Placemark><Placemark><Style><LineStyle><color>ff0000ff</color></LineStyle><PolyStyle><fill>0</fill></PolyStyle></Style><ExtendedData><SchemaData schemaUrl="#wards"><SimpleData name="ward_id">35</SimpleData><SimpleData name="ward_name">Ponekkara</SimpleData><SimpleData name="Ward_Name">35 - Ponekkara</SimpleData><SimpleData name="Corporation">Kochi Corporation</SimpleData><SimpleData name="ac">Thrikkakara</SimpleData><SimpleData name="AC_NAME">Thrikkakara</SimpleData><SimpleData name="mla_name">Uma Thomas</SimpleData></SchemaData></ExtendedData><Polygon><outerBoundaryIs><LinearRing><coordinates>76.300614157258,10.0217704307115,0 76.3006600135583,10.0216589797493,0 76.30067643566,10.0216116151355,0 76.3006841773411,10.0215853457869,0 76.3006879331973,10.0215694573238,0 76.3006975092383,10.0215161136233,0 76.3007053425475,10.0214068316362,0 76.3007238289778,10.0212065789804,0 76.3007341003147,10.0210882473249,0 76.3008266788913,10.0204918194565,0 76.3008839662536,10.020173945475,0 76.3008868067265,10.0201518611137,0 76.3008879125526,10.0201393960326,0 76.3008864420105,10.0200712861343,0 76.3008857673757,10.0200654184952,0 76.3008838952867,10.0200565918248,0 76.3008813198168,10.0200502323405,0 76.3008788665177,10.0200454456984,0 76.3008657331483,10.0200269705506,0 76.3008574991904,10.0200188312237,0 76.3008521640959,10.0200155218854,0 76.3008423877307,10.0200109625883,0 76.3007710740735,10.0199908969037,0 76.3006946040866,10.0199720714459,0 76.3006644548291,10.0199668699189,0 76.3006287036774,10.0199629572737,0 76.3006168728651,10.0199607802399,0 76.3006112530047,10.0199592817047,0 76.3006050600191,10.0199568375177,0 76.3005976552062,10.0199523339505,0 76.3005926614715,10.0199485345356,0 76.3005895550973,10.019945883349,0 76.3005791409282,10.0199341126815,0 76.3005763723205,10.0199286440006,0 76.3005737860708,10.0199199800954,0 76.3005703913373,10.0198974136025,0 76.3005672364541,10.0198629950535,0 76.3005656661989,10.0198086709201,0 76.3005693600714,10.0197602321146,0 76.3005737052224,10.0197261037044,0 76.3006402658934,10.0193813800224,0 76.3006798276985,10.0192493388163,0 76.3008246082745,10.0188691441641,0 76.3010524857093,10.0182686323558,0 76.3011525786932,10.0179113251881,0 76.3011993943942,10.0177086916316,0 76.3012348122709,10.0175143707241,0 76.3012911393342,10.0172943523535,0 76.3013901381701,10.0169567490604,0 76.3014292328513,10.0168522734572,0 76.3014540533025,10.016796470616,0 76.3016669351603,10.0164486626781,0 76.3016738719509,10.0164331968132,0 76.3016875146651,10.0163968370333,0 76.3017016011471,10.0163529499898,0 76.3017037005099,10.0163423867028,0 76.3017092592849,10.0163020806077,0 76.3017098081555,10.0162930760255,0 76.3017094479311,10.0162856354575,0 76.3017079037271,10.0162727119928,0 76.3017067197476,10.0162672290962,0 76.3017033456753,10.0162581696665,0 76.301697008061,10.0162476700693,0 76.3016933447313,10.0162430072184,0 76.3016857404924,10.0162357541894,0 76.3016770870213,10.0162303332158,0 76.3016734497427,10.0162288700483,0 76.3016594908215,10.0162253660541,0 76.3015307056474,10.0162142410269,0 76.3013277349023,10.0161860480691,0 76.3011256714555,10.0161500005338,0 76.3009760067393,10.0161095617211,0 76.3007379639688,10.0160191841014,0 76.3006813404615,10.0160005627613,0 76.3002883607623,10.0159028568817,0 76.2999679209207,10.0158017177439,0 76.2996289946488,10.0156985545524,0 76.2993311501316,10.0156055061343,0 76.2990702793731,10.0155347086762,0 76.298702760624,10.0154631822711,0 76.2985735873777,10.0154338985044,0 76.29851715072,10.0154183565133,0 76.2984945787519,10.0154104921894,0 76.2984190430129,10.0153770604069,0 76.2983802528606,10.0153555551491,0 76.2983294073172,10.0153233662606,0 76.2981335269745,10.0151990886536,0 76.2980821235773,10.0151687132339,0 76.2980645660051,10.0151607533643,0 76.2980616114462,10.0151594848098,0 76.298055080694,10.0151566805437,0 76.2980480774281,10.0151536728134,0 76.2980464865117,10.0151529898817,0 76.2980391885983,10.0151498556497,0 76.2980313678655,10.0151469178048,0 76.2979915329725,10.015135393774,0 76.2979517924027,10.0151261140407,0 76.2979188943003,10.0151220164501,0 76.2978780946167,10.0151204771997,0 76.2978176272184,10.0151228356143,0 76.2977765643284,10.0151230939253,0 76.2976828709426,10.015115531252,0 76.2975981409467,10.015104746768,0 76.2974052268411,10.0150631542717,0 76.2972290672139,10.0150204321015,0 76.2969779746172,10.0149453458434,0 76.2968586100755,10.0149018708398,0 76.2967674355658,10.0148777470537,0 76.2966986515645,10.0148640981385,0 76.296616453021,10.014853430417,0 76.2963311795278,10.0148003518848,0 76.2961335187243,10.0147744676821,0 76.2960432910388,10.0147548015253,0 76.295926803801,10.0147170986924,0 76.2959046899737,10.014707032513,0 76.2958797248936,10.0146914878331,0 76.2958477754122,10.0149120838613,0 76.2958477754122,10.0149602535796,0 76.2958477754122,10.0149987888182,0 76.2958533656282,10.0150538391512,0 76.2958687384976,10.0151033844429,0 76.2958994851349,10.015294684027,0 76.2959050753509,10.015344229282,0 76.2959092677883,10.0153979030784,0 76.2958813167083,10.0156194805604,0 76.2956744787158,10.0156552636518,0 76.2956353472037,10.0159332676176,0 76.2956367449823,10.0159662977234,0 76.2956521178517,10.0160007034165,0 76.2956702862784,10.0160323579248,0 76.2956800689318,10.0160585065297,0 76.2956968395798,10.0161135566829,0 76.2956954418013,10.0161465867703,0 76.295694044921,10.0161892504071,0 76.2956619005052,10.0163736687514,0 76.2956465276357,10.0164108273486,0 76.2956241667717,10.016460372433,0 76.2955830697457,10.0168474053826,0 76.2955577704924,10.016976959126,0 76.2955105253966,10.0173248779596,0 76.2954632811992,10.0176424548476,0 76.2954365778791,10.017929689879,0 76.295444794769,10.0181825377749,0 76.2954797140807,10.0183564961495,0 76.2955334557926,10.0185505414366,0 76.2955461058684,10.0186650763573,0 76.295544748514,10.018727223349,0 76.2955433911597,10.0187893703287,0 76.2955064174008,10.0190145308428,0 76.2954429119002,10.0193298228846,0 76.295408364491,10.019458590983,0 76.2953642913465,10.0195877898376,0 76.2952903168795,10.0198046335423,0 76.2952809007387,10.019842807283,0 76.2952755988819,10.0198758228369,0 76.2952357496159,10.0200915075059,0 76.295221640676,10.0201353807743,0 76.2952059551928,10.0202068513031,0 76.2951723878456,10.0204089640313,0 76.2951650683727,10.0204794543496,0 76.2951519619527,10.0206881041868,0 76.295136186638,10.0208576930082,0 76.2951254526687,10.0209516501839,0 76.2951246684394,10.0209668062196,0 76.295125003511,10.0209727428421,0 76.2951264003913,10.0209809281448,0 76.2951277056434,10.0209837544758,0 76.295129864295,10.0209866754603,0 76.2951327631584,10.0209888586794,0 76.2951365980664,10.0209911825516,0 76.29514471165,10.020994959839,0 76.2951514903371,10.0209977516701,0 76.2951624884112,10.0210013228432,0 76.2951700001236,10.0210028709118,0 76.295321548607,10.0210225074977,0 76.2954209031757,10.0210367382275,0 76.2954461018177,10.0210428703476,0 76.2954771987979,10.0210540987085,0 76.2954960786902,10.0210656251828,0 76.2955007319634,10.021069094625,0 76.295516213529,10.0210861897212,0 76.2955282958696,10.021101392635,0 76.2955363088419,10.0211191644563,0 76.2955490774954,10.0211660319911,0 76.2955512262656,10.0211912256878,0 76.2955511175694,10.02119677927,0 76.2955485861169,10.0212224922304,0 76.2955454411151,10.0212366530672,0 76.2955418083281,10.0212476744227,0 76.2955370059346,10.0212565762525,0 76.2955296577156,10.0212658045031,0 76.2954838229748,10.0213077164328,0 76.2953934425758,10.0213704219912,0 76.2952068211688,10.0215069402256,0 76.2951426113889,10.0215464318335,0 76.2949909883453,10.0216250859604,0 76.2949268827701,10.0216550715475,0 76.294886967927,10.0216695110172,0 76.294823065371,10.0216864035063,0 76.2947559755923,10.0216932680702,0 76.2946646914881,10.0217001317493,0 76.2945024988669,10.0217001317493,0 76.294483315344,10.0217014595469,0 76.294469265693,10.0217030978422,0 76.2944520144462,10.0217062443954,0 76.2944377878271,10.0217114848173,0 76.2944335711351,10.0217135769168,0 76.2944262606453,10.0217185864557,0 76.2944231668475,10.0217215030105,0 76.2944174625455,10.021728538303,0 76.294412107688,10.0217363087052,0 76.294404246531,10.0217498370244,0 76.2943871533878,10.0217891118737,0 76.2943803333781,10.021809152678,0 76.2943783849323,10.0218179969928,0 76.2943766628619,10.021836373847,0 76.2943766628619,10.0219070460843,0 76.2944179557205,10.0221962004747,0 76.2944255096538,10.0222737610695,0 76.2944504190383,10.0226136605727,0 76.294446802421,10.0227014205748,0 76.2944314834504,10.0227829007369,0 76.2943827300833,10.0229378385139,0 76.2943512288612,10.0230232931473,0 76.2943131986837,10.0231153672564,0 76.2940201179324,10.023665281396,0 76.2939418881458,10.0238381991899,0 76.2937997701763,10.0242154546756,0 76.2937692229651,10.0243130324372,0 76.2937543576438,10.0243793748953,0 76.2937451058947,10.0244415084072,0 76.293731684166,10.0245700046722,0 76.2937202602905,10.0247518652935,0 76.2936984932129,10.0249227629661,0 76.2936243004552,10.0252997518099,0 76.2935415458546,10.0256038502277,0 76.2934726432757,10.0258190631338,0 76.2933216113236,10.0263548554188,0 76.2932064446093,10.0267610448449,0 76.2931812980695,10.0268716855333,0 76.2931054982258,10.0273823863618,0 76.2930867288263,10.0274586374026,0 76.2930825974743,10.0274724467835,0 76.2930505150422,10.0275495425892,0 76.2929793837431,10.0276872161524,0 76.2929603466456,10.0277191172056,0 76.2929309879055,10.0277588716651,0 76.292885883495,10.0278114120132,0 76.2927718980653,10.0279268627528,0 76.2925521656552,10.02815482992,0 76.2925070244139,10.0282095728353,0 76.2924842179854,10.0282396798868,0 76.2924468732224,10.0282950685391,0 76.2923088201296,10.0285351401777,0 76.2922639861121,10.0286294887704,0 76.2922398573635,10.0287190225147,0 76.2921534385349,10.0292257424386,0 76.2921437609843,10.0293095854639,0 76.2921215411558,10.0299117902616,0 76.2926084666673,10.0303992190606,0 76.2935956531808,10.0313716462797,0 76.2946935372901,10.0325272501676,0 76.2950888813551,10.03293900735,0 76.2951701070231,10.0330148439849,0 76.2956309023397,10.0333923329288,0 76.296011696392,10.0336753319205,0 76.2961493506329,10.0334116865839,0 76.296210974163,10.0332893142145,0 76.2963340792896,10.0330041697841,0 76.2964065912993,10.032836215828,0 76.2964222246802,10.0328087938992,0 76.2964597338349,10.0327569310642,0 76.2964863302555,10.0327232595807,0 76.2965472575913,10.0326619273161,0 76.2965752823332,10.0326393493264,0 76.2966228256697,10.0325923083043,0 76.2966469589098,10.0325620627784,0 76.2966828582835,10.0325001254311,0 76.2967409307733,10.0323437070172,0 76.2968436360581,10.0320423261645,0 76.2969134755798,10.0317470123746,0 76.296953778495,10.0315188142057,0 76.296984322113,10.031390300351,0 76.297028504852,10.0312312249992,0 76.297118885251,10.0308570259571,0 76.2972195360887,10.0305515976314,0 76.2973427822507,10.0302360564375,0 76.2974317621763,10.0300393236971,0 76.2974867812925,10.0299376953704,0 76.2975018613112,10.0299129464159,0 76.2975809597686,10.0297601332126,0 76.297633460907,10.0296412252756,0 76.2976606304528,10.0295705511865,0 76.2977864673561,10.0292024530003,0 76.2979097135181,10.0288120689384,0 76.2979981032505,10.0285914708677,0 76.2980436119028,10.0284612424004,0 76.2980662171086,10.0283793275628,0 76.2980843226532,10.0282932462822,0 76.2981048581406,10.0281167624244,0 76.2981398331478,10.0278502234864,0 76.2981685298296,10.027671257221,0 76.2982096124825,10.0274528035117,0 76.2982548022328,10.0271979397801,0 76.298306154426,10.0269511681175,0 76.2983862643865,10.0266882134846,0 76.2984626328637,10.0265018425123,0 76.2984954159817,10.0263945189323,0 76.2985119359998,10.0263234266056,0 76.2985302760046,10.0262223933313,0 76.2985345465954,10.0261521811405,0 76.2985300514258,10.025972167459,0 76.2985156729913,10.0257274170534,0 76.2985013942699,10.0255610321404,0 76.2984916286845,10.0253916005842,0 76.2984936669618,10.0252279082184,0 76.2985009702651,10.0251639826592,0 76.2985213719035,10.0250413656786,0 76.2985405850708,10.0249552782038,0 76.2985772794535,10.0248582977406,0 76.2986077458164,10.0247892201964,0 76.2986348102593,10.024742345224,0 76.2987169746667,10.0246149123175,0 76.2987970064737,10.0244947587433,0 76.2989248313487,10.0243340903772,0 76.2989593580967,10.0242953191745,0 76.2990702793731,10.0241820459158,0 76.2991832550964,10.0240849537615,0 76.299215094085,10.024061692261,0 76.2992812873451,10.0240165651577,0 76.2992932286501,10.0240089655385,0 76.2993726711623,10.0239659022056,0 76.2994071520961,10.0239514531075,0 76.2994831531624,10.0239292026983,0 76.2996207777589,10.0239029069994,0 76.2997851056755,10.0238867249618,0 76.2998504814686,10.0238827017885,0 76.2998793326606,10.0238799957886,0 76.2999200299362,10.0238732560001,0 76.2999316514411,10.023870888803,0 76.2999476719959,10.0238638933641,0 76.2999609113665,10.0238569412705,0 76.2999962214454,10.0238337602526,0 76.3000011154671,10.0238293451996,0 76.3000096216145,10.0238203479033,0 76.300017327363,10.0238105756946,0 76.3000421145766,10.0237757055289,0 76.3000509045917,10.0237609379652,0 76.3000785574311,10.0236989122444,0 76.3000877840274,10.0236756551393,0 76.3001137624071,10.0235934277116,0 76.3001796143073,10.0233790740476,0 76.3001923075023,10.0233189006152,0 76.3002226292364,10.0230958316422,0 76.300234540897,10.0230242785974,0 76.3002445202815,10.0229822085453,0 76.3002719772882,10.0228902953966,0 76.300317889284,10.0227593728767,0 76.3003782623593,10.0225617527601,0 76.3004403637932,10.0223413450486,0 76.3005163657578,10.022060182334,0 76.3005848631966,10.021849175014,0 76.300614157258,10.0217704307115,0</coordinates></LinearRing></outerBoundaryIs></Polygon></Placemark><Placemark><Style><LineStyle><color>ff0000ff</color></LineStyle><PolyStyle><fill>0</fill></PolyStyle></Style><ExtendedData><SchemaData schemaUrl="#wards"><SimpleData name="ward_id">37</SimpleData><SimpleData name="ward_name">Edappally</SimpleData><SimpleData name="Ward_Name">37 - Edappally</SimpleData><SimpleData name="Corporation">Kochi Corporation</SimpleData><SimpleData name="ac">Thrikkakara</SimpleData><SimpleData name="AC_NAME">Thrikkakara</SimpleData><SimpleData name="mla_name">Uma Thomas</SimpleData></SchemaData></ExtendedData><Polygon><outerBoundaryIs><LinearRing><coordinates>76.3085316386776,10.0255630198325,0 76.3079388610829,10.0245285390032,0 76.3078811595972,10.0244278422025,0 76.3067183434625,10.0223035360602,0 76.3060157764687,10.0210200350111,0 76.305852747516,10.0207293253096,0 76.3054451773801,10.0200719734788,0 76.305207244204,10.0196836369173,0 76.304991341312,10.0193495356486,0 76.3047423929939,10.0190306211236,0 76.3045397097096,10.0188049944277,0 76.3042995729662,10.0185598423028,0 76.3041145137294,10.0183906220499,0 76.303821503945,10.0181302824826,0 76.3035174781203,10.0178200448741,0 76.3032729360387,10.017548857638,0 76.303048221572,10.0172407894484,0 76.3028235062071,10.0169088556406,0 76.3025733262988,10.0165110330194,0 76.3025384492079,10.0164337213947,0 76.302455591301,10.0161907498443,0 76.3024245113888,10.0160377160934,0 76.3024143990537,10.015965721833,0 76.3024093262673,10.0158674931297,0 76.302395255955,10.0154812392509,0 76.3023652243767,10.0151490276392,0 76.3023212033345,10.0147588725817,0 76.3022903596792,10.0143531723591,0 76.302195627841,10.0145766330433,0 76.3021594437013,10.0146579206284,0 76.3019706420831,10.0151693528189,0 76.3019026171582,10.0154140651933,0 76.3017770416646,10.0159130530638,0 76.3017033456753,10.0162581696665,0 76.3017067197476,10.0162672290962,0 76.3017079037271,10.0162727119928,0 76.3017094479311,10.0162856354575,0 76.3017098081555,10.0162930760255,0 76.3017092592849,10.0163020806077,0 76.3017037005099,10.0163423867028,0 76.3017016011471,10.0163529499898,0 76.3016875146651,10.0163968370333,0 76.3016738719509,10.0164331968132,0 76.3016669351603,10.0164486626781,0 76.3014540533025,10.016796470616,0 76.3014292328513,10.0168522734572,0 76.3013901381701,10.0169567490604,0 76.3012911393342,10.0172943523535,0 76.3012348122709,10.0175143707241,0 76.3011993943942,10.0177086916316,0 76.3011525786932,10.0179113251881,0 76.3010524857093,10.0182686323558,0 76.3008246082745,10.0188691441641,0 76.3006798276985,10.0192493388163,0 76.3006402658934,10.0193813800224,0 76.3005737052224,10.0197261037044,0 76.3005693600714,10.0197602321146,0 76.3005656661989,10.0198086709201,0 76.3005672364541,10.0198629950535,0 76.3005703913373,10.0198974136025,0 76.3005737860708,10.0199199800954,0 76.3005763723205,10.0199286440006,0 76.3005791409282,10.0199341126815,0 76.3005895550973,10.019945883349,0 76.3005926614715,10.0199485345356,0 76.3005976552062,10.0199523339505,0 76.3006050600191,10.0199568375177,0 76.3006112530047,10.0199592817047,0 76.3006168728651,10.0199607802399,0 76.3006287036774,10.0199629572737,0 76.3006644548291,10.0199668699189,0 76.3006946040866,10.0199720714459,0 76.3007710740735,10.0199908969037,0 76.3008423877307,10.0200109625883,0 76.3008521640959,10.0200155218854,0 76.3008574991904,10.0200188312237,0 76.3008657331483,10.0200269705506,0 76.3008788665177,10.0200454456984,0 76.3008813198168,10.0200502323405,0 76.3008838952867,10.0200565918248,0 76.3008857673757,10.0200654184952,0 76.3008864420105,10.0200712861343,0 76.3008879125526,10.0201393960326,0 76.3008868067265,10.0201518611137,0 76.3008839662536,10.020173945475,0 76.3008266788913,10.0204918194565,0 76.3007341003147,10.0210882473249,0 76.3007238289778,10.0212065789804,0 76.3007053425475,10.0214068316362,0 76.3006975092383,10.0215161136233,0 76.3006879331973,10.0215694573238,0 76.3006841773411,10.0215853457869,0 76.30067643566,10.0216116151355,0 76.3006600135583,10.0216589797493,0 76.300614157258,10.0217704307115,0 76.3005848631966,10.021849175014,0 76.3005163657578,10.022060182334,0 76.3004403637932,10.0223413450486,0 76.3003782623593,10.0225617527601,0 76.300317889284,10.0227593728767,0 76.3002719772882,10.0228902953966,0 76.3002445202815,10.0229822085453,0 76.300234540897,10.0230242785974,0 76.3002226292364,10.0230958316422,0 76.3001923075023,10.0233189006152,0 76.3001796143073,10.0233790740476,0 76.3001137624071,10.0235934277116,0 76.3000877840274,10.0236756551393,0 76.3000785574311,10.0236989122444,0 76.3000509045917,10.0237609379652,0 76.3000421145766,10.0237757055289,0 76.300017327363,10.0238105756946,0 76.3000096216145,10.0238203479033,0 76.3000011154671,10.0238293451996,0 76.2999962214454,10.0238337602526,0 76.2999609113665,10.0238569412705,0 76.2999476719959,10.0238638933641,0 76.2999316514411,10.023870888803,0 76.2999200299362,10.0238732560001,0 76.2998793326606,10.0238799957886,0 76.2998504814686,10.0238827017885,0 76.2997851056755,10.0238867249618,0 76.2996207777589,10.0239029069994,0 76.2994831531624,10.0239292026983,0 76.2994071520961,10.0239514531075,0 76.2993726711623,10.0239659022056,0 76.2992932286501,10.0240089655385,0 76.2992812873451,10.0240165651577,0 76.299215094085,10.024061692261,0 76.2991832550964,10.0240849537615,0 76.2990702793731,10.0241820459158,0 76.2989593580967,10.0242953191745,0 76.2989248313487,10.0243340903772,0 76.2987970064737,10.0244947587433,0 76.2987169746667,10.0246149123175,0 76.2986348102593,10.024742345224,0 76.2986077458164,10.0247892201964,0 76.2985772794535,10.0248582977406,0 76.2985405850708,10.0249552782038,0 76.2985213719035,10.0250413656786,0 76.2985009702651,10.0251639826592,0 76.2984936669618,10.0252279082184,0 76.2984916286845,10.0253916005842,0 76.2985013942699,10.0255610321404,0 76.2985156729913,10.0257274170534,0 76.2985300514258,10.025972167459,0 76.2985345465954,10.0261521811405,0 76.2985302760046,10.0262223933313,0 76.2985119359998,10.0263234266056,0 76.2984954159817,10.0263945189323,0 76.2984626328637,10.0265018425123,0 76.2983862643865,10.0266882134846,0 76.298306154426,10.0269511681175,0 76.2982548022328,10.0271979397801,0 76.2982096124825,10.0274528035117,0 76.2981685298296,10.027671257221,0 76.2981398331478,10.0278502234864,0 76.2981048581406,10.0281167624244,0 76.2980843226532,10.0282932462822,0 76.2980662171086,10.0283793275628,0 76.2980436119028,10.0284612424004,0 76.2979981032505,10.0285914708677,0 76.2979097135181,10.0288120689384,0 76.2977864673561,10.0292024530003,0 76.2976606304528,10.0295705511865,0 76.297633460907,10.0296412252756,0 76.2975809597686,10.0297601332126,0 76.2975018613112,10.0299129464159,0 76.2974867812925,10.0299376953704,0 76.2974317621763,10.0300393236971,0 76.2973427822507,10.0302360564375,0 76.2972195360887,10.0305515976314,0 76.297118885251,10.0308570259571,0 76.297028504852,10.0312312249992,0 76.296984322113,10.031390300351,0 76.296953778495,10.0315188142057,0 76.2969134755798,10.0317470123746,0 76.2968436360581,10.0320423261645,0 76.2967409307733,10.0323437070172,0 76.2966828582835,10.0325001254311,0 76.2966469589098,10.0325620627784,0 76.2966228256697,10.0325923083043,0 76.2965752823332,10.0326393493264,0 76.2965472575913,10.0326619273161,0 76.2964863302555,10.0327232595807,0 76.2964597338349,10.0327569310642,0 76.2964222246802,10.0328087938992,0 76.2964065912993,10.032836215828,0 76.2963340792896,10.0330041697841,0 76.296210974163,10.0332893142145,0 76.2961493506329,10.0334116865839,0 76.296011696392,10.0336753319205,0 76.2961607781016,10.033786123279,0 76.2962515636408,10.0338481762597,0 76.2963889834214,10.0339324497612,0 76.2969179240371,10.0341937629352,0 76.2971279977613,10.0342827449362,0 76.2972651974546,10.0343357256286,0 76.2976552755954,10.0344469855854,0 76.2980668755737,10.0345661925131,0 76.298430052765,10.0346642076745,0 76.2989411896701,10.0348046062368,0 76.2996567822355,10.0349926885026,0 76.3003535434177,10.0351887176532,0 76.3014726654969,10.0355039532674,0 76.3026805635842,10.0358456787964,0 76.3035314172785,10.0360750848918,0 76.3036979047451,10.0359028096353,0 76.3037483676062,10.0358418671839,0 76.3037851670918,10.0357847805627,0 76.303844747853,10.0356567770291,0 76.3038570853151,10.0356192048904,0 76.30387559061,10.0355447222589,0 76.3038817584427,10.0355078126508,0 76.3039535634783,10.035289064357,0 76.3039964526432,10.035179217351,0 76.3040544685392,10.0350497257274,0 76.3041424899624,10.0349078942637,0 76.304177280815,10.0348329594518,0 76.3041967284426,10.0347827475542,0 76.3042203110154,10.0346995366464,0 76.3042455752345,10.0345534095399,0 76.304255036291,10.0341993826376,0 76.3042505797489,10.0340238582234,0 76.3042560082682,10.033917981647,0 76.3042856778254,10.0336370571984,0 76.3043004721798,10.033521840253,0 76.3043222545288,10.0334385715237,0 76.3043432104277,10.0333837896861,0 76.30439046271,10.0332908622243,0 76.3045753863012,10.0330226132319,0 76.3046980440667,10.0328745578727,0 76.304731836891,10.0328251046397,0 76.3047561515908,10.0327829297106,0 76.3047854717034,10.0327198327231,0 76.3049263787439,10.0323642796856,0 76.3050112731315,10.0322022052012,0 76.3050550606117,10.0321268027049,0 76.3051140215354,10.032036990375,0 76.3052285378695,10.031887651923,0 76.3053264632186,10.0317777321121,0 76.3055475799325,10.0315578189581,0 76.3057421909557,10.0314024385886,0 76.3058337759956,10.0313417898561,0 76.30596528037,10.0312672381279,0 76.3061254401037,10.0312027193205,0 76.3061478890026,10.0311893435441,0 76.3062614585124,10.0311216747212,0 76.3063356602532,10.0310595044531,0 76.306369132379,10.0310199096237,0 76.3064412868593,10.0308951364752,0 76.3064635722648,10.0308472477685,0 76.30648305852,10.0307957561446,0 76.3065006124989,10.0307460973707,0 76.3065658760027,10.0305949281182,0 76.3067648986521,10.0302123008953,0 76.306895837088,10.0299832940181,0 76.307036868096,10.0296444372111,0 76.3070679524998,10.0295551558299,0 76.3070836272032,10.0294919149104,0 76.3070878609631,10.0294645528504,0 76.3071068154156,10.0293488328594,0 76.3071175574698,10.0292319938231,0 76.307116615137,10.0291021088336,0 76.3071127200419,10.0289755498461,0 76.3070869087489,10.0287810508131,0 76.3070776812543,10.0287322984345,0 76.307041480945,10.0286047211397,0 76.3069560646362,10.0283190046783,0 76.3069328234232,10.0282158065477,0 76.3069317921572,10.0281019172146,0 76.3069694162963,10.0277890504105,0 76.3070158484167,10.0275690743965,0 76.3072013038104,10.0268193608739,0 76.3072455359567,10.0267209514631,0 76.3073177569123,10.0266391343756,0 76.3077720062054,10.0262266783161,0 76.308168164144,10.0259222231054,0 76.3084202709386,10.0256982695571,0 76.3085015738617,10.0256046021361,0 76.3085316386776,10.0255630198325,0</coordinates></LinearRing></outerBoundaryIs></Polygon></Placemark><Placemark><Style><LineStyle><color>ff0000ff</color></LineStyle><PolyStyle><fill>0</fill></PolyStyle></Style><ExtendedData><SchemaData schemaUrl="#wards"><SimpleData name="ward_id">34</SimpleData><SimpleData name="ward_name">Puthukalavattom</SimpleData><SimpleData name="Ward_Name">34 - Puthukalavattom</SimpleData><SimpleData name="Corporation">Kochi Corporation</SimpleData><SimpleData name="ac">Ernakulam</SimpleData><SimpleData name="AC_NAME">Ernakulam</SimpleData><SimpleData name="mla_name">T. J. Vinod</SimpleData></SchemaData></ExtendedData><Polygon><outerBoundaryIs><LinearRing><coordinates>76.2921215411558,10.0299117902616,0 76.2921437609843,10.0293095854639,0 76.2921534385349,10.0292257424386,0 76.2922398573635,10.0287190225147,0 76.2922639861121,10.0286294887704,0 76.2923088201296,10.0285351401777,0 76.2924468732224,10.0282950685391,0 76.2924842179854,10.0282396798868,0 76.2925070244139,10.0282095728353,0 76.2925521656552,10.02815482992,0 76.2927718980653,10.0279268627528,0 76.292885883495,10.0278114120132,0 76.2929309879055,10.0277588716651,0 76.2929603466456,10.0277191172056,0 76.2929793837431,10.0276872161524,0 76.2930505150422,10.0275495425892,0 76.2930825974743,10.0274724467835,0 76.2930867288263,10.0274586374026,0 76.2931054982258,10.0273823863618,0 76.2931812980695,10.0268716855333,0 76.2932064446093,10.0267610448449,0 76.2933216113236,10.0263548554188,0 76.2934726432757,10.0258190631338,0 76.2935415458546,10.0256038502277,0 76.2936243004552,10.0252997518099,0 76.2936984932129,10.0249227629661,0 76.2937202602905,10.0247518652935,0 76.293731684166,10.0245700046722,0 76.2937451058947,10.0244415084072,0 76.2937543576438,10.0243793748953,0 76.2937692229651,10.0243130324372,0 76.2937997701763,10.0242154546756,0 76.2939418881458,10.0238381991899,0 76.2940201179324,10.023665281396,0 76.2943131986837,10.0231153672564,0 76.2943512288612,10.0230232931473,0 76.2943827300833,10.0229378385139,0 76.2944314834504,10.0227829007369,0 76.294446802421,10.0227014205748,0 76.2944504190383,10.0226136605727,0 76.2944255096538,10.0222737610695,0 76.2944179557205,10.0221962004747,0 76.2943766628619,10.0219070460843,0 76.2943766628619,10.021836373847,0 76.2943783849323,10.0218179969928,0 76.2943803333781,10.021809152678,0 76.2943871533878,10.0217891118737,0 76.294404246531,10.0217498370244,0 76.294412107688,10.0217363087052,0 76.2944174625455,10.021728538303,0 76.2944231668475,10.0217215030105,0 76.2944262606453,10.0217185864557,0 76.2944335711351,10.0217135769168,0 76.2944377878271,10.0217114848173,0 76.2944520144462,10.0217062443954,0 76.294469265693,10.0217030978422,0 76.294483315344,10.0217014595469,0 76.2945024988669,10.0217001317493,0 76.2946646914881,10.0217001317493,0 76.2947559755923,10.0216932680702,0 76.294823065371,10.0216864035063,0 76.294886967927,10.0216695110172,0 76.2949268827701,10.0216550715475,0 76.2949909883453,10.0216250859604,0 76.2951426113889,10.0215464318335,0 76.2952068211688,10.0215069402256,0 76.2953934425758,10.0213704219912,0 76.2954838229748,10.0213077164328,0 76.2955296577156,10.0212658045031,0 76.2955370059346,10.0212565762525,0 76.2955418083281,10.0212476744227,0 76.2955454411151,10.0212366530672,0 76.2955485861169,10.0212224922304,0 76.2955511175694,10.02119677927,0 76.2955512262656,10.0211912256878,0 76.2955490774954,10.0211660319911,0 76.2955363088419,10.0211191644563,0 76.2955282958696,10.021101392635,0 76.295516213529,10.0210861897212,0 76.2955007319634,10.021069094625,0 76.2954960786902,10.0210656251828,0 76.2954771987979,10.0210540987085,0 76.2954461018177,10.0210428703476,0 76.2954209031757,10.0210367382275,0 76.295321548607,10.0210225074977,0 76.2951700001236,10.0210028709118,0 76.2951624884112,10.0210013228432,0 76.2951514903371,10.0209977516701,0 76.29514471165,10.020994959839,0 76.2951365980664,10.0209911825516,0 76.2951327631584,10.0209888586794,0 76.295129864295,10.0209866754603,0 76.2951277056434,10.0209837544758,0 76.2951264003913,10.0209809281448,0 76.295125003511,10.0209727428421,0 76.2951246684394,10.0209668062196,0 76.2951254526687,10.0209516501839,0 76.295136186638,10.0208576930082,0 76.2951519619527,10.0206881041868,0 76.2951650683727,10.0204794543496,0 76.2951723878456,10.0204089640313,0 76.2952059551928,10.0202068513031,0 76.295221640676,10.0201353807743,0 76.2952357496159,10.0200915075059,0 76.2952755988819,10.0198758228369,0 76.2952809007387,10.019842807283,0 76.2952903168795,10.0198046335423,0 76.2953642913465,10.0195877898376,0 76.295408364491,10.019458590983,0 76.2954429119002,10.0193298228846,0 76.2955064174008,10.0190145308428,0 76.2955433911597,10.0187893703287,0 76.295544748514,10.018727223349,0 76.2955461058684,10.0186650763573,0 76.2948349509805,10.018560590689,0 76.2939495894028,10.0184494703552,0 76.2937846694964,10.0184893595287,0 76.2934953356181,10.0184665664741,0 76.2928935209716,10.01843237512,0 76.2915336512945,10.0184694149426,0 76.2912038105834,10.0184437725334,0 76.2904110356671,10.01844092318,0 76.2895748604444,10.0183468989305,0 76.2888341653567,10.0181901914925,0 76.288553511899,10.0181389057432,0 76.2876073900721,10.0180163887216,0 76.2872920158304,10.0179565548723,0 76.2868638015108,10.0179166656332,0 76.2862504138685,10.0177229189684,0 76.2860941734844,10.0176773309806,0 76.2857382924099,10.0175320206644,0 76.2847805975872,10.0172186049253,0 76.2846735435581,10.0171559215642,0 76.2845433435375,10.0170761428843,0 76.2835451409837,10.0168709982492,0 76.2829086064514,10.016719988835,0 76.2817628439341,10.0165233912006,0 76.2811054065035,10.0165277320448,0 76.2810691621767,10.0166410124005,0 76.2810435871406,10.0167479561677,0 76.2810221380666,10.0168881324901,0 76.2810181693097,10.0169564987124,0 76.2810184477874,10.0169971108053,0 76.2810244117026,10.0170797194083,0 76.281037829838,10.0171650075075,0 76.2810541791761,10.0172414246062,0 76.2810605859607,10.0172661170278,0 76.2810817628452,10.0173243020716,0 76.2811085083862,10.017388265446,0 76.2811356518808,10.0174355351376,0 76.2811833551174,10.0174975673642,0 76.2812328981036,10.017546355048,0 76.2812602437192,10.01757830133,0 76.2812691011078,10.0175920403623,0 76.2812891586915,10.0176418294214,0 76.281299984289,10.0176769479403,0 76.2813043734575,10.0176960902252,0 76.2813269481206,10.0178344119757,0 76.2813579049636,10.0179197688768,0 76.2813705730057,10.0179451370956,0 76.2813876571658,10.0179650197906,0 76.2814105660022,10.0179852881783,0 76.2814368534023,10.0180003780062,0 76.2814836044247,10.0180216424724,0 76.2815294346738,10.0180354734862,0 76.2815752658213,10.0180493053841,0 76.2817784368908,10.0181110553,0 76.2821882034076,10.0182487257947,0 76.2822358392705,10.0182679193537,0 76.2824217680765,10.0183495156301,0 76.2824450757648,10.0183624973969,0 76.2824860407384,10.0183923789008,0 76.2824953760309,10.0184008429231,0 76.2825023218046,10.0184090194446,0 76.2825077871548,10.0184200462039,0 76.2825089028624,10.0184238120213,0 76.2825139001903,10.0184486529686,0 76.2825168098336,10.0184713894089,0 76.2825187358215,10.0185192887903,0 76.2825108513083,10.018721151339,0 76.2824983099285,10.0189681530744,0 76.2824772561133,10.0191115555155,0 76.2824545520928,10.0192264697382,0 76.2824081657864,10.019407492088,0 76.2823926824242,10.0194550206776,0 76.2822840446653,10.0196994794728,0 76.2822539043909,10.0197537983169,0 76.282214779167,10.0198105144554,0 76.2819725143147,10.0201079108862,0 76.2819710527557,10.020109317421,0 76.2819918909753,10.020121220774,0 76.2821108063594,10.0202107020225,0 76.2835030171834,10.0214451679565,0 76.2835991162575,10.0215548904659,0 76.2836345736601,10.0216108428719,0 76.2836645980518,10.0216954848997,0 76.2836764782715,10.0218006542448,0 76.2836553957101,10.0226726027644,0 76.2837013301638,10.0229213777774,0 76.283861630933,10.0233025442813,0 76.2840082126312,10.0235460545344,0 76.2842027634672,10.0238073017791,0 76.284366285595,10.0239985617293,0 76.2844606877516,10.0240910354016,0 76.2846622400569,10.0242500771055,0 76.2856586549633,10.0248691075536,0 76.2875049974011,10.0258065911937,0 76.2886014639689,10.0267063591834,0 76.289275579521,10.0273738040384,0 76.2898295498955,10.028125944481,0 76.2899906995726,10.0284351974083,0 76.2900281521334,10.0285312754038,0 76.2900973996654,10.0287839036138,0 76.2901809968858,10.0291955045597,0 76.2902027810314,10.0294036711085,0 76.2902026552673,10.0296498163848,0 76.2900339866912,10.0308710687233,0 76.2899896188993,10.0310965923694,0 76.2899467351243,10.0312243252541,0 76.289855222848,10.0314311707026,0 76.2897943485128,10.0315302031976,0 76.2901980505031,10.0315992492288,0 76.290601580017,10.0316363361987,0 76.2910736716482,10.0316363361987,0 76.2912603999548,10.0316241183575,0 76.2913696853989,10.0316106665245,0 76.2914180758467,10.031601731365,0 76.2914518839424,10.0315918638562,0 76.2914769774815,10.0315808525829,0 76.2915568727446,10.0315291726597,0 76.2915796710882,10.0315122541462,0 76.2916342823693,10.0314653792618,0 76.2916829324301,10.0314110703418,0 76.2918740139725,10.031134709936,0 76.2919295684846,10.031032031068,0 76.2919659116261,10.0309445510812,0 76.2920060600311,10.0308048142835,0 76.2920311347056,10.0304605199085,0 76.2921085425336,10.0299556763542,0 76.2921215411558,10.0299117902616,0</coordinates></LinearRing></outerBoundaryIs></Polygon></Placemark><Placemark><Style><LineStyle><color>ff0000ff</color></LineStyle><PolyStyle><fill>0</fill></PolyStyle></Style><ExtendedData><SchemaData schemaUrl="#wards"><SimpleData name="ward_id">33</SimpleData><SimpleData name="ward_name">Elamakkara North</SimpleData><SimpleData name="Ward_Name">33 - Elamakkara North</SimpleData><SimpleData name="Corporation">Kochi Corporation</SimpleData><SimpleData name="ac">Ernakulam</SimpleData><SimpleData name="AC_NAME">Ernakulam</SimpleData><SimpleData name="mla_name">T. J. Vinod</SimpleData></SchemaData></ExtendedData><Polygon><outerBoundaryIs><LinearRing><coordinates>76.2955334557926,10.0185505414366,0 76.2954797140807,10.0183564961495,0 76.295444794769,10.0181825377749,0 76.2954365778791,10.017929689879,0 76.2954632811992,10.0176424548476,0 76.2955105253966,10.0173248779596,0 76.2955577704924,10.016976959126,0 76.2955830697457,10.0168474053826,0 76.2956241667717,10.016460372433,0 76.2956465276357,10.0164108273486,0 76.2956619005052,10.0163736687514,0 76.295694044921,10.0161892504071,0 76.2956954418013,10.0161465867703,0 76.2956968395798,10.0161135566829,0 76.2956800689318,10.0160585065297,0 76.2956702862784,10.0160323579248,0 76.2956521178517,10.0160007034165,0 76.2956367449823,10.0159662977234,0 76.2956353472037,10.0159332676176,0 76.2956744787158,10.0156552636518,0 76.2958813167083,10.0156194805604,0 76.2959092677883,10.0153979030784,0 76.2959050753509,10.015344229282,0 76.2958994851349,10.015294684027,0 76.2958687384976,10.0151033844429,0 76.2958533656282,10.0150538391512,0 76.2958477754122,10.0149987888182,0 76.2958477754122,10.0149602535796,0 76.2958477754122,10.0149120838613,0 76.2958797248936,10.0146914878331,0 76.2959583373624,10.014474353206,0 76.2959774193757,10.0143412537557,0 76.2960106480581,10.0136408313521,0 76.2961455669289,10.0133866750851,0 76.2962896099881,10.0131837184658,0 76.2960754219799,10.0132024593929,0 76.2957319619108,10.0131557764801,0 76.2956119200394,10.0131394603268,0 76.2929839175403,10.0125608387883,0 76.290362977596,10.0120047983005,0 76.2885188189627,10.0116363705505,0 76.2871449679066,10.0113440282464,0 76.2869447585826,10.0112828405564,0 76.2862060541615,10.0109904979339,0 76.2855743588537,10.0107185512776,0 76.2851946508646,10.0106063728838,0 76.2844975159833,10.0102528453064,0 76.2843928038622,10.0103602591533,0 76.2841101390766,10.0106502191265,0 76.2840504693821,10.0107307513291,0 76.2839317435426,10.0109423178954,0 76.2838793313373,10.0110831345495,0 76.2837958005923,10.0114663920915,0 76.2837773662644,10.0116158399139,0 76.2837730732157,10.0116577672446,0 76.2837170012739,10.0122053945673,0 76.2837090359123,10.0122831928638,0 76.2836884339496,10.0125564147355,0 76.2836836674887,10.0127635489846,0 76.2836568249297,10.0130000272454,0 76.2835715361817,10.0134619695921,0 76.283480473063,10.0137358459825,0 76.2834597489294,10.0137931089901,0 76.2834383869919,10.013843451526,0 76.2834074777596,10.0139030065909,0 76.2833824120683,10.0139337315579,0 76.2833327028937,10.0139880947143,0 76.2829719026447,10.0143342094566,0 76.2825069598064,10.0146470317431,0 76.2822826235305,10.0148113363046,0 76.2817804742699,10.015264337809,0 76.2815566141011,10.0154765197729,0 76.2815042818459,10.0155387540687,0 76.2814644640209,10.0155955080986,0 76.2814261481791,10.0156612950263,0 76.2813454462289,10.0158586928839,0 76.281141649932,10.0164144516496,0 76.2811054065035,10.0165277320448,0 76.2817628439341,10.0165233912006,0 76.2829086064514,10.016719988835,0 76.2835451409837,10.0168709982492,0 76.2845433435375,10.0170761428843,0 76.2846735435581,10.0171559215642,0 76.2847805975872,10.0172186049253,0 76.2857382924099,10.0175320206644,0 76.2860941734844,10.0176773309806,0 76.2862504138685,10.0177229189684,0 76.2868638015108,10.0179166656332,0 76.2872920158304,10.0179565548723,0 76.2876073900721,10.0180163887216,0 76.288553511899,10.0181389057432,0 76.2888341653567,10.0181901914925,0 76.2895748604444,10.0183468989305,0 76.2904110356671,10.01844092318,0 76.2912038105834,10.0184437725334,0 76.2915336512945,10.0184694149426,0 76.2928935209716,10.01843237512,0 76.2934953356181,10.0184665664741,0 76.2937846694964,10.0184893595287,0 76.2939495894028,10.0184494703552,0 76.2948349509805,10.018560590689,0 76.2955461058684,10.0186650763573,0 76.2955334557926,10.0185505414366,0</coordinates></LinearRing></outerBoundaryIs></Polygon></Placemark><Placemark><Style><LineStyle><color>ff0000ff</color></LineStyle><PolyStyle><fill>0</fill></PolyStyle></Style><ExtendedData><SchemaData schemaUrl="#wards"><SimpleData name="ward_id">61</SimpleData><SimpleData name="ward_name">Ravipuram</SimpleData><SimpleData name="Ward_Name">61 - Ravipuram</SimpleData><SimpleData name="Corporation">Kochi Corporation</SimpleData><SimpleData name="ac">Ernakulam</SimpleData><SimpleData name="AC_NAME">Ernakulam</SimpleData><SimpleData name="mla_name">T. J. Vinod</SimpleData></SchemaData></ExtendedData><Polygon><outerBoundaryIs><LinearRing><coordinates>76.2930090371306,9.96027250461781,0 76.2930270779965,9.96018892779992,0 76.2931613285207,9.95952101146026,0 76.2933196754542,9.95860898030149,0 76.2935399836844,9.95755115736205,0 76.2936983306178,9.95683576778982,0 76.2938360234862,9.95613393955009,0 76.2939169176759,9.95570899906992,0 76.293959946978,9.95548296658009,0 76.2940356902278,9.9551601406132,0 76.2941062654698,9.95485934030196,0 76.2941492741106,9.95467603024369,0 76.2942394676601,9.95418521243067,0 76.2942869669791,9.95392672998862,0 76.2943317174533,9.95362836526311,0 76.2943768802542,9.95319085477823,0 76.2943945052,9.95281979631799,0 76.2944055203421,9.95253336560496,0 76.2943812864907,9.95219485633695,0 76.2943372250243,9.95187153605552,0 76.2942711323756,9.95155906574952,0 76.2941741969699,9.95122055547151,0 76.2940442143415,9.95085166519001,0 76.2938459372937,9.95043286632728,0 76.2936190192597,9.95004444577318,0 76.2934075235025,9.94970593392524,0 76.2931585751844,9.94940431102951,0 76.2929008134951,9.94910919737347,0 76.2927047391163,9.94891607069758,0 76.2922112487167,9.94849849038761,0 76.2916467078663,9.94815265337638,0 76.2909375903574,9.94771527004697,0 76.2902766647686,9.94734569804155,0 76.289884601351,9.94715034148327,0 76.2898322232818,9.9472863581974,0 76.2898145740814,9.94733219051904,0 76.2897687941379,9.94759035699449,0 76.2897624726932,9.94765884837329,0 76.2897645801409,9.94776677305383,0 76.2897687941379,9.94787884922446,0 76.2897709015855,9.94795149118273,0 76.2897582586962,9.94806564305164,0 76.2897034722437,9.94817564335875,0 76.2895559706706,9.94850772070154,0 76.2892967896432,9.94904319348912,0 76.2893010036402,9.9490764011504,0 76.2888816781504,9.94997093009428,0 76.2878828818102,9.9520360165303,0 76.2871074461754,9.95366317039558,0 76.2862624728529,9.95540239062469,0 76.2856303238959,9.95670783668392,0 76.285717866517,9.95673614893293,0 76.2857715040243,9.95675349603487,0 76.2855881803326,9.95714782692937,0 76.2855395796791,9.95712271586585,0 76.2854596430936,9.95708141413002,0 76.2845662056615,9.95889325478415,0 76.2844165975391,9.95920871746944,0 76.28427064556,9.95912624546787,0 76.2840610730957,9.95902244318935,0 76.2840345593201,9.95901319459232,0 76.2840008644121,9.95901265045312,0 76.2839119554535,9.95904961475729,0 76.2838841543921,9.95906435871622,0 76.2838263936176,9.95909499153606,0 76.2832347829345,9.96024011385882,0 76.2832244936312,9.96037692053286,0 76.2832244936312,9.96048839249692,0 76.2832450713394,9.96057452977692,0 76.2832707936993,9.96062519906684,0 76.2833633938354,9.96071133631076,0 76.2834405609149,9.9607620055794,0 76.2835177270962,9.96082787526298,0 76.2838064600015,9.96098723015331,0 76.2833223246572,9.96217877417678,0 76.2833109843251,9.9622066842652,0 76.283198656287,9.9622678599502,0 76.2831438698344,9.96229691492382,0 76.2830911908296,9.96234464916353,0 76.2830406192723,9.96240691132019,0 76.2829816188228,9.96251483112493,0 76.2829289398179,9.96262897790118,0 76.2828720459177,9.96280746150122,0 76.2828488675867,9.96284274254514,0 76.2828214743604,9.9628697226848,0 76.2827603664633,9.96292160729029,0 76.2827055800107,9.96296103965574,0 76.2826760793368,9.9630129242467,0 76.2826550084535,9.96307518627581,0 76.2826423646658,9.96312707084861,0 76.2826339366719,9.96315405096478,0 76.2828841668858,9.96325715473174,0 76.2832703750843,9.9633515948233,0 76.2836282980295,9.96345122139281,0 76.283773618493,9.96349783977229,0 76.2842748326075,9.96367341820822,0 76.2847014245696,9.96379261217052,0 76.2848375714374,9.9635750834662,0 76.2858881682302,9.96386841185644,0 76.2865381631186,9.96401373110884,0 76.28681067245,9.96409381831668,0 76.2874576337277,9.96432004391339,0 76.287982364838,9.96449231642707,0 76.2887225963951,9.96468695391058,0 76.2892085256749,9.96479130736383,0 76.2900009241972,9.9648973869568,0 76.2909227492906,9.96499050739177,0 76.2920242086947,9.96513018755196,0 76.2922559982926,9.96401331880802,0 76.2924246722585,9.96302671159194,0 76.2926690768979,9.96187736187995,0 76.292841193208,9.96105009775426,0 76.2930090371306,9.96027250461781,0</coordinates></LinearRing></outerBoundaryIs></Polygon></Placemark><Placemark><Style><LineStyle><color>ff0000ff</color></LineStyle><PolyStyle><fill>0</fill></PolyStyle></Style><ExtendedData><SchemaData schemaUrl="#wards"><SimpleData name="ward_id">50</SimpleData><SimpleData name="ward_name">Chambakkara</SimpleData><SimpleData name="Ward_Name">50 - Chambakkara</SimpleData><SimpleData name="Corporation">Kochi Corporation</SimpleData><SimpleData name="ac">Thrikkakara</SimpleData><SimpleData name="AC_NAME">Thrikkakara</SimpleData><SimpleData name="mla_name">Uma Thomas</SimpleData></SchemaData></ExtendedData><Polygon><outerBoundaryIs><LinearRing><coordinates>76.3322226597307,9.95256533685034,0 76.3324194231173,9.9525594706482,0 76.3324771641288,9.9525635336347,0 76.3326014801843,9.95260272393264,0 76.3329543878353,9.9527889364014,0 76.3330472709407,9.95281936542232,0 76.3331354863999,9.95283951222683,0 76.3332539723893,9.95285247979606,0 76.3332927248123,9.95285306995494,0 76.3333081174447,9.95285110393842,0 76.3333754749213,9.952831180988,0 76.3334120453365,9.95281519006995,0 76.3334674345586,9.9527839656169,0 76.3335209588782,9.9527496983468,0 76.3336782961053,9.95262663379017,0 76.3337250480259,9.95259006603228,0 76.3337919293955,9.95250852493431,0 76.3338261354449,9.95243210325178,0 76.3338583876585,9.95228576928801,0 76.333877940389,9.95216780541572,0 76.3338907288054,9.9520906598887,0 76.333900386593,9.95177672987427,0 76.3339195252001,9.95157169360662,0 76.333933414951,9.95148904183083,0 76.3339979202767,9.95126098288136,0 76.3342252820784,9.95060781827369,0 76.3344929944061,9.94999459770828,0 76.3347595335341,9.94950902152173,0 76.3350176464647,9.94912496992593,0 76.3357194184495,9.94816851445586,0 76.3360568373483,9.94782185422243,0 76.3361480648586,9.94773413773139,0 76.3363582194312,9.94753207100385,0 76.3367846973072,9.9472317441188,0 76.3372010502718,9.94700040927805,0 76.3382661800092,9.94644629632067,0 76.3384512248729,9.94635003039205,0 76.3390429128112,9.94603670007332,0 76.3393411678585,9.94584573318389,0 76.3393904629098,9.94581006629334,0 76.339732023042,9.94550844245504,0 76.3397615776149,9.94547082185418,0 76.3397826035824,9.94543338706031,0 76.339807840852,9.94538321002504,0 76.3398857454484,9.94514752942507,0 76.3398948193311,9.94509321051784,0 76.3399038923155,9.94500499071804,0 76.3399038923155,9.94483124708643,0 76.33989205252,9.94475788507751,0 76.3398890925712,9.94474775568266,0 76.33988035915,9.94472631123601,0 76.3398688238834,9.94470370767638,0 76.339731578376,9.94453913679743,0 76.3397140082273,9.94452223145591,0 76.3396951130637,9.94450782395623,0 76.339683036113,9.94450385642998,0 76.3396632794649,9.94449911734189,0 76.3392540708019,9.94445798920365,0 76.3390219452341,9.94443465830449,0 76.3388712285907,9.94441315632405,0 76.3387518110484,9.94437823694911,0 76.3382042519501,9.94413853323483,0 76.3380506445281,9.94406067441657,0 76.3379962227916,9.94402634252432,0 76.3378504190345,9.94390343571852,0 76.3376567153097,9.94368538587487,0 76.3374514547589,9.94341502612886,0 76.3373392623664,9.94323633372752,0 76.337245547421,9.9430870704218,0 76.3372063970443,9.94301218258726,0 76.3371381682019,9.94283062313895,0 76.3371022041495,9.94263407113917,0 76.337086597718,9.94243038910831,0 76.3371394213517,9.94191875153291,0 76.3371922458836,9.94150250279325,0 76.3372111455389,9.94132255200699,0 76.3372071237814,9.94128469821472,0 76.3371975675034,9.94125775522391,0 76.3371876474077,9.94124304762386,0 76.3371669053078,9.94122234443263,0 76.3371253330731,9.94119931148936,0 76.3370950041525,9.941184504786,0 76.337071519496,9.94117730052024,0 76.3370281874616,9.94117139518121,0 76.3369251533935,9.94116812220408,0 76.3368721968092,9.94116212661245,0 76.3368413495606,9.94115379507588,0 76.3368235952574,9.9411470057936,0 76.3368169486226,9.94114321607687,0 76.3367977120991,9.94112854121031,0 76.3367739202188,9.94110013027741,0 76.336754548948,9.94107343325353,0 76.3366494577378,9.94088365975193,0 76.3366322388305,9.94083489774368,0 76.3366245169123,9.94076895501087,0 76.3366242528076,9.94073414496533,0 76.3366309874773,9.94069321013089,0 76.3366474850375,9.94063624661435,0 76.3367259492843,9.94050742964344,0 76.3368452707068,9.94030878804823,0 76.3368708196918,9.94026091432361,0 76.3368926532448,9.94023542236977,0 76.3368998559368,9.94022963558096,0 76.336916701145,9.94022259410292,0 76.3369465081444,9.94021871854695,0 76.3369771954928,9.94022013073585,0 76.3370136581102,9.94022789335046,0 76.3372127831677,9.940299649525,0 76.3372325164595,9.9403044479576,0 76.3372420008723,9.94030552302593,0 76.3372653947989,9.94030363568374,0 76.3372698037303,9.94030269687921,0 76.3372922292731,9.94029541561386,0 76.3373194437346,9.94028447115232,0 76.3374770621344,9.94021239024179,0 76.3375031222608,9.94019315049443,0 76.3375258658071,9.94016917690408,0 76.3378047217359,9.93981296351091,0 76.3379505120183,9.93974040380263,0 76.3379833786796,9.93971496755261,0 76.3379951160671,9.93969646926481,0 76.3381235769494,9.93943373878281,0 76.3381581333418,9.93936270355668,0 76.3381671479356,9.93933532506988,0 76.3381671479356,9.93931016662578,0 76.3381536255957,9.93925319048056,0 76.3381513717226,9.93922803203014,0 76.3381840973484,9.93915422103815,0 76.3386592154039,9.93829516827578,0 76.3386771808112,9.93824585639865,0 76.3390261457564,9.93728802236763,0 76.3390799260958,9.9371086045892,0 76.3391167776837,9.93694617473649,0 76.3391357977132,9.93686233888613,0 76.3391345445634,9.93677023595927,0 76.3391080298895,9.9364307034142,0 76.3390833396939,9.93630779463773,0 76.3389838180385,9.93605455312698,0 76.3389261210444,9.93594754923895,0 76.3389090988681,9.9359241407512,0 76.338861975045,9.93587737066731,0 76.33859545029,9.93567053084895,0 76.3385211147003,9.9356241783745,0 76.3384348530768,9.93558308539838,0 76.3383673491748,9.93556341092091,0 76.3373826330283,9.93539366972646,0 76.3363350626597,9.9352904837218,0 76.3360737607099,9.93528547373806,0 76.3359032290279,9.93529868887516,0 76.3355254901459,9.93533217488879,0 76.335428850286,9.9353515449941,0 76.3353917642378,9.93536183395185,0 76.3353801759706,9.93536701205466,0 76.3353445155488,9.93539002682705,0 76.3353095459314,9.93542549045565,0 76.3352812840343,9.93546210880054,0 76.3350060761638,9.93596156601586,0 76.3349244633219,9.93610968051126,0 76.3345910518076,9.93672489412747,0 76.3345323792431,9.93683829691892,0 76.3344782880866,9.93692017108727,0 76.3343978080203,9.9370314634706,0 76.3343743368386,9.93705763080612,0 76.3345319489501,9.93713406050841,0 76.3347320145436,9.93721097773873,0 76.3352907441925,9.93739687247353,0 76.3353749073515,9.93743761836543,0 76.3354817556663,9.93750304325533,0 76.3355946783891,9.93758548355309,0 76.3356808789271,9.93763618029988,0 76.3357412663755,9.93766803089536,0 76.335887398916,9.93772650711526,0 76.3363589964739,9.9378858679676,0 76.3365366625758,9.93796050037392,0 76.3365835950578,9.93798658623018,0 76.3366054313058,9.93800853989973,0 76.3366095671493,9.93801668747057,0 76.3366193165651,9.93804777707,0 76.3366207933955,9.93806257064288,0 76.3366137497053,9.93811714555114,0 76.3365984145651,9.93815547486693,0 76.3365630964014,9.93824687838361,0 76.3364268444306,9.93859948955199,0 76.3363641465154,9.93871877318632,0 76.3361893101066,9.93898403663622,0 76.3360426727129,9.9392909639883,0 76.3358283562457,9.93970899582477,0 76.3356732594169,9.94000342426268,0 76.3355548210383,9.94026590830418,0 76.3354081845429,9.94062699838146,0 76.3353038461209,9.94085476302693,0 76.3351713086839,9.94114085624157,0 76.335076840052,9.94131723419581,0 76.3350200449665,9.94143657877645,0 76.3350101015146,9.94144821070982,0 76.3349819770597,9.94147259476601,0 76.3349323711914,9.94150738969083,0 76.3348864942298,9.94155402536066,0 76.3348526546931,9.94159221712542,0 76.3346961475093,9.94179359382238,0 76.3345318761866,9.94205915030907,0 76.3345071509567,9.94211852914992,0 76.3344953282293,9.94219114318951,0 76.3344923485174,9.94225688743476,0 76.3345086861775,9.94231545485563,0 76.3345206993478,9.94233828332585,0 76.3345324520067,9.94235331649199,0 76.3345658019616,9.94237477171222,0 76.3346715821796,9.94240622544481,0 76.3347019569143,9.94241525773025,0 76.3348764330986,9.94249641202496,0 76.3350052497137,9.94257855818695,0 76.3351015212644,9.94266009026077,0 76.3351786164787,9.94274934770642,0 76.3352307169686,9.94281869660868,0 76.3352589348483,9.94289315180918,0 76.3352628164686,9.942935215402,0 76.3352016573675,9.94319713257287,0 76.3351165653505,9.94346690674741,0 76.3350234962938,9.94385978134343,0 76.3348985181799,9.94414265118485,0 76.3347017440135,9.94448314194265,0 76.3343347867115,9.945130073759,0 76.3339837843873,9.9457848605676,0 76.3337072371288,9.9462772606645,0 76.333420052919,9.94682204179385,0 76.3331488236869,9.94733539264959,0 76.3326427425003,9.94821007833762,0 76.3323883189506,9.9486082905825,0 76.3319867926798,9.94931021463087,0 76.3315108122417,9.95015357034353,0 76.3311672883922,9.95068426781202,0 76.3308307453508,9.95122855052728,0 76.3303986395295,9.95202246584664,0 76.3299164104102,9.95288340783591,0 76.3296798552498,9.95320691823111,0 76.3295811492647,9.95335107253302,0 76.3293982028655,9.95356479016686,0 76.3293139624514,9.9536343526628,0 76.3290910221575,9.95375504028437,0 76.3288851004466,9.95384387973048,0 76.3286230187591,9.95392098502759,0 76.3284017807726,9.95399809119123,0 76.3282213873855,9.95410201628425,0 76.328081836801,9.9542109696185,0 76.327862301122,9.95447245924193,0 76.3277074342619,9.95469539477842,0 76.3275304436931,9.95502728410928,0 76.327264958289,9.95549997398977,0 76.3270045780106,9.95602630165163,0 76.3267261326119,9.95655690286541,0 76.3271203519861,9.95671693670233,0 76.3271024692237,9.95665000533095,0 76.3270997634981,9.95663987718975,0 76.3270988894373,9.95660872123106,0 76.3271046188922,9.95658050364306,0 76.3271180630787,9.95653912220793,0 76.3271218449861,9.95652546642165,0 76.3271341941263,9.9564958712146,0 76.3271427613592,9.95647993179364,0 76.3271550107864,9.95646583892055,0 76.3271823375373,9.95644007660193,0 76.3272033500301,9.95642381423124,0 76.3272430744303,9.95639982767542,0 76.3274669130396,9.95629766050011,0 76.3276260244393,9.9562047977113,0 76.3276644633503,9.95617447429555,0 76.3277344331278,9.95609683334974,0 76.327745189555,9.9560788243921,0 76.32776302291,9.9560342143045,0 76.3277709316778,9.95600449341312,0 76.3277797711002,9.95594108069575,0 76.3277904179329,9.95555598288198,0 76.3278158124077,9.9554559398206,0 76.3279713565975,9.955128834099,0 76.3280193302269,9.95505183172283,0 76.3281333992,9.95489562113355,0 76.3282489746478,9.95478931886068,0 76.3287667734591,9.95444931751866,0 76.3295767457232,9.95405042845159,0 76.3305451906849,9.95343475019892,0 76.3312495147834,9.95300984425143,0 76.3317249328762,9.9527496983468,0 76.3320138328682,9.95261311321408,0 76.3322226597307,9.95256533685034,0</coordinates></LinearRing></outerBoundaryIs></Polygon></Placemark><Placemark><Style><LineStyle><color>ff0000ff</color></LineStyle><PolyStyle><fill>0</fill></PolyStyle></Style><ExtendedData><SchemaData schemaUrl="#wards"><SimpleData name="ward_id">60</SimpleData><SimpleData name="ward_name">Perumanoor</SimpleData><SimpleData name="Ward_Name">60 - Perumanoor</SimpleData><SimpleData name="Corporation">Kochi Corporation</SimpleData><SimpleData name="ac">Ernakulam</SimpleData><SimpleData name="AC_NAME">Ernakulam</SimpleData><SimpleData name="mla_name">T. J. Vinod</SimpleData></SchemaData></ExtendedData><Polygon><outerBoundaryIs><LinearRing><coordinates>76.2967101113726,9.95461191032011,0 76.2967341808323,9.95399155611147,0 76.2967650244876,9.95318000453697,0 76.2967980708119,9.95279375765527,0 76.2967986071061,9.95277791095712,0 76.2967983537812,9.95276501859259,0 76.2967969074936,9.95274278720362,0 76.2967956561404,9.95273590791297,0 76.2967880195622,9.95271708387257,0 76.2967843939617,9.95271021431413,0 76.296776681925,9.95269838193292,0 76.2967419296999,9.95265378023137,0 76.2967349614683,9.95264255747293,0 76.2967263852522,9.95262593126169,0 76.296721831692,9.95261354322521,0 76.2967199173822,9.95260627285175,0 76.2967155919941,9.95258095174207,0 76.2967171317065,9.95255286121671,0 76.296780445866,9.95224910504906,0 76.2968839910756,9.95178907901136,0 76.2969352435558,9.95157938693721,0 76.2969518947279,9.95152735807582,0 76.2969606074878,9.95150491602031,0 76.296966089906,9.95149294291232,0 76.2969718427171,9.9514820943842,0 76.2969773359151,9.95147477001278,0 76.2969798386214,9.9514720873002,0 76.2969891460661,9.95146388786166,0 76.2969934471997,9.95146105384829,0 76.2970203176065,9.95144844456765,0 76.2970292504536,9.95144552561339,0 76.2970497392287,9.95144116266586,0 76.2970612951565,9.95143971867269,0 76.2970836784784,9.95143971867269,0 76.2972484295015,9.95145705366886,0 76.2976088057457,9.95150915686462,0 76.298095576747,9.95157504611151,0 76.2984741007566,9.9516292524562,0 76.2990055611467,9.9517153009399,0 76.2991645369009,9.95173592825834,0 76.2995325308587,9.9518025721928,0 76.3000211829322,9.95189106621392,0 76.3007790439267,9.95202126163635,0 76.3012628576741,9.95209601203167,0 76.3014246658164,9.9521301041804,0 76.3018277120366,9.95223608525279,0 76.3024729251927,9.95244174842437,0 76.3024812031681,9.95244438688911,0 76.3025022084744,9.95245108214814,0 76.3025940558223,9.95248121302397,0 76.3026654449379,9.95250890539697,0 76.3027050211161,9.9523659434299,0 76.3028391925886,9.95199001498745,0 76.3028464159418,9.95196802509565,0 76.3029632705906,9.9516122722737,0 76.3030351789325,9.9512859138965,0 76.3030980610023,9.95100262995973,0 76.303103952154,9.95095327664488,0 76.3031044408375,9.95093430473989,0 76.303103088873,9.95090664674063,0 76.3030989611142,9.95088434709548,0 76.3030938820396,9.95086644491124,0 76.3030880959909,9.9508519253216,0 76.3030782199126,9.95083356480848,0 76.3030375648578,9.95076579963269,0 76.3029797789306,9.95066947923448,0 76.3029510552993,9.95060938260364,0 76.3029395173378,9.95057390912008,0 76.3029275975923,9.9505174596265,0 76.3029078148931,9.95036157601452,0 76.3029013874473,9.95023885297663,0 76.3029009930869,9.95017513742157,0 76.3029036718631,9.9501216997296,0 76.3029113973745,9.95004879104329,0 76.3029402701261,9.94986868039008,0 76.3030019565383,9.94961045554856,0 76.3030812678964,9.94935657135817,0 76.30320684339,9.9490766480113,0 76.3032919614581,9.94891945154353,0 76.303329625123,9.94883743792702,0 76.3033393377079,9.94880953111947,0 76.3033715450058,9.94869795518424,0 76.3034048464517,9.9485317644648,0 76.3034171937952,9.94843931355746,0 76.3034246965245,9.94833093076846,0 76.303453589039,9.9479135505622,0 76.3034998531744,9.94730162030194,0 76.3035571333502,9.94669185934081,0 76.3036262757793,9.94632410535449,0 76.303036744696,9.94622630866183,0 76.3018994407154,9.946002266635,0 76.3007890718202,9.94576937984286,0 76.2994602209699,9.94553059824224,0 76.2983049587684,9.94530655485355,0 76.2973921222177,9.94514736661879,0 76.2968981925419,9.94509123118233,0 76.2967484272144,9.9450742099584,0 76.2966457309128,9.94506253833729,0 76.2964273837049,9.94502747392172,0 76.2960950205245,9.94495838031554,0 76.2956307918469,9.94491045064362,0 76.2954840538419,9.94489529991436,0 76.2948182225533,9.9447641345459,0 76.2940161231243,9.94448408073518,0 76.2931062797601,9.94416275516834,0 76.2921103113164,9.94376058324239,0 76.2920736151371,9.94374576515239,0 76.2919172103613,9.94410010198148,0 76.2917470029711,9.94441172822656,0 76.2916202785323,9.94460570522093,0 76.2915583495749,9.94467933624871,0 76.2912417015221,9.9449639440467,0 76.2911284203715,9.9450927911146,0 76.2910650370417,9.94515920723686,0 76.2910407627661,9.94520437005072,0 76.2910043504544,9.94527609947307,0 76.290971985053,9.94533720223635,0 76.2909477098791,9.94539431977643,0 76.2909247839747,9.94541955827052,0 76.2908897209326,9.94543815444898,0 76.2908303836148,9.94544745298023,0 76.2907670002849,9.94546737726581,0 76.2906793417812,9.94549660096483,0 76.2906523698648,9.9455138690304,0 76.2906078664273,9.94554973326714,0 76.2905781977684,9.94559888123636,0 76.2905714550139,9.94563208924774,0 76.2905714550139,9.94570780289939,0 76.2905781977684,9.94575163752989,0 76.2905795461397,9.94581406919638,0 76.2905687582714,9.94585923191969,0 76.2905390887142,9.94589642422552,0 76.2905107684266,9.94594025883071,0 76.2904837974085,9.94599073484773,0 76.2904703110011,9.94601995761515,0 76.290448733468,9.94607574692965,0 76.2900811266841,9.94674173887813,0 76.2899823542236,9.94691174581759,0 76.2899513138373,9.94697709714146,0 76.289884601351,9.94715034148327,0 76.2902766647686,9.94734569804155,0 76.2909375903574,9.94771527004697,0 76.2916467078663,9.94815265337638,0 76.2922112487167,9.94849849038761,0 76.2927047391163,9.94891607069758,0 76.2929008134951,9.94910919737347,0 76.2931585751844,9.94940431102951,0 76.2934075235025,9.94970593392524,0 76.2936190192597,9.95004444577318,0 76.2938459372937,9.95043286632728,0 76.2940442143415,9.95085166519001,0 76.2941741969699,9.95122055547151,0 76.2942711323756,9.95155906574952,0 76.2943372250243,9.95187153605552,0 76.2943812864907,9.95219485633695,0 76.2944055203421,9.95253336560496,0 76.2943945052,9.95281979631799,0 76.2943768802542,9.95319085477823,0 76.2943317174533,9.95362836526311,0 76.2942869669791,9.95392672998862,0 76.2942394676601,9.95418521243067,0 76.2947499110658,9.9541609523095,0 76.2948603867778,9.95416435256658,0 76.2949173516449,9.9541694533945,0 76.2949682735451,9.95417965416536,0 76.2949993453724,9.95419240579205,0 76.2950364583701,9.95421960961458,0 76.2950528571156,9.95424851223573,0 76.2950580359032,9.95427741573917,0 76.2950580359032,9.954301219299,0 76.2950156327268,9.95450372600344,0 76.295424422775,9.95455353621875,0 76.2954960661138,9.95449749972601,0 76.2956035315713,9.95449957456196,0 76.2960017852795,9.95456183821548,0 76.296701465088,9.95471300388694,0 76.2967101113726,9.95461191032011,0</coordinates></LinearRing></outerBoundaryIs></Polygon></Placemark><Placemark><Style><LineStyle><color>ff0000ff</color></LineStyle><PolyStyle><fill>0</fill></PolyStyle></Style><ExtendedData><SchemaData schemaUrl="#wards"><SimpleData name="ward_id">56</SimpleData><SimpleData name="ward_name">Panampilly Nagar</SimpleData><SimpleData name="Ward_Name">56 - Panampilly Nagar</SimpleData><SimpleData name="Corporation">Kochi Corporation</SimpleData><SimpleData name="ac">Thrikkakara</SimpleData><SimpleData name="AC_NAME">Thrikkakara</SimpleData><SimpleData name="mla_name">Uma Thomas</SimpleData></SchemaData></ExtendedData><Polygon><outerBoundaryIs><LinearRing><coordinates>76.2983288961758,9.95982403180438,0 76.2984489470304,9.95927096606812,0 76.2986759602858,9.95822593832843,0 76.2997868951196,9.95846792416932,0 76.3007233564639,9.95862574157935,0 76.3008479806416,9.95866782526537,0 76.3012752634082,9.95888175530422,0 76.3016491359412,9.95902203619093,0 76.3018454771196,9.95910115402172,0 76.3019526901505,9.95869703982001,0 76.3020616072854,9.95805934192011,0 76.3021160658529,9.95767493585152,0 76.3021412914444,9.95750598298398,0 76.3021426937145,9.95747484568841,0 76.3021371681772,9.95743324051641,0 76.3021248792241,9.95738079231573,0 76.3021203813595,9.95733840675247,0 76.3021208736363,9.95731732058522,0 76.3021299008066,9.95724649186345,0 76.3022128808843,9.95695081903335,0 76.3022912885372,9.95664608661541,0 76.3023388624164,9.95639426944783,0 76.3023671800091,9.95614922336081,0 76.3023762565867,9.95547576174489,0 76.3023550788039,9.95516287018929,0 76.3023460022263,9.95493639581096,0 76.3023501919687,9.95475069686088,0 76.3023603537112,9.95461267566446,0 76.3024246641024,9.95418247399845,0 76.3024730716182,9.95356860805289,0 76.3024980780207,9.95323610673068,0 76.3025081409485,9.9531705000686,0 76.3025281140905,9.95306397515035,0 76.3026423142177,9.95259246117674,0 76.3026654449379,9.95250890539697,0 76.3025940558223,9.95248121302397,0 76.3025022084744,9.95245108214814,0 76.3024812031681,9.95244438688911,0 76.3024729251927,9.95244174842437,0 76.3018277120366,9.95223608525279,0 76.3014246658164,9.9521301041804,0 76.3012628576741,9.95209601203167,0 76.3007790439267,9.95202126163635,0 76.3000211829322,9.95189106621392,0 76.2995325308587,9.9518025721928,0 76.2991645369009,9.95173592825834,0 76.2990055611467,9.9517153009399,0 76.2984741007566,9.9516292524562,0 76.298095576747,9.95157504611151,0 76.2976088057457,9.95150915686462,0 76.2972484295015,9.95145705366886,0 76.2970836784784,9.95143971867269,0 76.2970612951565,9.95143971867269,0 76.2970497392287,9.95144116266586,0 76.2970292504536,9.95144552561339,0 76.2970203176065,9.95144844456765,0 76.2969934471997,9.95146105384829,0 76.2969891460661,9.95146388786166,0 76.2969798386214,9.9514720873002,0 76.2969773359151,9.95147477001278,0 76.2969718427171,9.9514820943842,0 76.296966089906,9.95149294291232,0 76.2969606074878,9.95150491602031,0 76.2969518947279,9.95152735807582,0 76.2969352435558,9.95157938693721,0 76.2968839910756,9.95178907901136,0 76.296780445866,9.95224910504906,0 76.2967171317065,9.95255286121671,0 76.2967155919941,9.95258095174207,0 76.2967199173822,9.95260627285175,0 76.296721831692,9.95261354322521,0 76.2967263852522,9.95262593126169,0 76.2967349614683,9.95264255747293,0 76.2967419296999,9.95265378023137,0 76.296776681925,9.95269838193292,0 76.2967843939617,9.95271021431413,0 76.2967880195622,9.95271708387257,0 76.2967956561404,9.95273590791297,0 76.2967969074936,9.95274278720362,0 76.2967983537812,9.95276501859259,0 76.2967986071061,9.95277791095712,0 76.2967980708119,9.95279375765527,0 76.2967650244876,9.95318000453697,0 76.2967341808323,9.95399155611147,0 76.2967101113726,9.95461191032011,0 76.296701465088,9.95471300388694,0 76.2960017852795,9.95456183821548,0 76.2956035315713,9.95449957456196,0 76.2954960661138,9.95449749972601,0 76.295424422775,9.95455353621875,0 76.2950156327268,9.95450372600344,0 76.2950580359032,9.954301219299,0 76.2950580359032,9.95427741573917,0 76.2950528571156,9.95424851223573,0 76.2950364583701,9.95421960961458,0 76.2949993453724,9.95419240579205,0 76.2949682735451,9.95417965416536,0 76.2949173516449,9.9541694533945,0 76.2948603867778,9.95416435256658,0 76.2947499110658,9.9541609523095,0 76.2942394676601,9.95418521243067,0 76.2941492741106,9.95467603024369,0 76.2941062654698,9.95485934030196,0 76.2940356902278,9.9551601406132,0 76.2939169176759,9.95570899906992,0 76.2938360234862,9.95613393955009,0 76.2936983306178,9.95683576778982,0 76.2935399836844,9.95755115736205,0 76.2933196754542,9.95860898030149,0 76.2932054564624,9.95926684830887,0 76.2935068089009,9.95932015090233,0 76.2936380698319,9.95937473730033,0 76.2938335037119,9.95940490381297,0 76.293938512277,9.9594120855572,0 76.2958238487846,9.95976903406019,0 76.2957162378001,9.96076284169129,0 76.2955296038167,9.96176929233786,0 76.2953753046919,9.96269006768432,0 76.2953264309505,9.96293275979856,0 76.2964765943144,9.96321361796416,0 76.2978137985986,9.96348923895162,0 76.2979009720121,9.96284108714264,0 76.2979735711584,9.962398817444,0 76.2980055332162,9.96220411312197,0 76.2981391378518,9.9613363776598,0 76.2981759274559,9.96092634708838,0 76.2982475707948,9.96041905354042,0 76.2983288961758,9.95982403180438,0</coordinates></LinearRing></outerBoundaryIs></Polygon></Placemark><Placemark><Style><LineStyle><color>ff0000ff</color></LineStyle><PolyStyle><fill>0</fill></PolyStyle></Style><ExtendedData><SchemaData schemaUrl="#wards"><SimpleData name="ward_id">57</SimpleData><SimpleData name="ward_name">Kadavanthra</SimpleData><SimpleData name="Ward_Name">57 - Kadavanthra</SimpleData><SimpleData name="Corporation">Kochi Corporation</SimpleData><SimpleData name="ac">Thrikkakara</SimpleData><SimpleData name="AC_NAME">Thrikkakara</SimpleData><SimpleData name="mla_name">Uma Thomas</SimpleData></SchemaData></ExtendedData><Polygon><outerBoundaryIs><LinearRing><coordinates>76.3103274796267,9.95956659344193,0 76.31033279406,9.95956637667141,0 76.3103362426923,9.95956649877072,0 76.3104439336269,9.95957867065758,0 76.3104602910499,9.95957834417462,0 76.3104686184326,9.95957688694576,0 76.3104832951077,9.95957216046328,0 76.3104908723971,9.95956826036315,0 76.3105089671619,9.95955473742029,0 76.3105159488683,9.95954835109443,0 76.3105297469911,9.95953181902144,0 76.3105423898804,9.95951035431097,0 76.3107229458626,9.95915969453295,0 76.3107299796713,9.95914165920094,0 76.3107313064829,9.95913500123985,0 76.3107320862206,9.95912293374039,0 76.3107305321352,9.95910755539759,0 76.3107248125617,9.95909370506741,0 76.3107198547597,9.95908740190174,0 76.3107104260425,9.95907961319196,0 76.3106951591742,9.95906202466897,0 76.3106851061279,9.95904620835764,0 76.3106801393427,9.95903593430225,0 76.3106761777723,9.9590254770972,0 76.3106748078414,9.95902038342339,0 76.3106730354654,9.95900968467315,0 76.3106727947169,9.95899606880533,0 76.3106738205929,9.95898682728577,0 76.3106800791555,9.95895909918639,0 76.3106856244558,9.95894083380067,0 76.3106869315045,9.95893713542268,0 76.3106939347705,9.95892125363163,0 76.3109334633545,9.95845884985835,0 76.3109629640284,9.95841964345267,0 76.3109797095236,9.95840441460469,0 76.3109930144713,9.95839375653414,0 76.3110036631006,9.95838756041348,0 76.3110265135466,9.95837738277845,0 76.3110380308468,9.95837418252575,0 76.3110496101308,9.95837311636472,0 76.3110616987596,9.95837355963996,0 76.3112651842394,9.9584149691555,0 76.3113012821408,9.95841789778007,0 76.3113417081252,9.95841358535827,0 76.3113783180663,9.95840196907036,0 76.3114010373582,9.95838985022648,0 76.3114451778763,9.95835348130518,0 76.311484493543,9.95829767019923,0 76.3116982198171,9.95792071781655,0 76.3118183865543,9.95759586456845,0 76.3118427874924,9.95751139431863,0 76.3118569260766,9.95744964882604,0 76.3118811599281,9.95730075654697,0 76.311911310084,9.95704047957459,0 76.3119142152356,9.95688440707871,0 76.3118703352289,9.95593051102352,0 76.3118749992818,9.95555383107611,0 76.3118821822109,9.95543767158444,0 76.3118888297439,9.95536469153247,0 76.311910213241,9.95525858760513,0 76.3120140764541,9.95489378519351,0 76.3120517185595,9.95479180689203,0 76.312093734562,9.95471532646297,0 76.3121830962715,9.95457983929372,0 76.31230154004,9.95443222776864,0 76.3123992381154,9.95426764586511,0 76.3124226338386,9.95421707645447,0 76.3124705382978,9.95409313562149,0 76.312495047932,9.95401976507529,0 76.3125399690861,9.9539020920416,0 76.3125900142306,9.95379275814315,0 76.3126704314148,9.95365086733867,0 76.3126934705069,9.95361954740783,0 76.3126815067439,9.95353416125193,0 76.3127354496784,9.95312903326084,0 76.3127813014872,9.95285142069534,0 76.312886491512,9.95248215621751,0 76.3129207766131,9.95236060987211,0 76.3129064736372,9.95228025523024,0 76.3128939196811,9.95223818487747,0 76.3128854548562,9.95221746026301,0 76.3128530157929,9.95213804081725,0 76.3128161480354,9.95204777638206,0 76.3126521183594,9.95155829155,0 76.3126310079502,9.9515037126929,0 76.312627570996,9.95149482576586,0 76.3126008676758,9.95142578307639,0 76.3125640205795,9.95127824533339,0 76.3125398603899,9.95109127284415,0 76.3125339961878,9.95090931707063,0 76.3125465537371,9.95068329629965,0 76.31255769105,9.9505981526965,0 76.3125806591752,9.95042255660866,0 76.3125843314881,9.95029477075185,0 76.312582131514,9.95026785681769,0 76.3125749198388,9.95024171531432,0 76.312566666118,9.9502240165996,0 76.3125377286878,9.95017956674622,0 76.3124985801077,9.95011943197867,0 76.3124622252881,9.95006929724889,0 76.3124481540775,9.95005339290632,0 76.3123866518199,9.94999652215625,0 76.3123482686045,9.94995218021798,0 76.312312372824,9.94989260637427,0 76.3122536032415,9.94977935410496,0 76.3122329851091,9.94974506793867,0 76.3122247394731,9.94973462547768,0 76.3122184153335,9.94972661711327,0 76.3122020192829,9.94970912806928,0 76.3121954624797,9.94970409795602,0 76.3121724943545,9.94969118423484,0 76.3121626407341,9.94968832985556,0 76.3121397399826,9.94968492955188,0 76.3121243141126,9.94968403059051,0 76.3121181067539,9.94968450042171,0 76.3120540146534,9.94969185580143,0 76.3119702593295,9.94969439076626,0 76.3119069218138,9.94969259992201,0 76.3118108640621,9.94968025955371,0 76.3117196823658,9.94967824396902,0 76.3117107046029,9.949678397925,0 76.3116227828928,9.94968482779938,0 76.3115573819468,9.9496965735789,0 76.3113479981288,9.94975710924068,0 76.3110411030851,9.94986680814482,0 76.3109714153786,9.94989938751156,0 76.3109392934207,9.94991853820704,0 76.3108701905174,9.94997281826542,0 76.3107850940089,9.95005417241822,0 76.3107458717669,9.95008586961726,0 76.3107305015924,9.95009683764023,0 76.3107194370431,9.95010332413379,0 76.3106991027783,9.95011231639025,0 76.3106898680972,9.95011462218776,0 76.3106800387313,9.95011618386565,0 76.3106653908023,9.95011618386565,0 76.3106568244678,9.95011534064807,0 76.3106049476584,9.95010384970698,0 76.3105807533329,9.95009572721197,0 76.3105687473491,9.95009030336714,0 76.310534430807,9.95007053154974,0 76.3104628027395,9.95000849531911,0 76.3104262350192,9.94998148491775,0 76.3103933171539,9.9499631447062,0 76.3103500354252,9.94994199258714,0 76.3103329324005,9.94993735267596,0 76.3103058598728,9.94993278000979,0 76.3102226695893,9.94993334893866,0 76.3101887438143,9.94993358075726,0 76.3101384390567,9.94993663952407,0 76.3101052112726,9.94993453811499,0 76.3100563249549,9.94992592012563,0 76.3099255643855,9.94989127032031,0 76.3098879501279,9.94987172677027,0 76.3098595462969,9.94984965444906,0 76.3098488608366,9.9498404188642,0 76.3098358685027,9.94982941367088,0 76.3098059887397,9.9498105850389,0 76.3097891004124,9.94980276248521,0 76.3097551243317,9.94979303052388,0 76.3097088260602,9.94978929930451,0 76.3096649631215,9.94979274384731,0 76.3095780654909,9.94982020905359,0 76.309518665291,9.94985174347141,0 76.3094940523505,9.94987228242715,0 76.3094708569516,9.9498864755677,0 76.3094252854172,9.9499082213938,0 76.3093598224875,9.94993031848552,0 76.3092210372677,9.95003809199899,0 76.3089675030501,9.95021475625083,0 76.3089432287745,9.95022405464612,0 76.3089256972534,9.95022538273548,0 76.3089014229778,9.95022405464612,0 76.3088784970734,9.950232024067,0 76.3088555711691,9.95025194894559,0 76.3088312959951,9.95027320102728,0 76.3088056733483,9.95028781266219,0 76.3087787014319,9.95029179781427,0 76.3087571238988,9.95029312590336,0 76.3087180148446,9.95028515648397,0 76.3086735114071,9.95025859027657,0 76.3086493332512,9.95023918566255,0 76.3086297778258,9.95021965982939,0 76.3085856597656,9.95018629478939,0 76.3085652212962,9.95017541259537,0 76.3085409164779,9.95016561959371,0 76.3085237927919,9.95016181140073,0 76.3084944385434,9.95015693613502,0 76.3084364046811,9.95014729885817,0 76.3084287833743,9.95014603358953,0 76.3084288570361,9.95013416306888,0 76.3083282502158,9.95011230046382,0 76.3083205166196,9.95014168035748,0 76.3082531268036,9.95014331281951,0 76.3082277170574,9.95012209435187,0 76.3082105933715,9.95010740396206,0 76.3081907073661,9.95009217030234,0 76.3081680599394,9.95007911237354,0 76.308144307585,9.95007258340894,0 76.3081205552306,9.95007095094656,0 76.3080990127317,9.95006387871246,0 76.3080896217438,9.95005626143927,0 76.3080874127865,9.95004592427988,0 76.3080918315994,9.95003558623535,0 76.3080995651956,9.95002960142409,0 76.3081050889363,9.95002198503488,0 76.3081039840085,9.95001055956597,0 76.3080956979483,9.95000348644575,0 76.3080813365819,9.94999913409662,0 76.3080664218532,9.94999913409662,0 76.3080432219627,9.95002035257225,0 76.3080321744814,9.9500214408807,0 76.3080260982768,9.95001817595541,0 76.3080189171444,9.95000838294906,0 76.3080100795186,9.94999478086264,0 76.3079995836028,9.94997954719764,0 76.3079736222911,9.94996159276042,0 76.3079703784746,9.94996035934401,0 76.3079448986599,9.94995887198887,0 76.3079078889685,9.94995506379347,0 76.3078957365594,9.9499485348264,0 76.3078896603548,9.94994363832222,0 76.3078758505539,9.94991317010193,0 76.3078747456261,9.94988596680545,0 76.3078758505539,9.94986692405413,0 76.3078797178012,9.94984080906281,0 76.3078852415419,9.9498266628149,0 76.307897946415,9.9498081642147,0 76.3079112028536,9.94978966561346,0 76.3079609174181,9.94974505201218,0 76.3079808034235,9.94971839285639,0 76.3079968221817,9.94969282112315,0 76.3080062122713,9.94967486667014,0 76.3080100795186,9.94966561780828,0 76.3080111116829,9.94962901786588,0 76.3080054936191,9.94961391513492,0 76.3079448986599,9.94946070585757,0 76.3079382699915,9.94943547475411,0 76.3079411993976,9.9493284955971,0 76.3079460026894,9.94915310056243,0 76.3079460026894,9.94912589720264,0 76.307944346196,9.94910957518566,0 76.3079069223813,9.94903309873457,0 76.3077822020839,9.94869901252881,0 76.3077437973088,9.94859613863721,0 76.3077429340279,9.94857743646158,0 76.307697190017,9.94828669655071,0 76.3076911488467,9.94824504065866,0 76.3076911488467,9.94821358660327,0 76.3076928745103,9.94819063290071,0 76.3076980532979,9.94816002914121,0 76.3077040953666,9.94814302665811,0 76.3077049577492,9.948118373233,0 76.3076989165789,9.94807671731946,0 76.3076315968315,9.94783781530146,0 76.3075588422767,9.94750879960647,0 76.3075520887424,9.9474637574454,0 76.3075392293591,9.9474358345939,0 76.3074667236376,9.9473161081962,0 76.3074344992717,9.94726289654812,0 76.3074155852433,9.9472316644858,0 76.3073650720766,9.94716020447543,0 76.3073628029322,9.94715753765402,0 76.3072298343039,9.94700129320501,0 76.3071732817635,9.94694807265754,0 76.306958163999,9.94678497700638,0 76.306712931113,9.94657862277326,0 76.3066566336941,9.94652686829218,0 76.3066109777181,9.94649144303,0 76.306590910253,9.94647954052326,0 76.3065353099268,9.9464515547659,0 76.3064462536445,9.94642747545699,0 76.3064018220722,9.94642422022876,0 76.3062013522368,9.94644425151719,0 76.3060664243828,9.94648981762821,0 76.3059149729174,9.94652881222643,0 76.3058872006021,9.94653596328543,0 76.3057289533817,9.94656727504744,0 76.3056680511987,9.9465735235964,0 76.305613304272,9.94657028783548,0 76.3055491501877,9.9465659823357,0 76.3050697058458,9.94653380434164,0 76.3049688816333,9.94652703817626,0 76.3046723585378,9.94647781336792,0 76.3045751347729,9.94645716625156,0 76.3038897238043,9.94636780894986,0 76.3036262757793,9.94632410535449,0 76.3035571333502,9.94669185934081,0 76.3034998531744,9.94730162030194,0 76.303453589039,9.9479135505622,0 76.3034246965245,9.94833093076846,0 76.3034171937952,9.94843931355746,0 76.3034048464517,9.9485317644648,0 76.3033715450058,9.94869795518424,0 76.3033393377079,9.94880953111947,0 76.303329625123,9.94883743792702,0 76.3032919614581,9.94891945154353,0 76.30320684339,9.9490766480113,0 76.3030812678964,9.94935657135817,0 76.3030019565383,9.94961045554856,0 76.3029402701261,9.94986868039008,0 76.3029113973745,9.95004879104329,0 76.3029036718631,9.9501216997296,0 76.3029009930869,9.95017513742157,0 76.3029013874473,9.95023885297663,0 76.3029078148931,9.95036157601452,0 76.3029275975923,9.9505174596265,0 76.3029395173378,9.95057390912008,0 76.3029510552993,9.95060938260364,0 76.3029797789306,9.95066947923448,0 76.3030375648578,9.95076579963269,0 76.3030782199126,9.95083356480848,0 76.3030880959909,9.9508519253216,0 76.3030938820396,9.95086644491124,0 76.3030989611142,9.95088434709548,0 76.303103088873,9.95090664674063,0 76.3031044408375,9.95093430473989,0 76.303103952154,9.95095327664488,0 76.3030980610023,9.95100262995973,0 76.3030351789325,9.9512859138965,0 76.3029632705906,9.9516122722737,0 76.3028464159418,9.95196802509565,0 76.3028391925886,9.95199001498745,0 76.3027050211161,9.9523659434299,0 76.3026654449379,9.95250890539697,0 76.3026423142177,9.95259246117674,0 76.3025281140905,9.95306397515035,0 76.3025081409485,9.9531705000686,0 76.3024980780207,9.95323610673068,0 76.3024730716182,9.95356860805289,0 76.3024246641024,9.95418247399845,0 76.3023603537112,9.95461267566446,0 76.3023501919687,9.95475069686088,0 76.3023460022263,9.95493639581096,0 76.3023550788039,9.95516287018929,0 76.3023762565867,9.95547576174489,0 76.3023671800091,9.95614922336081,0 76.3023388624164,9.95639426944783,0 76.3022912885372,9.95664608661541,0 76.3022128808843,9.95695081903335,0 76.3021299008066,9.95724649186345,0 76.3021208736363,9.95731732058522,0 76.3021203813595,9.95733840675247,0 76.3021248792241,9.95738079231573,0 76.3021371681772,9.95743324051641,0 76.3021426937145,9.95747484568841,0 76.3021412914444,9.95750598298398,0 76.3021160658529,9.95767493585152,0 76.3020616072854,9.95805934192011,0 76.3019526901505,9.95869703982001,0 76.3017953654998,9.95929003746858,0 76.3015987099111,9.9598651526986,0 76.3013284831989,9.96050144823975,0 76.3012756119545,9.96066512187505,0 76.3012263294797,9.96080871724454,0 76.3012188474117,9.9608280610656,0 76.3011959179141,9.96090490281948,0 76.3011873147486,9.96095332384745,0 76.3011678069339,9.96113736916558,0 76.3011421393713,9.96139422233858,0 76.3011104072822,9.96172352132276,0 76.3010973781173,9.96183871240632,0 76.3010814213429,9.96193376163124,0 76.301055821154,9.96201910312044,0 76.3010199550179,9.96210797747725,0 76.30092993125,9.96228404328503,0 76.3008351167667,9.96244266929838,0 76.3008187207162,9.96247932265974,0 76.3007936065158,9.96254588034733,0 76.3007662986294,9.96263955443457,0 76.3007141056131,9.9628330790998,0 76.3011645837787,9.9628859422653,0 76.3019929436583,9.96316368431848,0 76.3024247386626,9.96329126960326,0 76.3032060088551,9.96348591842078,0 76.3033522464985,9.96351954133794,0 76.3038633627423,9.96362803410338,0 76.3044163368851,9.96374737672303,0 76.3052777430892,9.96399473961345,0 76.3060025577593,9.96419436658478,0 76.3064630018346,9.96431804788393,0 76.3068495082738,9.96441279379685,0 76.3072625913707,9.964541763249,0 76.3073499740917,9.96457115069137,0 76.3077293083816,9.96466327586012,0 76.3077572873095,9.96466834732671,0 76.3079181962381,9.96470185598745,0 76.308092762254,9.96474646577467,0 76.3084793746944,9.96483163665332,0 76.3088004747978,9.9648930586949,0 76.3094393692042,9.96498853171598,0 76.3095567215197,9.96500651098464,0 76.309587416953,9.96500574566468,0 76.3096040815998,9.96500283037069,0 76.309621473882,9.96499600442429,0 76.309645498426,9.96497853035472,0 76.3096763501661,9.96495260591191,0 76.3097084945819,9.96491262081023,0 76.3098271126236,9.96473465948804,0 76.3098989499986,9.96460756581197,0 76.3099219863957,9.96455995577045,0 76.3099389016725,9.96451915840704,0 76.3099642844691,9.96443851478676,0 76.309972751989,9.96439866853014,0 76.3099784769523,9.96435894525092,0 76.3099782380005,9.96433826210539,0 76.309971441347,9.96430062332489,0 76.3099657837574,9.96428599639159,0 76.3099544919343,9.96426167774216,0 76.3099456345455,9.96424644208876,0 76.309924577137,9.96421764475546,0 76.3098228402361,9.96410455848417,0 76.3097931859503,9.96407634331403,0 76.3097718491656,9.96406196764408,0 76.30975379752,9.96405231573682,0 76.3097488442095,9.96404889523319,0 76.3097446706367,9.96404486247173,0 76.3097432099761,9.96404279477458,0 76.3097405824039,9.96403806835685,0 76.3097377095916,9.96403152816951,0 76.3097340794995,9.96401847610702,0 76.3097328568924,9.96400685559485,0 76.3097331398617,9.96400181243046,0 76.3097352266481,9.96398920363439,0 76.309736129455,9.96398542126088,0 76.3097439088653,9.96396448504868,0 76.3097593104809,9.9639321194297,0 76.3097901586277,9.96387930244158,0 76.3099304404408,9.96369944450091,0 76.3099412570552,9.96368184118595,0 76.309951718835,9.9636619056253,0 76.309958052856,9.96364389885473,0 76.3099631040829,9.96361970579429,0 76.3099660757098,9.96359331674087,0 76.3099705367435,9.96349079348739,0 76.3099658322664,9.96343214935086,0 76.3099600812519,9.96339756556736,0 76.3099463729607,9.96334453083988,0 76.3098537404852,9.96308792959197,0 76.3097763137926,9.96278395761378,0 76.3097167339297,9.96245267339169,0 76.3097002085217,9.96221665828357,0 76.3096986499447,9.96197020624377,0 76.3097069351066,9.9618643513155,0 76.3098619573751,9.96098525622282,0 76.3101039949537,9.96021711145436,0 76.3102830246983,9.95959875068652,0 76.3102850818403,9.95959341901646,0 76.3102862730063,9.95959107435572,0 76.3102910996543,9.95958457212468,0 76.3102929205394,9.95958268312434,0 76.3102996282597,9.95957632688149,0 76.3103026942097,9.95957374686973,0 76.3103043471098,9.95957278423158,0 76.3103092114871,9.95957057405687,0 76.3103124229642,9.95956932740507,0 76.3103274796267,9.95956659344193,0</coordinates></LinearRing></outerBoundaryIs></Polygon></Placemark><Placemark><Style><LineStyle><color>ff0000ff</color></LineStyle><PolyStyle><fill>0</fill></PolyStyle></Style><ExtendedData><SchemaData schemaUrl="#wards"><SimpleData name="ward_id">55</SimpleData><SimpleData name="ward_name">Girinagar</SimpleData><SimpleData name="Ward_Name">55 - Girinagar</SimpleData><SimpleData name="Corporation">Kochi Corporation</SimpleData><SimpleData name="ac">Thrikkakara</SimpleData><SimpleData name="AC_NAME">Thrikkakara</SimpleData><SimpleData name="mla_name">Uma Thomas</SimpleData></SchemaData></ExtendedData><Polygon><outerBoundaryIs><LinearRing><coordinates>76.2983288961758,9.95982403180438,0 76.2982475707948,9.96041905354042,0 76.2981759274559,9.96092634708838,0 76.2981391378518,9.9613363776598,0 76.2980055332162,9.96220411312197,0 76.2979735711584,9.962398817444,0 76.2979009720121,9.96284108714264,0 76.2978137985986,9.96348923895162,0 76.2964765943144,9.96321361796416,0 76.2953264309505,9.96293275979856,0 76.2953753046919,9.96269006768432,0 76.2955296038167,9.96176929233786,0 76.2957162378001,9.96076284169129,0 76.2958238487846,9.95976903406019,0 76.293938512277,9.9594120855572,0 76.2938335037119,9.95940490381297,0 76.2936380698319,9.95937473730033,0 76.2935068089009,9.95932015090233,0 76.2932054564624,9.95926684830887,0 76.2931613285207,9.95952101146026,0 76.2931559431206,9.95954780518657,0 76.2930270779965,9.96018892779992,0 76.2930090371306,9.96027250461781,0 76.292841193208,9.96105009775426,0 76.2926690768979,9.96187736187995,0 76.2924246722585,9.96302671159194,0 76.2922559982926,9.96401331880802,0 76.2920242086947,9.96513018755196,0 76.2927818469071,9.96527929125493,0 76.2934471787324,9.96543985963316,0 76.2941345408417,9.96558957898843,0 76.2946170169976,9.96565033466205,0 76.2950201808971,9.96573278908843,0 76.295791260601,9.96590203674429,0 76.2963574534533,9.96603005714451,0 76.2971307358262,9.96620147496166,0 76.2977963560108,9.96637643526476,0 76.2978619033821,9.96639794553085,0 76.2986023963489,9.96666148068076,0 76.2993558511069,9.96697827626079,0 76.2997502034318,9.96713884380234,0 76.3000665981597,9.96726090576443,0 76.3002282733513,9.96732328023133,0 76.3003601478316,9.9673711809543,0 76.3004030351999,9.96738675886243,0 76.3004832727211,9.96741590274038,0 76.3005929911533,9.96744802205131,0 76.3008936042783,9.96751422482235,0 76.3012923628396,9.96756413125917,0 76.3017924630431,9.96760318792671,0 76.3024291547805,9.96764224547435,0 76.3029534888354,9.96767262267893,0 76.303713552499,9.96772686881766,0 76.3043194005812,9.96776375604527,0 76.3047600179398,9.96778545378796,0 76.3049450771766,9.96778111406259,0 76.3052204629134,9.96774422683694,0 76.3054407711436,9.96768998158588,0 76.305711750644,9.96759884819892,0 76.3060444165566,9.96744912976624,0 76.3062845524017,9.96733846884884,0 76.306603999605,9.96720610922933,0 76.3068992129568,9.96707591898108,0 76.3071415523693,9.96699129546878,0 76.3072583153899,9.96696091731595,0 76.3073949069238,9.96694138894431,0 76.3075777625932,9.96694789899148,0 76.3077738378702,9.96697610683511,0 76.3081858142427,9.96706289977643,0 76.3088617461883,9.96724096069022,0 76.3089684597559,9.96677987196,0 76.3091543454427,9.96600008589184,0 76.3091888326647,9.96586600752386,0 76.309239885719,9.96574046173565,0 76.3092677047467,9.9656789009462,0 76.3093358949616,9.96556030577205,0 76.3093471149195,9.96554238492818,0 76.3095187919535,9.96527936203592,0 76.3095745836208,9.96516258136443,0 76.309621473882,9.96499600442429,0 76.3096040815998,9.96500283037069,0 76.309587416953,9.96500574566468,0 76.3095567215197,9.96500651098464,0 76.3094393692042,9.96498853171598,0 76.3088004747978,9.9648930586949,0 76.3084793746944,9.96483163665332,0 76.308092762254,9.96474646577467,0 76.3079181962381,9.96470185598745,0 76.3077572873095,9.96466834732671,0 76.3077293083816,9.96466327586012,0 76.3073499740917,9.96457115069137,0 76.3072625913707,9.964541763249,0 76.3068495082738,9.96441279379685,0 76.3064630018346,9.96431804788393,0 76.3060025577593,9.96419436658478,0 76.3052777430892,9.96399473961345,0 76.3044163368851,9.96374737672303,0 76.3038633627423,9.96362803410338,0 76.3033522464985,9.96351954133794,0 76.3032060088551,9.96348591842078,0 76.3024247386626,9.96329126960326,0 76.3019929436583,9.96316368431848,0 76.3011645837787,9.9628859422653,0 76.3007141056131,9.9628330790998,0 76.3007662986294,9.96263955443457,0 76.3007936065158,9.96254588034733,0 76.3008187207162,9.96247932265974,0 76.3008351167667,9.96244266929838,0 76.30092993125,9.96228404328503,0 76.3010199550179,9.96210797747725,0 76.301055821154,9.96201910312044,0 76.3010814213429,9.96193376163124,0 76.3010973781173,9.96183871240632,0 76.3011104072822,9.96172352132276,0 76.3011421393713,9.96139422233858,0 76.3011678069339,9.96113736916558,0 76.3011873147486,9.96095332384745,0 76.3011959179141,9.96090490281948,0 76.3012188474117,9.9608280610656,0 76.3012263294797,9.96080871724454,0 76.3012756119545,9.96066512187505,0 76.3013284831989,9.96050144823975,0 76.3015987099111,9.9598651526986,0 76.3017953654998,9.95929003746858,0 76.3018208228566,9.95919408057526,0 76.3018454771196,9.95910115402172,0 76.3016491359412,9.95902203619093,0 76.3012752634082,9.95888175530422,0 76.3008479806416,9.95866782526537,0 76.3007233564639,9.95862574157935,0 76.2997868951196,9.95846792416932,0 76.2986759602858,9.95822593832843,0 76.2984489470304,9.95927096606812,0 76.2983288961758,9.95982403180438,0</coordinates></LinearRing></outerBoundaryIs></Polygon></Placemark><Placemark><Style><LineStyle><color>ff0000ff</color></LineStyle><PolyStyle><fill>0</fill></PolyStyle></Style><ExtendedData><SchemaData schemaUrl="#wards"><SimpleData name="ward_id">63</SimpleData><SimpleData name="ward_name">Gandhi Nagar</SimpleData><SimpleData name="Ward_Name">63 - Gandhi Nagar</SimpleData><SimpleData name="Corporation">Kochi Corporation</SimpleData><SimpleData name="ac">Ernakulam</SimpleData><SimpleData name="AC_NAME">Ernakulam</SimpleData><SimpleData name="mla_name">T. J. Vinod</SimpleData></SchemaData></ExtendedData><Polygon><outerBoundaryIs><LinearRing><coordinates>76.2958891518142,9.98350582827863,0 76.2959356234605,9.98296042985216,0 76.2960343743613,9.98227963447913,0 76.2960847186448,9.98194209743337,0 76.2961505525787,9.98159502366336,0 76.2962202600481,9.98112780998794,0 76.2962627153268,9.98086614445071,0 76.296280586411,9.98074290029117,0 76.2962984619869,9.98061965520021,0 76.2963286929911,9.98038980029144,0 76.2963600971951,9.98008588691792,0 76.296390213215,9.97986272721324,0 76.2964564891201,9.97948778685656,0 76.2965358777333,9.97906824444057,0 76.2966307568953,9.97862772463174,0 76.2966530243346,9.97852379319984,0 76.2967091133443,9.97833034066688,0 76.2967682341681,9.97817385546301,0 76.2968805397482,9.97788208202876,0 76.2970683613045,9.97742439775314,0 76.2972174564888,9.97706397035828,0 76.2973936601335,9.97657005163821,0 76.2974943487004,9.97623441438784,0 76.2975375495808,9.97609801072864,0 76.2975853579202,9.97590221221138,0 76.2976504633204,9.97558066101204,0 76.2977351762483,9.97512178176382,0 76.2978168645487,9.9745675493519,0 76.297837804278,9.97437651334161,0 76.2979361617167,9.97419284443297,0 76.2981342357453,9.97402474416427,0 76.2982754158737,9.97396455982331,0 76.2983934167728,9.97391475168783,0 76.2984334528883,9.97386909473974,0 76.2984629535623,9.97381928747442,0 76.2984755964516,9.97358892700373,0 76.2985452643951,9.97341745379407,0 76.2986374531029,9.97333638593031,0 76.2987098860608,9.9732455912083,0 76.2988086594196,9.97308345625977,0 76.2988382921459,9.97302184554211,0 76.298858046099,9.97294726361923,0 76.2989666973326,9.97254841133044,0 76.299016084012,9.97249004309345,0 76.2990720553424,9.97244464517534,0 76.2991444891987,9.97237979086925,0 76.2991774133521,9.97234412157049,0 76.2992728943854,9.97199066741586,0 76.2995165354567,9.97116377665454,0 76.2995560442612,9.9710016406702,0 76.2995922616385,9.97079410734192,0 76.299631770443,9.97057360259344,0 76.2996811571224,9.97041795240519,0 76.2997601756298,9.97010665092094,0 76.2999149212173,9.96952296016834,0 76.2999676002221,9.96923760051326,0 76.3000696659064,9.9687479477095,0 76.3002055783139,9.96800834395208,0 76.3002350780896,9.9678817470149,0 76.3003130428731,9.96763477901995,0 76.3004030351999,9.96738675886243,0 76.3003601478316,9.9673711809543,0 76.3002282733513,9.96732328023133,0 76.3000665981597,9.96726090576443,0 76.2997502034318,9.96713884380234,0 76.2993558511069,9.96697827626079,0 76.2986023963489,9.96666148068076,0 76.2978619033821,9.96639794553085,0 76.2977963560108,9.96637643526476,0 76.2971307358262,9.96620147496166,0 76.2963574534533,9.96603005714451,0 76.295791260601,9.96590203674429,0 76.2950201808971,9.96573278908843,0 76.2946170169976,9.96565033466205,0 76.2941345408417,9.96558957898843,0 76.2934471787324,9.96543985963316,0 76.2927818469071,9.96527929125493,0 76.2920242086947,9.96513018755196,0 76.2918020283755,9.96651301198193,0 76.2915656627597,9.96794704636302,0 76.2912347512568,9.96959990338923,0 76.2910031134742,9.97085700047931,0 76.2907809304601,9.97214668313682,0 76.2904689275956,9.9734410170772,0 76.2902687910351,9.97416376220796,0 76.290229129517,9.97430698888968,0 76.2901569256294,9.97456773514666,0 76.2901261538394,9.97470861886818,0 76.2899820155587,9.97536854148068,0 76.2898359710531,9.97617568672504,0 76.2898023776548,9.97636135401037,0 76.2892950783526,9.97842654142015,0 76.289050735697,9.97971706733214,0 76.2887340067958,9.98123019144584,0 76.2884958813803,9.98252716201338,0 76.2884518091341,9.98274544334381,0 76.2887945307881,9.98281931348175,0 76.2891508116129,9.98285554608115,0 76.2896116518452,9.98286698809349,0 76.2900453836172,9.98288224410931,0 76.2905449502214,9.98290131324339,0 76.2910890526025,9.98293945327761,0 76.291364007148,9.98296615129892,0 76.2917822492696,9.98302526789592,0 76.2922179178094,9.98309201248509,0 76.2926477778425,9.98315684961791,0 76.2931144265814,9.98321596618028,0 76.2935559045261,9.98328271073035,0 76.29409945085,9.98336834123782,0 76.2942084389519,9.98339331580297,0 76.2945330766209,9.98346474398645,0 76.2946035862858,9.98347653720837,0 76.2947143683233,9.98348767043413,0 76.294835260001,9.98349247973275,0 76.2949519799025,9.98349247973275,0 76.2952528445557,9.98348433860579,0 76.2954046355842,9.98349251777538,0 76.2956238784124,9.98351345627166,0 76.2958891518142,9.98350582827863,0</coordinates></LinearRing></outerBoundaryIs></Polygon></Placemark><Placemark><Style><LineStyle><color>ff0000ff</color></LineStyle><PolyStyle><fill>0</fill></PolyStyle></Style><ExtendedData><SchemaData schemaUrl="#wards"><SimpleData name="ward_id">53</SimpleData><SimpleData name="ward_name">Ponnurunni</SimpleData><SimpleData name="Ward_Name">53 - Ponnurunni</SimpleData><SimpleData name="Corporation">Kochi Corporation</SimpleData><SimpleData name="ac">Thrikkakara</SimpleData><SimpleData name="AC_NAME">Thrikkakara</SimpleData><SimpleData name="mla_name">Uma Thomas</SimpleData></SchemaData></ExtendedData><Polygon><outerBoundaryIs><LinearRing><coordinates>76.3149589012792,9.97585895140012,0 76.3152356847946,9.97529177214526,0 76.3157879250139,9.97427342016945,0 76.3161789778267,9.97353981510107,0 76.3163429778583,9.97320284938713,0 76.3165438276811,9.97273045766451,0 76.3168500094625,9.97214448101003,0 76.3169505947232,9.97191065646644,0 76.3174328948093,9.97066673379355,0 76.3175523509792,9.97043528727773,0 76.3177003053031,9.97021689506666,0 76.3178400490253,9.97006078109946,0 76.3180217620376,9.96990626756963,0 76.318097509779,9.96980612097001,0 76.3181493596389,9.96969859640756,0 76.3181754431215,9.96962683165427,0 76.318205412716,9.96948774885781,0 76.3182776731975,9.96823619389583,0 76.3180587079486,9.96838323204778,0 76.3176432218584,9.96860011521367,0 76.3171569368456,9.96871731402676,0 76.3168724125474,9.96872517063236,0 76.3166065013418,9.96871207628958,0 76.3163007040393,9.96867279148864,0 76.3158779047643,9.96860207936582,0 76.3156066755323,9.96854970020228,0 76.3150588990417,9.96843970410846,0 76.3138341135254,9.96818356871182,0 76.3131363623998,9.9680327162921,0 76.312464139598,9.96787683485421,0 76.3119246599474,9.96776453374535,0 76.3113273171144,9.96763211855918,0 76.3110737442692,9.96758686241014,0 76.3104849111769,9.96750640800161,0 76.3100118026528,9.96745779949348,0 76.3096186792232,9.96740416290718,0 76.3091712346683,9.96731512631371,0 76.3088617461883,9.96724096069022,0 76.3088737342058,9.96751067960441,0 76.3088698364158,9.96759020324862,0 76.3088596126896,9.96768284514646,0 76.3088399557545,9.96776242625778,0 76.3088007200379,9.96787007709413,0 76.3087733043537,9.96792408166187,0 76.3087581282153,9.96794674466157,0 76.3087394037315,9.96797241936547,0 76.3083859678711,9.96850413451691,0 76.3082264899588,9.9686460038205,0 76.3080927344062,9.96872707285103,0 76.3077583455249,9.96888920908209,0 76.3075731452526,9.9690817461941,0 76.3074085235869,9.96930975110381,0 76.3072439010229,9.96942122001446,0 76.3070844231105,9.96950228796743,0 76.3069866792211,9.96959348983281,0 76.3069455229063,9.96972015865471,0 76.3069609568612,9.96987722831478,0 76.3070072569293,9.97001909790552,0 76.3070381230424,9.97015589959235,0 76.3070689900539,9.97030283601699,0 76.3070792784589,9.97046497146424,0 76.3070741347056,9.97060177384865,0 76.3070381230424,9.97073350922723,0 76.3069242912246,9.97114175531957,0 76.3068600473087,9.971494154009,0 76.3067456468573,9.97174089346987,0 76.3065134287631,9.97203226453747,0 76.306123648863,9.9726330962167,0 76.3051836661227,9.97249484636127,0 76.3048371257305,9.97349808280669,0 76.3048253757666,9.97377967328136,0 76.3046021300455,9.97490603363099,0 76.3043906342882,9.97604781894525,0 76.3042731364457,9.97672285890052,0 76.3040381407607,9.97755990728069,0 76.3038109783848,9.97835837942709,0 76.3035759826998,9.97925328280737,0 76.3034669191395,9.98041787072429,0 76.3040741164912,9.9803176618867,0 76.3049770320478,9.98015005403027,0 76.3061304949238,9.97998244608761,0 76.3072934116698,9.97979155923264,0 76.3084657840825,9.97961464027755,0 76.3088723319357,9.97952618032157,0 76.3095152463031,9.97933529319914,0 76.3099217941562,9.97916824398298,0 76.3103181317579,9.97898946145838,0 76.3107991822875,9.97870936890458,0 76.311159214477,9.97846205345635,0 76.3115131947163,9.97820627452076,0 76.3118113859833,9.97796217644548,0 76.3120669782412,9.97773142785459,0 76.3123438695545,9.97750258480659,0 76.3126188249984,9.97727755655204,0 76.3129330889224,9.97703998355141,0 76.3132356361202,9.9768490949717,0 76.3134204546085,9.97672642702128,0 76.3136508751738,9.97657386483128,0 76.3138971734617,9.97643373659278,0 76.3141648480602,9.97628971812595,0 76.3145183396161,9.97609710830115,0 76.3148320214318,9.97592166218954,0 76.3149589012792,9.97585895140012,0</coordinates></LinearRing></outerBoundaryIs></Polygon></Placemark><Placemark><Style><LineStyle><color>ff0000ff</color></LineStyle><PolyStyle><fill>0</fill></PolyStyle></Style><ExtendedData><SchemaData schemaUrl="#wards"><SimpleData name="ward_id">52</SimpleData><SimpleData name="ward_name">Vyttila Janatha</SimpleData><SimpleData name="Ward_Name">52 - Vyttila Janatha</SimpleData><SimpleData name="Corporation">Kochi Corporation</SimpleData><SimpleData name="ac">Thrikkakara</SimpleData><SimpleData name="AC_NAME">Thrikkakara</SimpleData><SimpleData name="mla_name">Uma Thomas</SimpleData></SchemaData></ExtendedData><Polygon><outerBoundaryIs><LinearRing><coordinates>76.3182776731975,9.96823619389583,0 76.3182994411734,9.96691510986964,0 76.3183116807192,9.96547457768384,0 76.3183789968733,9.96413047591632,0 76.3184218348343,9.96299130139175,0 76.3184463130274,9.96191239617323,0 76.3184769114426,9.9604055394806,0 76.3184891509884,9.95901319724667,0 76.3185136300799,9.95742194271566,0 76.3185197494036,9.95660220212967,0 76.3184830316647,9.95565588169218,0 76.3184530683584,9.95496234582379,0 76.3180344723006,9.95487078595141,0 76.3174915853401,9.95473562002574,0 76.3171946813589,9.95464550937754,0 76.3164679559722,9.95442193321778,0 76.3161978074134,9.95433692330829,0 76.3160381345666,9.95429356761774,0 76.3159147123348,9.95427996659466,0 76.3156714494541,9.95425390504377,0 76.3152213809204,9.95411448212601,0 76.3150987644774,9.95408248979727,0 76.3149955723057,9.95406423387136,0 76.3148633052616,9.95405546026748,0 76.3147000625098,9.95407532651643,0 76.3145764399537,9.95407609097723,0 76.3145415969988,9.95408248979727,0 76.3144903768579,9.95410345938088,0 76.3144607665895,9.95411875390416,0 76.3144118883566,9.95414967386096,0 76.3143956477146,9.95416393671418,0 76.3143572034137,9.95422200563187,0 76.314333778046,9.9542465037576,0 76.314305411046,9.95426893412237,0 76.3142570753955,9.95430125646026,0 76.3142072718978,9.95432532634072,0 76.3141962387895,9.95432868943482,0 76.3141806000187,9.95433409639818,0 76.3141241103604,9.9543536246397,0 76.314028785634,9.9543785589579,0 76.313974371084,9.95438475426989,0 76.3139434043595,9.95438481620531,0 76.3139257659389,9.95438181587642,0 76.3139062949551,9.95437744323546,0 76.3137104200024,9.95433344784571,0 76.3137017261071,9.95433149510998,0 76.3136963514867,9.95432954237423,0 76.3136608446768,9.95432259498804,0 76.3134157231818,9.95426915178125,0 76.3133153005162,9.95424078976989,0 76.3132681614217,9.95422014225948,0 76.3131915396195,9.95418056815581,0 76.3131571179745,9.95415847135167,0 76.3129284410391,9.95403445174992,0 76.3128874086919,9.95400793451115,0 76.3128554744819,9.95398753207363,0 76.312836054702,9.95397818069796,0 76.3128041195937,9.9539645787769,0 76.3127877208482,9.95395522740057,0 76.3127666014558,9.95393026562145,0 76.312760686948,9.95392061164491,0 76.3127574655894,9.95390927921567,0 76.3127548775431,9.95389799810404,0 76.312753968448,9.95389262387079,0 76.3127531976935,9.95388008723711,0 76.3127543592152,9.95386932284366,0 76.3127732364126,9.95377187082539,0 76.3127711999318,9.95375604894892,0 76.3127689370756,9.95374512882773,0 76.3127630549071,9.95373175782809,0 76.3126934705069,9.95361954740783,0 76.3126704314148,9.95365086733867,0 76.3125900142306,9.95379275814315,0 76.3125399690861,9.9539020920416,0 76.312495047932,9.95401976507529,0 76.3124705382978,9.95409313562149,0 76.3124226338386,9.95421707645447,0 76.3123992381154,9.95426764586511,0 76.31230154004,9.95443222776864,0 76.3121830962715,9.95457983929372,0 76.312093734562,9.95471532646297,0 76.3120517185595,9.95479180689203,0 76.3120140764541,9.95489378519351,0 76.311910213241,9.95525858760513,0 76.3118888297439,9.95536469153247,0 76.3118821822109,9.95543767158444,0 76.3118749992818,9.95555383107611,0 76.3118703352289,9.95593051102352,0 76.3119142152356,9.95688440707871,0 76.311911310084,9.95704047957459,0 76.3118811599281,9.95730075654697,0 76.3118569260766,9.95744964882604,0 76.3118427874924,9.95751139431863,0 76.3118183865543,9.95759586456845,0 76.3116982198171,9.95792071781655,0 76.311484493543,9.95829767019923,0 76.3114451778763,9.95835348130518,0 76.3114010373582,9.95838985022648,0 76.3113783180663,9.95840196907036,0 76.3113417081252,9.95841358535827,0 76.3113012821408,9.95841789778007,0 76.3112651842394,9.9584149691555,0 76.3110616987596,9.95837355963996,0 76.3110496101308,9.95837311636472,0 76.3110380308468,9.95837418252575,0 76.3110265135466,9.95837738277845,0 76.3110036631006,9.95838756041348,0 76.3109930144713,9.95839375653414,0 76.3109797095236,9.95840441460469,0 76.3109629640284,9.95841964345267,0 76.3109334633545,9.95845884985835,0 76.3106939347705,9.95892125363163,0 76.3106869315045,9.95893713542268,0 76.3106856244558,9.95894083380067,0 76.3106800791555,9.95895909918639,0 76.3106738205929,9.95898682728577,0 76.3106727947169,9.95899606880533,0 76.3106730354654,9.95900968467315,0 76.3106748078414,9.95902038342339,0 76.3106761777723,9.9590254770972,0 76.3106801393427,9.95903593430225,0 76.3106851061279,9.95904620835764,0 76.3106951591742,9.95906202466897,0 76.3107104260425,9.95907961319196,0 76.3107198547597,9.95908740190174,0 76.3107248125617,9.95909370506741,0 76.3107305321352,9.95910755539759,0 76.3107320862206,9.95912293374039,0 76.3107313064829,9.95913500123985,0 76.3107299796713,9.95914165920094,0 76.3107229458626,9.95915969453295,0 76.3105423898804,9.95951035431097,0 76.3105297469911,9.95953181902144,0 76.3105159488683,9.95954835109443,0 76.3105089671619,9.95955473742029,0 76.3104908723971,9.95956826036315,0 76.3104832951077,9.95957216046328,0 76.3104686184326,9.95957688694576,0 76.3104602910499,9.95957834417462,0 76.3104439336269,9.95957867065758,0 76.3103362426923,9.95956649877072,0 76.31033279406,9.95956637667141,0 76.3103274796267,9.95956659344193,0 76.3103124229642,9.95956932740507,0 76.3103092114871,9.95957057405687,0 76.3103043471098,9.95957278423158,0 76.3103026942097,9.95957374686973,0 76.3102996282597,9.95957632688149,0 76.3102929205394,9.95958268312434,0 76.3102910996543,9.95958457212468,0 76.3102862730063,9.95959107435572,0 76.3102850818403,9.95959341901646,0 76.3102830246983,9.95959875068652,0 76.3101039949537,9.96021711145436,0 76.3098619573751,9.96098525622282,0 76.3097069351066,9.9618643513155,0 76.3096986499447,9.96197020624377,0 76.3097002085217,9.96221665828357,0 76.3097167339297,9.96245267339169,0 76.3097763137926,9.96278395761378,0 76.3098537404852,9.96308792959197,0 76.3099463729607,9.96334453083988,0 76.3099600812519,9.96339756556736,0 76.3099658322664,9.96343214935086,0 76.3099705367435,9.96349079348739,0 76.3099660757098,9.96359331674087,0 76.3099631040829,9.96361970579429,0 76.309958052856,9.96364389885473,0 76.309951718835,9.9636619056253,0 76.3099412570552,9.96368184118595,0 76.3099304404408,9.96369944450091,0 76.3097901586277,9.96387930244158,0 76.3097593104809,9.9639321194297,0 76.3097439088653,9.96396448504868,0 76.309736129455,9.96398542126088,0 76.3097352266481,9.96398920363439,0 76.3097331398617,9.96400181243046,0 76.3097328568924,9.96400685559485,0 76.3097340794995,9.96401847610702,0 76.3097377095916,9.96403152816951,0 76.3097405824039,9.96403806835685,0 76.3097432099761,9.96404279477458,0 76.3097446706367,9.96404486247173,0 76.3097488442095,9.96404889523319,0 76.30975379752,9.96405231573682,0 76.3097718491656,9.96406196764408,0 76.3097931859503,9.96407634331403,0 76.3098228402361,9.96410455848417,0 76.309924577137,9.96421764475546,0 76.3099456345455,9.96424644208876,0 76.3099544919343,9.96426167774216,0 76.3099657837574,9.96428599639159,0 76.309971441347,9.96430062332489,0 76.3099782380005,9.96433826210539,0 76.3099784769523,9.96435894525092,0 76.309972751989,9.96439866853014,0 76.3099642844691,9.96443851478676,0 76.3099389016725,9.96451915840704,0 76.3099219863957,9.96455995577045,0 76.3098989499986,9.96460756581197,0 76.3098271126236,9.96473465948804,0 76.3097084945819,9.96491262081023,0 76.3096763501661,9.96495260591191,0 76.309645498426,9.96497853035472,0 76.309621473882,9.96499600442429,0 76.3095745836208,9.96516258136443,0 76.3095187919535,9.96527936203592,0 76.3093471149195,9.96554238492818,0 76.3093358949616,9.96556030577205,0 76.3092677047467,9.9656789009462,0 76.309239885719,9.96574046173565,0 76.3091888326647,9.96586600752386,0 76.3091543454427,9.96600008589184,0 76.3089684597559,9.96677987196,0 76.3088617461883,9.96724096069022,0 76.3091712346683,9.96731512631371,0 76.3096186792232,9.96740416290718,0 76.3100118026528,9.96745779949348,0 76.3104849111769,9.96750640800161,0 76.3110737442692,9.96758686241014,0 76.3113273171144,9.96763211855918,0 76.3119246599474,9.96776453374535,0 76.312464139598,9.96787683485421,0 76.3131363623998,9.9680327162921,0 76.3138341135254,9.96818356871182,0 76.3150588990417,9.96843970410846,0 76.3156066755323,9.96854970020228,0 76.3158779047643,9.96860207936582,0 76.3163007040393,9.96867279148864,0 76.3166065013418,9.96871207628958,0 76.3168724125474,9.96872517063236,0 76.3171569368456,9.96871731402676,0 76.3176432218584,9.96860011521367,0 76.3180587079486,9.96838323204778,0 76.3182776731975,9.96823619389583,0</coordinates></LinearRing></outerBoundaryIs></Polygon></Placemark><Placemark><Style><LineStyle><color>ff0000ff</color></LineStyle><PolyStyle><fill>0</fill></PolyStyle></Style><ExtendedData><SchemaData schemaUrl="#wards"><SimpleData name="ward_id">51</SimpleData><SimpleData name="ward_name">Poonithura</SimpleData><SimpleData name="Ward_Name">51 - Poonithura</SimpleData><SimpleData name="Corporation">Kochi Corporation</SimpleData><SimpleData name="ac">Thrikkakara</SimpleData><SimpleData name="AC_NAME">Thrikkakara</SimpleData><SimpleData name="mla_name">Uma Thomas</SimpleData></SchemaData></ExtendedData><Polygon><outerBoundaryIs><LinearRing><coordinates>76.3270045780106,9.95602630165163,0 76.327264958289,9.95549997398977,0 76.3275304436931,9.95502728410928,0 76.3277074342619,9.95469539477842,0 76.327862301122,9.95447245924193,0 76.328081836801,9.9542109696185,0 76.3282213873855,9.95410201628425,0 76.3284017807726,9.95399809119123,0 76.3286230187591,9.95392098502759,0 76.3288851004466,9.95384387973048,0 76.3290910221575,9.95375504028437,0 76.3293139624514,9.9536343526628,0 76.3293982028655,9.95356479016686,0 76.3295811492647,9.95335107253302,0 76.3296798552498,9.95320691823111,0 76.3299164104102,9.95288340783591,0 76.3303986395295,9.95202246584664,0 76.3308307453508,9.95122855052728,0 76.3311672883922,9.95068426781202,0 76.3315108122417,9.95015357034353,0 76.3319867926798,9.94931021463087,0 76.3323883189506,9.9486082905825,0 76.3326427425003,9.94821007833762,0 76.3331488236869,9.94733539264959,0 76.333420052919,9.94682204179385,0 76.3337072371288,9.9462772606645,0 76.3339837843873,9.9457848605676,0 76.3343347867115,9.945130073759,0 76.3347017440135,9.94448314194265,0 76.3348985181799,9.94414265118485,0 76.3350234962938,9.94385978134343,0 76.3351165653505,9.94346690674741,0 76.3352016573675,9.94319713257287,0 76.3352628164686,9.942935215402,0 76.3352589348483,9.94289315180918,0 76.3352307169686,9.94281869660868,0 76.3351786164787,9.94274934770642,0 76.3351015212644,9.94266009026077,0 76.3350052497137,9.94257855818695,0 76.3348764330986,9.94249641202496,0 76.3347019569143,9.94241525773025,0 76.3346715821796,9.94240622544481,0 76.3345658019616,9.94237477171222,0 76.3345324520067,9.94235331649199,0 76.3345206993478,9.94233828332585,0 76.3345086861775,9.94231545485563,0 76.3344923485174,9.94225688743476,0 76.3344953282293,9.94219114318951,0 76.3345071509567,9.94211852914992,0 76.3345318761866,9.94205915030907,0 76.3346961475093,9.94179359382238,0 76.3348526546931,9.94159221712542,0 76.3348864942298,9.94155402536066,0 76.3349323711914,9.94150738969083,0 76.3349819770597,9.94147259476601,0 76.3350101015146,9.94144821070982,0 76.3350200449665,9.94143657877645,0 76.335076840052,9.94131723419581,0 76.3351713086839,9.94114085624157,0 76.3353038461209,9.94085476302693,0 76.3354081845429,9.94062699838146,0 76.3355548210383,9.94026590830418,0 76.3356732594169,9.94000342426268,0 76.3358283562457,9.93970899582477,0 76.3360426727129,9.9392909639883,0 76.3361893101066,9.93898403663622,0 76.3363641465154,9.93871877318632,0 76.3364268444306,9.93859948955199,0 76.3365630964014,9.93824687838361,0 76.3365984145651,9.93815547486693,0 76.3366137497053,9.93811714555114,0 76.3366207933955,9.93806257064288,0 76.3366193165651,9.93804777707,0 76.3366095671493,9.93801668747057,0 76.3366054313058,9.93800853989973,0 76.3365835950578,9.93798658623018,0 76.3365366625758,9.93796050037392,0 76.3363589964739,9.9378858679676,0 76.335887398916,9.93772650711526,0 76.3357412663755,9.93766803089536,0 76.3356808789271,9.93763618029988,0 76.3355946783891,9.93758548355309,0 76.3354817556663,9.93750304325533,0 76.3353749073515,9.93743761836543,0 76.3352907441925,9.93739687247353,0 76.3347320145436,9.93721097773873,0 76.3345319489501,9.93713406050841,0 76.3343743368386,9.93705763080612,0 76.3343197426255,9.93711849531433,0 76.3341440573087,9.93731435603218,0 76.3340892358219,9.93738999993854,0 76.3339984736389,9.93756011349825,0 76.3339435048283,9.93767830562284,0 76.3338699660442,9.93786051740246,0 76.3338062314731,9.93806409786977,0 76.3337808882023,9.93822202777853,0 76.3337585785422,9.93847944226168,0 76.3337405843888,9.93861273729408,0 76.3337010028207,9.93879535823114,0 76.3335558781899,9.93922419716472,0 76.3334769773619,9.93938522342656,0 76.3334344744726,9.93945707180857,0 76.3333286134062,9.93966403399323,0 76.3331475256214,9.94009091896661,0 76.333020896404,9.94034954596485,0 76.332926447535,9.94060706406769,0 76.3328623168068,9.94081989282224,0 76.3327642351509,9.94107504187051,0 76.3327360073897,9.94112893407379,0 76.332538605301,9.9414680449869,0 76.3326214470382,9.94159439202874,0 76.3326196620857,9.94161196468076,0 76.3326113445844,9.94164260798587,0 76.3325952557577,9.9416797282158,0 76.332435645793,9.94193772042208,0 76.3324353134163,9.9419378770362,0 76.3324191958435,9.94196519336724,0 76.3323967729957,9.94200744377764,0 76.3323811405131,9.94204383133087,0 76.3323700014036,9.94209058637553,0 76.332366928267,9.94210872351924,0 76.3323673684415,9.94213052383726,0 76.3323729640474,9.9421568190643,0 76.3323983387592,9.94222410822037,0 76.3324014370487,9.94223976076903,0 76.3324009214157,9.94225039193716,0 76.3323993233128,9.94226528530507,0 76.3323928446629,9.94229081160876,0 76.3323845163819,9.94231859686728,0 76.3323804910312,9.94232942623351,0 76.3323746277273,9.94234247031487,0 76.3323577968922,9.94237363294335,0 76.3322700647266,9.94251600645112,0 76.3322233397554,9.94259183231251,0 76.3321240130344,9.94276894654155,0 76.3320431511841,9.94292465415714,0 76.3319661071738,9.94306670977364,0 76.3318068861795,9.94333144853557,0 76.3317879056759,9.94336794919858,0 76.3317363019544,9.94346718635097,0 76.3316253106095,9.94366453684291,0 76.3316052413477,9.94369258035232,0 76.3315688748501,9.94373813357475,0 76.3315144656899,9.94379659809103,0 76.3314413077915,9.94386865697551,0 76.3313854550387,9.94392367155492,0 76.3313028244056,9.94401082012973,0 76.3310931450419,9.94426245307018,0 76.3310151488174,9.94436629897267,0 76.3306049367361,9.94502084752628,0 76.3305726719461,9.94507477712606,0 76.3304792974622,9.94523085084191,0 76.3297649688264,9.9464987427384,0 76.329173799216,9.9475950305618,0 76.3290287437555,9.94782558811872,0 76.3289273877403,9.94802754317872,0 76.3288076836354,9.94832272151817,0 76.3284861406626,9.9490188020346,0 76.3283938513436,9.94919165509424,0 76.3281486975093,9.94954656290995,0 76.3278312849901,9.95008302320467,0 76.3277991414727,9.95015125569827,0 76.3277942456544,9.95017343682986,0 76.3277950774943,9.9502310242396,0 76.3278051826429,9.95029606610322,0 76.327837994507,9.95041995175009,0 76.3278541435209,9.95050809664899,0 76.3278604308295,9.95061023643755,0 76.3278522381941,9.95069350779699,0 76.3278060665852,9.95090627866333,0 76.3277321136777,9.95119254446111,0 76.327546672657,9.95177140780927,0 76.3275159089518,9.9518377721401,0 76.3274868035366,9.95189183510386,0 76.3271530668321,9.9525117305533,0 76.3269309718528,9.95298861092853,0 76.3268843322216,9.95306079961984,0 76.3268221454477,9.9531526758717,0 76.3267688421137,9.95317892597182,0 76.3267037582731,9.95319334901536,0 76.3266444694643,9.95318986380783,0 76.3266089339083,9.95318111318512,0 76.3265356430592,9.9531548630852,0 76.3264690141163,9.9531548630852,0 76.3264273996608,9.95316283331933,0 76.326368871725,9.95318643699676,0 76.3263174835992,9.95323393455923,0 76.3262998326022,9.95325326113334,0 76.3262775382135,9.95328500403121,0 76.3262445996869,9.95334401452669,0 76.32623217419,9.95338373914683,0 76.3261887514257,9.9536876314019,0 76.3261773616863,9.95374470855082,0 76.3261452208637,9.95390577189597,0 76.3261388527067,9.95394609191341,0 76.3261215682223,9.95399716392839,0 76.3260264941259,9.95415762814453,0 76.3260122621168,9.95418164848722,0 76.3258577545829,9.95441022388469,0 76.3257446647735,9.95466978184975,0 76.3257240358613,9.95471426382914,0 76.3257218727181,9.95472880890598,0 76.3257233639215,9.95474165429904,0 76.3257270892349,9.95476991363114,0 76.3257270892349,9.95479413566104,0 76.3257267173324,9.95481615633016,0 76.3257241086248,9.95483193745485,0 76.3257144211928,9.95485285655726,0 76.3256709813606,9.95493209130624,0 76.3254511438476,9.95531870373045,0 76.3252133499105,9.95584601556865,0 76.3251963537853,9.95587564888047,0 76.3249348829522,9.95578127386893,0 76.3246328082682,9.95566290337223,0 76.32433235684,9.95555572983244,0 76.3240400261819,9.9555205382491,0 76.3236421317999,9.95551094094607,0 76.3231825222595,9.95548054756755,0 76.3224971687831,9.95543096046049,0 76.3221073951712,9.95538937006939,0 76.3217971997171,9.95538937006939,0 76.3214951241348,9.95536057726308,0 76.3211248385747,9.9553109901378,0 76.3207318157564,9.95522461080573,0 76.3204248686104,9.95514782964956,0 76.3201536510564,9.95507744727587,0 76.3198288391143,9.9550598514589,0 76.3194699217341,9.95503585772451,0 76.319146733946,9.9550214613061,0 76.3188820121099,9.95499586698358,0 76.3186205385818,9.95498626966513,0 76.3184530683584,9.95496234582379,0 76.3184830316647,9.95565588169218,0 76.3185197494036,9.95660220212967,0 76.3185136300799,9.95742194271566,0 76.3184891509884,9.95901319724667,0 76.3184769114426,9.9604055394806,0 76.3184463130274,9.96191239617323,0 76.3184218348343,9.96299130139175,0 76.3183789968733,9.96413047591632,0 76.3183116807192,9.96547457768384,0 76.3182994411734,9.96691510986964,0 76.3182776731975,9.96823619389583,0 76.3186071491925,9.96801493979916,0 76.3189810864043,9.96766710799642,0 76.3191778605706,9.96741306709605,0 76.3192842246935,9.96705950584709,0 76.3193214526755,9.96676879921152,0 76.3192948616448,9.96645714033892,0 76.3191619055928,9.96607738738722,0 76.318997041382,9.96578929965288,0 76.3189465183338,9.96560858897092,0 76.3188986542988,9.96521050275437,0 76.3189172673915,9.96463956153259,0 76.318978427391,9.96411314336283,0 76.3190874505271,9.96356315238507,0 76.3191490183618,9.96333429142578,0 76.3191937930905,9.96320273885877,0 76.3192574270503,9.96305904456432,0 76.3193325217165,9.96295407564269,0 76.3195474768859,9.96272768895533,0 76.3198187061179,9.96248412076644,0 76.3201989584861,9.96216198211448,0 76.3204967787489,9.96188436573069,0 76.3208983050196,9.96156222648641,0 76.3212030423101,9.96131353547658,0 76.3213378911123,9.96122158808591,0 76.321677423747,9.96103580246536,0 76.3220949040972,9.96080009069451,0 76.3225575894691,9.96055128231338,0 76.3229910238988,9.96031557019247,0 76.3234111632622,9.96004580993688,0 76.3240546678227,9.95965819269669,0 76.3246316952556,9.95933343142566,0 76.3250252435883,9.95905843246586,0 76.3252964728203,9.95878867117096,0 76.3256049291361,9.95839581453454,0 76.3258708403416,9.95800819533428,0 76.3261713196177,9.95751843276963,0 76.3265728449901,9.95685319186278,0 76.3267261326119,9.95655690286541,0 76.3270045780106,9.95602630165163,0</coordinates></LinearRing></outerBoundaryIs></Polygon></Placemark><Placemark><Style><LineStyle><color>ff0000ff</color></LineStyle><PolyStyle><fill>0</fill></PolyStyle></Style><ExtendedData><SchemaData schemaUrl="#wards"><SimpleData name="ward_id">49</SimpleData><SimpleData name="ward_name">Vyttila</SimpleData><SimpleData name="Ward_Name">49 - Vyttila</SimpleData><SimpleData name="Corporation">Kochi Corporation</SimpleData><SimpleData name="ac">Thrikkakara</SimpleData><SimpleData name="AC_NAME">Thrikkakara</SimpleData><SimpleData name="mla_name">Uma Thomas</SimpleData></SchemaData></ExtendedData><Polygon><outerBoundaryIs><LinearRing><coordinates>76.3210186720812,9.97301432258754,0 76.3214972666168,9.97298828022847,0 76.3218859568604,9.97299053189505,0 76.3220992016375,9.9730020990025,0 76.3226136668007,9.97306575436057,0 76.323276246188,9.97316706604689,0 76.3240628703396,9.97330711429436,0 76.3248467618161,9.97343660310896,0 76.3249292657867,9.97292707912808,0 76.3250324112459,9.97217299452521,0 76.3250281559264,9.97182871233077,0 76.3249770840076,9.9715212670293,0 76.3249236315532,9.97133993312483,0 76.3248958960688,9.97129279829029,0 76.3247230224789,9.97097011183553,0 76.3246394099872,9.97086119771945,0 76.3245922098072,9.97080142774062,0 76.3245477063698,9.97077353519808,0 76.3245058996748,9.97075361245749,0 76.3242833833856,9.97067657572575,0 76.3238073328789,9.97060617989255,0 76.3237825339872,9.97061950242416,0 76.3237183260039,9.97065399608208,0 76.3235537986613,9.97060485188615,0 76.3233519948277,9.97053843740329,0 76.3232026813528,9.97048929761369,0 76.3231821377805,9.97050490545426,0 76.3231724728064,9.97051224886294,0 76.3230369673357,9.97047484613817,0 76.3228867887831,9.97041194142534,0 76.3227823542414,9.97036178857971,0 76.3227366102305,9.97033118601483,0 76.3226278601822,9.97024278016196,0 76.3225510452423,9.97017137473654,0 76.3225242889216,9.97013652270418,0 76.3225122056827,9.9701207962896,0 76.3224907314558,9.97005292364128,0 76.3224647360081,9.96997076050542,0 76.3224543784329,9.96995035906626,0 76.3224259359743,9.96981760325451,0 76.3223455511295,9.96944241156931,0 76.3223350156878,9.96933656879893,0 76.3223371222371,9.9692099723776,0 76.3223413371325,9.96911035553041,0 76.3223560865711,9.96900036228003,0 76.322381373248,9.96888206736043,0 76.3225604820443,9.96840888725272,0 76.3225986415793,9.96826267812695,0 76.3227211277666,9.96779337411843,0 76.3227358143232,9.96774674927498,0 76.3228174711825,9.96748751226334,0 76.3229091756983,9.96703724181132,0 76.3229267072194,9.96697348706777,0 76.3229307523331,9.96692301429561,0 76.3229280555906,9.96688316657304,0 76.3229118724408,9.9668300377433,0 76.3228727633866,9.96679019089414,0 76.3227581338647,9.9667875339655,0 76.3226300179355,9.96680081683904,0 76.3225126916712,9.96681808377756,0 76.3224386992379,9.96684518656969,0 76.3222889608598,9.96690003713567,0 76.3222127073669,9.96693758802514,0 76.3217080401285,9.96718005136528,0 76.321649717907,9.96721109306543,0 76.3215832749153,9.96723666342593,0 76.3215383483714,9.96724843157739,0 76.321490688254,9.9672534844239,0 76.3214337179969,9.9672488341418,0 76.3213977817923,9.96723968133177,0 76.3203478344815,9.96682949981042,0 76.3202715405644,9.96678751184654,0 76.3202402028357,9.96676371096721,0 76.3201854406377,9.96671022467565,0 76.3198510203153,9.96628643134852,0 76.3197739277959,9.96615830399299,0 76.3197443669349,9.96609016597648,0 76.3197023509324,9.96594433448835,0 76.3195681956296,9.96510750843075,0 76.3195541091476,9.96491327199597,0 76.3195669451747,9.96428883206315,0 76.3196507337362,9.96376617535373,0 76.3198515817624,9.96321393117196,0 76.3199672066175,9.96296857699861,0 76.3201552545492,9.96264849768338,0 76.3205303110618,9.96219700664472,0 76.321196044434,9.96158889971607,0 76.3217296419162,9.96124251208736,0 76.3224088769671,9.96092090661281,0 76.3224965740984,9.960893808637,0 76.322660571435,9.96085619246316,0 76.3227648173304,9.96084182195993,0 76.3230399326744,9.96085077852964,0 76.3239779858334,9.96097884603605,0 76.3243106553394,9.96099016229388,0 76.3257860537519,9.96088026009062,0 76.3264421742522,9.96082281700829,0 76.3267505443297,9.96079581900381,0 76.3269493738414,9.96077892689084,0 76.3270943745047,9.96075427441995,0 76.3271944926415,9.96073132248388,0 76.3272963382384,9.96070241955206,0 76.327344671194,9.96068201753304,0 76.3276752368455,9.96056555550413,0 76.3278582128891,9.96048309711717,0 76.3279574686432,9.9604269917453,0 76.3280783019303,9.96035728470911,0 76.3282776919908,9.96022284834161,0 76.3283113374915,9.96015751471021,0 76.3283536292767,9.96010225866754,0 76.3284105932455,9.96006740555899,0 76.3284908613094,9.96003340183216,0 76.3285694028114,9.96000874930494,0 76.3286608908331,9.95997644611262,0 76.328704908282,9.95995179358109,0 76.3287730931071,9.95990333878295,0 76.3288015750915,9.95988803745255,0 76.3288354712221,9.95987720955332,0 76.3288973786199,9.95985743390476,0 76.3289552058697,9.95983873237427,0 76.3290035388252,9.95982173049935,0 76.3290346106526,9.95980302808202,0 76.3290656815816,9.95977497533884,0 76.3290855325528,9.95974267212337,0 76.329095890128,9.95971886984516,0 76.3291261525733,9.95952600603114,0 76.3291519575781,9.95926680318516,0 76.3291482610108,9.959017235379,0 76.3291387164109,9.95893614889363,0 76.3291033874673,9.95875872579631,0 76.3290101737819,9.9584142489439,0 76.3289076813979,9.95818977200382,0 76.3288092646703,9.95803745153272,0 76.3286756537465,9.95783066113463,0 76.3285516547963,9.95766112085185,0 76.3282617091653,9.9573981234573,0 76.3279822154326,9.95717480753996,0 76.3275270678242,9.95690292739763,0 76.3272655484821,9.95678093676641,0 76.3271819800079,9.95674195489462,0 76.3271203519861,9.95671693670233,0 76.3267261326119,9.95655690286541,0 76.3265728449901,9.95685319186278,0 76.3261713196177,9.95751843276963,0 76.3258708403416,9.95800819533428,0 76.3256049291361,9.95839581453454,0 76.3252964728203,9.95878867117096,0 76.3250252435883,9.95905843246586,0 76.3246316952556,9.95933343142566,0 76.3240546678227,9.95965819269669,0 76.3234111632622,9.96004580993688,0 76.3229910238988,9.96031557019247,0 76.3225575894691,9.96055128231338,0 76.3220949040972,9.96080009069451,0 76.321677423747,9.96103580246536,0 76.3213378911123,9.96122158808591,0 76.3212030423101,9.96131353547658,0 76.3208983050196,9.96156222648641,0 76.3204967787489,9.96188436573069,0 76.3201989584861,9.96216198211448,0 76.3198187061179,9.96248412076644,0 76.3195474768859,9.96272768895533,0 76.3193325217165,9.96295407564269,0 76.3192574270503,9.96305904456432,0 76.3191937930905,9.96320273885877,0 76.3191490183618,9.96333429142578,0 76.3190874505271,9.96356315238507,0 76.318978427391,9.96411314336283,0 76.3189172673915,9.96463956153259,0 76.3188986542988,9.96521050275437,0 76.3189465183338,9.96560858897092,0 76.318997041382,9.96578929965288,0 76.3191619055928,9.96607738738722,0 76.3192948616448,9.96645714033892,0 76.3193214526755,9.96676879921152,0 76.3192842246935,9.96705950584709,0 76.3191778605706,9.96741306709605,0 76.3189810864043,9.96766710799642,0 76.3186071491925,9.96801493979916,0 76.3182776731975,9.96823619389583,0 76.318205412716,9.96948774885781,0 76.3181754431215,9.96962683165427,0 76.3181493596389,9.96969859640756,0 76.318097509779,9.96980612097001,0 76.3180217620376,9.96990626756963,0 76.3178400490253,9.97006078109946,0 76.3177003053031,9.97021689506666,0 76.3175523509792,9.97043528727773,0 76.3174328948093,9.97066673379355,0 76.3169505947232,9.97191065646644,0 76.3168500094625,9.97214448101003,0 76.3165438276811,9.97273045766451,0 76.3163429778583,9.97320284938713,0 76.3161789778267,9.97353981510107,0 76.3157879250139,9.97427342016945,0 76.3152356847946,9.97529177214526,0 76.3149589012792,9.97585895140012,0 76.3155219509262,9.97558066101204,0 76.3162026825704,9.97522011302251,0 76.316707937307,9.97493703743638,0 76.3171042749087,9.97471951616903,0 76.3176095296453,9.97442452185063,0 76.3177688171149,9.97434167503006,0 76.3181480642683,9.97414442537131,0 76.3186744967877,9.97385836904977,0 76.3191162163792,9.97362892785116,0 76.3194883497738,9.97343226434359,0 76.3199784768811,9.97324156033013,0 76.3203483267583,9.97313093234531,0 76.3205169468253,9.97309598065372,0 76.3208534063234,9.97303540597034,0 76.3210186720812,9.97301432258754,0</coordinates></LinearRing></outerBoundaryIs></Polygon></Placemark><Placemark><Style><LineStyle><color>ff0000ff</color></LineStyle><PolyStyle><fill>0</fill></PolyStyle></Style><ExtendedData><SchemaData schemaUrl="#wards"><SimpleData name="ward_id">54</SimpleData><SimpleData name="ward_name">Elamkualam</SimpleData><SimpleData name="Ward_Name">54 - Elamkualam</SimpleData><SimpleData name="Corporation">Kochi Corporation</SimpleData><SimpleData name="ac">Thrikkakara</SimpleData><SimpleData name="AC_NAME">Thrikkakara</SimpleData><SimpleData name="mla_name">Uma Thomas</SimpleData></SchemaData></ExtendedData><Polygon><outerBoundaryIs><LinearRing><coordinates>76.2983966659791,9.98052901202635,0 76.2988207175056,9.98051566247367,0 76.2994084681281,9.98055119640003,0 76.3002402703519,9.98062959857454,0 76.3010356405011,9.98068270569024,0 76.301089231296,9.9806820616138,0 76.3012237081957,9.98067643744618,0 76.3017577359709,9.98064356565747,0 76.3023344669597,9.98058304103738,0 76.3031995643413,9.98046199087872,0 76.3034669191395,9.98041787072429,0 76.3035759826998,9.97925328280737,0 76.3038109783848,9.97835837942709,0 76.3040381407607,9.97755990728069,0 76.3042731364457,9.97672285890052,0 76.3043906342882,9.97604781894525,0 76.3046021300455,9.97490603363099,0 76.3048253757666,9.97377967328136,0 76.3048371257305,9.97349808280669,0 76.3051836661227,9.97249484636127,0 76.306123648863,9.9726330962167,0 76.3065134287631,9.97203226453747,0 76.3067456468573,9.97174089346987,0 76.3068600473087,9.971494154009,0 76.3069242912246,9.97114175531957,0 76.3070381230424,9.97073350922723,0 76.3070741347056,9.97060177384865,0 76.3070792784589,9.97046497146424,0 76.3070689900539,9.97030283601699,0 76.3070381230424,9.97015589959235,0 76.3070072569293,9.97001909790552,0 76.3069609568612,9.96987722831478,0 76.3069455229063,9.96972015865471,0 76.3069866792211,9.96959348983281,0 76.3070844231105,9.96950228796743,0 76.3072439010229,9.96942122001446,0 76.3074085235869,9.96930975110381,0 76.3075731452526,9.9690817461941,0 76.3077583455249,9.96888920908209,0 76.3080927344062,9.96872707285103,0 76.3082264899588,9.9686460038205,0 76.3083859678711,9.96850413451691,0 76.3087394037315,9.96797241936547,0 76.3087581282153,9.96794674466157,0 76.3087733043537,9.96792408166187,0 76.3088007200379,9.96787007709413,0 76.3088399557545,9.96776242625778,0 76.3088596126896,9.96768284514646,0 76.3088698364158,9.96759020324862,0 76.3088737342058,9.96751067960441,0 76.3088617461883,9.96724096069022,0 76.3081858142427,9.96706289977643,0 76.3077738378702,9.96697610683511,0 76.3075777625932,9.96694789899148,0 76.3073949069238,9.96694138894431,0 76.3072583153899,9.96696091731595,0 76.3071415523693,9.96699129546878,0 76.3068992129568,9.96707591898108,0 76.306603999605,9.96720610922933,0 76.3062845524017,9.96733846884884,0 76.3060444165566,9.96744912976624,0 76.305711750644,9.96759884819892,0 76.3054407711436,9.96768998158588,0 76.3052204629134,9.96774422683694,0 76.3049450771766,9.96778111406259,0 76.3047600179398,9.96778545378796,0 76.3043194005812,9.96776375604527,0 76.303713552499,9.96772686881766,0 76.3029534888354,9.96767262267893,0 76.3024291547805,9.96764224547435,0 76.3017924630431,9.96760318792671,0 76.3012923628396,9.96756413125917,0 76.3008936042783,9.96751422482235,0 76.3005929911533,9.96744802205131,0 76.3004832727211,9.96741590274038,0 76.3004030351999,9.96738675886243,0 76.3003130428731,9.96763477901995,0 76.3002350780896,9.9678817470149,0 76.3002055783139,9.96800834395208,0 76.3000696659064,9.9687479477095,0 76.2999676002221,9.96923760051326,0 76.2999149212173,9.96952296016834,0 76.2997601756298,9.97010665092094,0 76.2996811571224,9.97041795240519,0 76.299631770443,9.97057360259344,0 76.2995922616385,9.97079410734192,0 76.2995560442612,9.9710016406702,0 76.2995165354567,9.97116377665454,0 76.2992728943854,9.97199066741586,0 76.2991774133521,9.97234412157049,0 76.2991444891987,9.97237979086925,0 76.2990720553424,9.97244464517534,0 76.299016084012,9.97249004309345,0 76.2989666973326,9.97254841133044,0 76.298858046099,9.97294726361923,0 76.2988382921459,9.97302184554211,0 76.2988086594196,9.97308345625977,0 76.2987098860608,9.9732455912083,0 76.2986374531029,9.97333638593031,0 76.2985452643951,9.97341745379407,0 76.2984755964516,9.97358892700373,0 76.2984629535623,9.97381928747442,0 76.2984334528883,9.97386909473974,0 76.2983934167728,9.97391475168783,0 76.2982754158737,9.97396455982331,0 76.2981342357453,9.97402474416427,0 76.2979361617167,9.97419284443297,0 76.297837804278,9.97437651334161,0 76.2978168645487,9.9745675493519,0 76.2977351762483,9.97512178176382,0 76.2976504633204,9.97558066101204,0 76.2975853579202,9.97590221221138,0 76.2975375495808,9.97609801072864,0 76.2974943487004,9.97623441438784,0 76.2973936601335,9.97657005163821,0 76.2972174564888,9.97706397035828,0 76.2970683613045,9.97742439775314,0 76.2968805397482,9.97788208202876,0 76.2967682341681,9.97817385546301,0 76.2967091133443,9.97833034066688,0 76.2966530243346,9.97852379319984,0 76.2966307568953,9.97862772463174,0 76.2965358777333,9.97906824444057,0 76.2964564891201,9.97948778685656,0 76.296390213215,9.97986272721324,0 76.2963600971951,9.98008588691792,0 76.2963286929911,9.98038980029144,0 76.2962984619869,9.98061965520021,0 76.296280586411,9.98074290029117,0 76.2968030879028,9.98070826968515,0 76.2973529978922,9.98064915266739,0 76.2978583739013,9.98058240757737,0 76.2983966659791,9.98052901202635,0</coordinates></LinearRing></outerBoundaryIs></Polygon></Placemark><Placemark><Style><LineStyle><color>ff0000ff</color></LineStyle><PolyStyle><fill>0</fill></PolyStyle></Style><ExtendedData><SchemaData schemaUrl="#wards"><SimpleData name="ward_id">48</SimpleData><SimpleData name="ward_name">Ponnurunni East</SimpleData><SimpleData name="Ward_Name">48 - Ponnurunni East</SimpleData><SimpleData name="Corporation">Kochi Corporation</SimpleData><SimpleData name="ac">Thrikkakara</SimpleData><SimpleData name="AC_NAME">Thrikkakara</SimpleData><SimpleData name="mla_name">Uma Thomas</SimpleData></SchemaData></ExtendedData><Polygon><outerBoundaryIs><LinearRing><coordinates>76.3165858436835,9.98355290737821,0 76.3166452780194,9.98307739081896,0 76.316764397321,9.98230503998447,0 76.3169609046877,9.98232708002846,0 76.3173331090492,9.9824510667494,0 76.3173933186312,9.98226598507947,0 76.3178184346613,9.98244208246245,0 76.3180373783505,9.98255528711426,0 76.3179260815784,9.98283380864533,0 76.3181742178194,9.98293982574233,0 76.3178455745627,9.98361130636688,0 76.3178932400699,9.98366218175173,0 76.3180045368421,9.98384187119404,0 76.3187325243618,9.98410421910565,0 76.319177710552,9.98430726908677,0 76.319345567051,9.98435937853386,0 76.3195626862619,9.98446000547985,0 76.3197798054728,9.98454805270504,0 76.3200662566574,9.98465766381877,0 76.3204822502958,9.98479422844791,0 76.3206665270999,9.98486610398674,0 76.3209024812874,9.98498314743133,0 76.3210656593604,9.98476466500317,0 76.321281432895,9.98438614013783,0 76.3213164968355,9.98433699801395,0 76.3213731374108,9.98427988640946,0 76.321644925395,9.98410119339367,0 76.3216988297019,9.98403587782017,0 76.3217511790251,9.9839530343296,0 76.3218028043061,9.98389960217352,0 76.3220782807729,9.9836305028568,0 76.3220985925797,9.98360854429464,0 76.3221295224733,9.98355610472953,0 76.3224051821963,9.98276476993789,0 76.3224043189153,9.98273076946393,0 76.3223922356765,9.98271206836126,0 76.3223568492408,9.98268316737888,0 76.3224360465129,9.98238069380941,0 76.3224487513859,9.98236274115621,0 76.3224609037951,9.98234696490309,0 76.3224979125882,9.98231867522702,0 76.3227568573587,9.98210147119516,0 76.322793989221,9.98206516331095,0 76.3228381791464,9.98204829884187,0 76.3228597225436,9.98203741771116,0 76.322887341247,9.98202164144228,0 76.32290004612,9.98201130529622,0 76.3229799764174,9.98186502707434,0 76.3229919276039,9.98182987991281,0 76.323034791616,9.98165257898251,0 76.323104720071,9.98144557884754,0 76.3231249492329,9.98141503040705,0 76.3231708010416,9.9813937794702,0 76.3234297287442,9.9812503373795,0 76.3236522459316,9.98110556637732,0 76.3236792169497,9.98107236197747,0 76.3238302587833,9.98059156266675,0 76.3238423959211,9.98056101414613,0 76.3238585790709,9.98052249694219,0 76.3238720654783,9.98048397973366,0 76.3238990364964,9.98045741687112,0 76.323931402796,9.98044546252061,0 76.323965117467,9.98044413455432,0 76.3240028781499,9.98043483790544,0 76.3240325468089,9.98041491487102,0 76.3240770502463,9.98035514664512,0 76.3242051652772,9.98023959583128,0 76.324217302415,9.9802143600313,0 76.3242280911816,9.98018779626206,0 76.3242645034933,9.98011873133655,0 76.3242847317569,9.98010146510288,0 76.3243359779489,9.9800934955272,0 76.3246004779011,9.98013509515296,0 76.3246305157676,9.98012816778052,0 76.3246544064626,9.98012032472075,0 76.3246682153651,9.98010417412158,0 76.3246794362213,9.98007612312557,0 76.3246854773916,9.97996051824462,0 76.324648364394,9.97972165904457,0 76.3246378343422,9.97958660516439,0 76.3246372827766,9.97956375629765,0 76.3246378343422,9.97954036332437,0 76.3246405966617,9.97948487257683,0 76.3246439105468,9.97946637654362,0 76.3246466728663,9.97945386389605,0 76.3247720633069,9.97945821585206,0 76.3247919493124,9.97927923265427,0 76.3247985770825,9.97926617589409,0 76.3248157016668,9.97925203092251,0 76.3249371889275,9.97921333131052,0 76.324950818167,9.97920795484034,0 76.3249642093529,9.97919533955478,0 76.3249752712074,9.97918272515348,0 76.3249834225202,9.97916494926887,0 76.3249863330618,9.97914832087106,0 76.32498691517,9.97912137127487,0 76.3249939022664,9.9790519893917,0 76.3250211445757,9.97883048518445,0 76.3250293659571,9.97878977984953,0 76.3250854091527,9.97864127863348,0 76.3251166615415,9.97852089483659,0 76.3251514371228,9.9783273069387,0 76.3251779482034,9.97821961709029,0 76.3253315331676,9.97773557811555,0 76.3253124179166,9.97772731740633,0 76.3251898661523,9.97765933840572,0 76.3249989283404,9.97751658918223,0 76.3249352135322,9.97745752820771,0 76.3248921716537,9.97741392255863,0 76.3247310453327,9.97720243060989,0 76.3245870103584,9.97698777118884,0 76.3245108862229,9.97673391361613,0 76.3244841757163,9.97659580528852,0 76.3244721562578,9.97646164192178,0 76.3244877725706,9.97627313647213,0 76.3244894748781,9.97624442778993,0 76.3245404794233,9.97572953963543,0 76.3246531712791,9.97499146816044,0 76.3247873445482,9.9738035444275,0 76.3248467618161,9.97343660310896,0 76.3240628703396,9.97330711429436,0 76.323276246188,9.97316706604689,0 76.3226136668007,9.97306575436057,0 76.3220992016375,9.9730020990025,0 76.3218859568604,9.97299053189505,0 76.3214972666168,9.97298828022847,0 76.3210186720812,9.97301432258754,0 76.3208534063234,9.97303540597034,0 76.3205169468253,9.97309598065372,0 76.3203483267583,9.97313093234531,0 76.3199784768811,9.97324156033013,0 76.3194883497738,9.97343226434359,0 76.3191162163792,9.97362892785116,0 76.3186744967877,9.97385836904977,0 76.3181480642683,9.97414442537131,0 76.3177688171149,9.97434167503006,0 76.3176095296453,9.97442452185063,0 76.3171042749087,9.97471951616903,0 76.316707937307,9.97493703743638,0 76.3162026825704,9.97522011302251,0 76.3155219509262,9.97558066101204,0 76.3149589012792,9.97585895140012,0 76.3147890361472,9.97633372736344,0 76.3144932550601,9.97713112226057,0 76.3142902187379,9.97764214547416,0 76.3141999802727,9.97793098448101,0 76.3141523542912,9.97820501113043,0 76.3141272885999,9.97854322355749,0 76.314114755305,9.97875553212201,0 76.3140370501346,9.9790739942669,0 76.3138164679183,9.97962204452677,0 76.3136184441954,9.98003925321691,0 76.3135457525226,9.98022934279246,0 76.3132636734385,9.98106829403794,0 76.312912869642,9.98211364843344,0 76.312881231876,9.98228054573667,0 76.3144016745118,9.98273356604749,0 76.314599220331,9.98277896253143,0 76.315218199986,9.98299945901712,0 76.3151391814786,9.98323292613789,0 76.3161853334073,9.98370703843173,0 76.3165377056624,9.98383306654195,0 76.3165858436835,9.98355290737821,0</coordinates></LinearRing></outerBoundaryIs></Polygon></Placemark><Placemark><Style><LineStyle><color>ff0000ff</color></LineStyle><PolyStyle><fill>0</fill></PolyStyle></Style><ExtendedData><SchemaData schemaUrl="#wards"><SimpleData name="ward_id">47</SimpleData><SimpleData name="ward_name">Chalikkavattom</SimpleData><SimpleData name="Ward_Name">47 - Chalikkavattom</SimpleData><SimpleData name="Corporation">Kochi Corporation</SimpleData><SimpleData name="ac">Thrikkakara</SimpleData><SimpleData name="AC_NAME">Thrikkakara</SimpleData><SimpleData name="mla_name">Uma Thomas</SimpleData></SchemaData></ExtendedData><Polygon><outerBoundaryIs><LinearRing><coordinates>76.3209024812874,9.98498314743133,0 76.3217411762844,9.98521110759073,0 76.3218178061714,9.98525423356846,0 76.3218670688833,9.98529017128903,0 76.3219126817401,9.985349468829,0 76.3219364008569,9.98539079706254,0 76.3220258029906,9.98548782912375,0 76.3220823636158,9.9855471266277,0 76.3220987839209,9.98559025167617,0 76.3221006092976,9.98563697128323,0 76.3220933104859,9.98568728456263,0 76.3220714167458,9.98574298746715,0 76.3220221540339,9.98578970705228,0 76.3219455241469,9.98584361398532,0 76.3218889635217,9.98589212950969,0 76.3218542975349,9.98594603642577,0 76.3217540177014,9.9862209932314,0 76.3219379181114,9.98636397839312,0 76.3221130662356,9.98649097953421,0 76.3221995497429,9.98653952327258,0 76.3226147061515,9.98666515216905,0 76.3225019082946,9.98691695390907,0 76.3224711957933,9.98699848816907,0 76.3224515244852,9.98704006125593,0 76.3224422278203,9.98705346716198,0 76.3224360752589,9.98706022717816,0 76.3224232769611,9.98707178139998,0 76.3224150690544,9.9870782910448,0 76.3223975267535,9.987088701345,0 76.3223800060122,9.98709759172519,0 76.3223708306198,9.98710153042275,0 76.3223533646758,9.98710731018706,0 76.3223306714351,9.98711261221172,0 76.3223181093942,9.98711451786183,0 76.3222939150686,9.98711668361453,0 76.3222849283225,9.98711836455007,0 76.322272792083,9.98712177507974,0 76.3222698545921,9.98712363826404,0 76.3222635322491,9.98712868283988,0 76.3222530462148,9.98713853842978,0 76.3222460618134,9.98714730141139,0 76.3221932166202,9.98723057140015,0 76.3221842424505,9.98724788326019,0 76.3219980773876,9.98767729370899,0 76.3224442553179,9.98785997210794,0 76.3231711756391,9.98815867707059,0 76.3238003376978,9.98839566513248,0 76.3236234701981,9.98887833024339,0 76.3238592932316,9.9889747057034,0 76.3240962840749,9.98909748847235,0 76.3242553514572,9.98916957361853,0 76.3246309855865,9.98929680191626,0 76.3248041888581,9.98935546616776,0 76.3247608442473,9.98943767926361,0 76.3247175598237,9.98951977732816,0 76.3248180256085,9.98960035280987,0 76.3252892701284,9.99013110548732,0 76.3256221336704,9.99047199233633,0 76.3256287668305,9.99047878501513,0 76.3250182798482,9.99130959279234,0 76.3253159402109,9.99147728779354,0 76.3257346773041,9.99168024824279,0 76.3258276924619,9.99172533295216,0 76.3261120092493,9.99184234915767,0 76.3263651113773,9.99194651962583,0 76.3268544039496,9.9921440070947,0 76.3272206884134,9.99231863585621,0 76.327308403511,9.99236045420658,0 76.3273318055225,9.99232196493999,0 76.32743213656,9.99215695363672,0 76.3279897747557,9.99135211106337,0 76.328166943191,9.99111590810789,0 76.3278761558386,9.99088460263947,0 76.3274928429102,9.99049566320237,0 76.3272283528394,9.99017631426866,0 76.3271381062894,9.99004490967014,0 76.3269605704431,9.98969002825393,0 76.3268688147234,9.98945511574839,0 76.3267644089278,9.98908177889803,0 76.3267137879632,9.98852785158651,0 76.3267417974338,9.98816207431886,0 76.3267735681504,9.98802403630753,0 76.3268061374694,9.98778118417608,0 76.3268069360717,9.98767637008073,0 76.326792354618,9.98736868229373,0 76.3267626967389,9.98718893994726,0 76.3266595629577,9.98689981100982,0 76.3263544645445,9.98644560480095,0 76.3254740598705,9.98556986714017,0 76.3252371633503,9.98535211322035,0 76.3251358109284,9.98521784464278,0 76.3250878067563,9.98513677529318,0 76.3250198159673,9.98495874185594,0 76.3250051240209,9.98488918515976,0 76.3250029483012,9.98480766364192,0 76.3250142437176,9.98472926247372,0 76.3250559596828,9.98458669240732,0 76.32525128307,9.98411357846424,0 76.3252989395941,9.98404374821168,0 76.3253399351104,9.98399669130086,0 76.3254443471942,9.9838913274653,0 76.3258221103307,9.98360963779921,0 76.3258905646503,9.98355246767606,0 76.3259137151335,9.98353013222101,0 76.3260028666373,9.98343319070156,0 76.3262896340288,9.98308451807397,0 76.3265665271387,9.98274784976804,0 76.326665934708,9.98258993610281,0 76.3269619439672,9.98194550359372,0 76.3270946466942,9.98157814855332,0 76.3272442790711,9.98116392510796,0 76.3274033967591,9.9808356552321,0 76.3276137696222,9.98045730893518,0 76.3278538452802,9.98018123162663,0 76.3283327209885,9.97978259256673,0 76.3285602992843,9.97963844641126,0 76.3288637753401,9.97949315535956,0 76.3292047946865,9.97937067596656,0 76.3294804391382,9.97931977425405,0 76.3295230749782,9.97931488969226,0 76.3296921891186,9.97931475344474,0 76.3298127852506,9.97932481541195,0 76.3300429659657,9.97936574716931,0 76.3302242558715,9.97941281978982,0 76.3302847978301,9.97943371254286,0 76.3304751804832,9.97951307668098,0 76.3308986795458,9.97972934551799,0 76.3309765895321,9.97976913150839,0 76.3311630959548,9.97985801164161,0 76.3312197293435,9.97987353321523,0 76.3312546199092,9.97987744545851,0 76.3313232251457,9.97987564416331,0 76.331356940715,9.97986993062478,0 76.3315411501455,9.97981975003936,0 76.3315777034927,9.97980979248472,0 76.3316467255475,9.97978127167554,0 76.3316629607997,9.97977199004801,0 76.3316926132889,9.97974264025008,0 76.3318226794605,9.9795481223494,0 76.3318618657699,9.97949792932824,0 76.3318723607873,9.9794843293565,0 76.3318756755707,9.97947943241106,0 76.3318823042392,9.97945549532662,0 76.3318817517753,9.97942829449429,0 76.3318806468475,9.97940490151128,0 76.331874570643,9.97938042031614,0 76.3318591043487,9.97934505878318,0 76.3318254085424,9.97930915314103,0 76.3316544043466,9.97918397438446,0 76.331558608903,9.97911384934588,0 76.3313221902865,9.97894411399064,0 76.3310719232417,9.9787556736781,0 76.3309862176753,9.97870373850979,0 76.3306709126039,9.97855972193146,0 76.3299366970643,9.97832646025515,0 76.3296605774038,9.97825410905883,0 76.3291803084085,9.97815542482514,0 76.3289435035165,9.97811360641881,0 76.3277916369468,9.97798813789672,0 76.3275324460378,9.97799368779364,0 76.3269561677999,9.97806045907139,0 76.3267804833815,9.97806276821021,0 76.3261789310431,9.97799917133592,0 76.3259225554542,9.97795749800487,0 76.3258217438181,9.97793227087533,0 76.3256521939947,9.97787414867264,0 76.3253315331676,9.97773557811555,0 76.3251779482034,9.97821961709029,0 76.3251514371228,9.9783273069387,0 76.3251166615415,9.97852089483659,0 76.3250854091527,9.97864127863348,0 76.3250293659571,9.97878977984953,0 76.3250211445757,9.97883048518445,0 76.3249939022664,9.9790519893917,0 76.32498691517,9.97912137127487,0 76.3249863330618,9.97914832087106,0 76.3249834225202,9.97916494926887,0 76.3249752712074,9.97918272515348,0 76.3249642093529,9.97919533955478,0 76.324950818167,9.97920795484034,0 76.3249371889275,9.97921333131052,0 76.3248157016668,9.97925203092251,0 76.3247985770825,9.97926617589409,0 76.3247919493124,9.97927923265427,0 76.3247720633069,9.97945821585206,0 76.3246466728663,9.97945386389605,0 76.3246439105468,9.97946637654362,0 76.3246405966617,9.97948487257683,0 76.3246378343422,9.97954036332437,0 76.3246372827766,9.97956375629765,0 76.3246378343422,9.97958660516439,0 76.324648364394,9.97972165904457,0 76.3246854773916,9.97996051824462,0 76.3246794362213,9.98007612312557,0 76.3246682153651,9.98010417412158,0 76.3246544064626,9.98012032472075,0 76.3246305157676,9.98012816778052,0 76.3246004779011,9.98013509515296,0 76.3243359779489,9.9800934955272,0 76.3242847317569,9.98010146510288,0 76.3242645034933,9.98011873133655,0 76.3242280911816,9.98018779626206,0 76.324217302415,9.9802143600313,0 76.3242051652772,9.98023959583128,0 76.3240770502463,9.98035514664512,0 76.3240325468089,9.98041491487102,0 76.3240028781499,9.98043483790544,0 76.323965117467,9.98044413455432,0 76.323931402796,9.98044546252061,0 76.3238990364964,9.98045741687112,0 76.3238720654783,9.98048397973366,0 76.3238585790709,9.98052249694219,0 76.3238423959211,9.98056101414613,0 76.3238302587833,9.98059156266675,0 76.3236792169497,9.98107236197747,0 76.3236522459316,9.98110556637732,0 76.3234297287442,9.9812503373795,0 76.3231708010416,9.9813937794702,0 76.3231249492329,9.98141503040705,0 76.323104720071,9.98144557884754,0 76.323034791616,9.98165257898251,0 76.3229919276039,9.98182987991281,0 76.3229799764174,9.98186502707434,0 76.32290004612,9.98201130529622,0 76.322887341247,9.98202164144228,0 76.3228597225436,9.98203741771116,0 76.3228381791464,9.98204829884187,0 76.322793989221,9.98206516331095,0 76.3227568573587,9.98210147119516,0 76.3224979125882,9.98231867522702,0 76.3224609037951,9.98234696490309,0 76.3224487513859,9.98236274115621,0 76.3224360465129,9.98238069380941,0 76.3223568492408,9.98268316737888,0 76.3223922356765,9.98271206836126,0 76.3224043189153,9.98273076946393,0 76.3224051821963,9.98276476993789,0 76.3221295224733,9.98355610472953,0 76.3220985925797,9.98360854429464,0 76.3220782807729,9.9836305028568,0 76.3218028043061,9.98389960217352,0 76.3217511790251,9.9839530343296,0 76.3216988297019,9.98403587782017,0 76.321644925395,9.98410119339367,0 76.3213731374108,9.98427988640946,0 76.3213164968355,9.98433699801395,0 76.321281432895,9.98438614013783,0 76.3210656593604,9.98476466500317,0 76.3209024812874,9.98498314743133,0</coordinates></LinearRing></outerBoundaryIs></Polygon></Placemark><Placemark><Style><LineStyle><color>ff0000ff</color></LineStyle><PolyStyle><fill>0</fill></PolyStyle></Style><ExtendedData><SchemaData schemaUrl="#wards"><SimpleData name="ward_id">64</SimpleData><SimpleData name="ward_name">Kathrukadavu</SimpleData><SimpleData name="Ward_Name">64 - Kathrukadavu</SimpleData><SimpleData name="Corporation">Kochi Corporation</SimpleData><SimpleData name="ac">Ernakulam</SimpleData><SimpleData name="AC_NAME">Ernakulam</SimpleData><SimpleData name="mla_name">T. J. Vinod</SimpleData></SchemaData></ExtendedData><Polygon><outerBoundaryIs><LinearRing><coordinates>76.2980724190773,9.99062586885928,0 76.2982182884115,9.99015142073137,0 76.2983517385368,9.99016073479658,0 76.2984038219587,9.9899444835078,0 76.2984932366688,9.98992026762935,0 76.2985625398963,9.98965609485577,0 76.2986385346744,9.98929725311171,0 76.2990099557051,9.98935783007766,0 76.2992443144846,9.98938090916266,0 76.2992241967138,9.98963627854938,0 76.2992152548835,9.98969131548648,0 76.2997293867717,9.98973754615257,0 76.299787505974,9.98975956092165,0 76.2999328030813,9.98981459695322,0 76.2999775104363,9.98983000746501,0 76.300028923715,9.98983441059466,0 76.3001988104066,9.98981679896049,0 76.3005224940647,9.98981534275156,0 76.3006972936426,9.98951079589044,0 76.3008515334786,9.98899345068108,0 76.3008940049269,9.98881293069777,0 76.3015176683977,9.9888767731747,0 76.3020416296518,9.98890688564332,0 76.302041900943,9.98890690156789,0 76.3020429447854,9.98890696172735,0 76.3020406774376,9.98882609323875,0 76.3020346165044,9.98872883038207,0 76.3020015108912,9.98819755786721,0 76.3010977338502,9.98829976369995,0 76.3010985971312,9.98819432251941,0 76.301111247207,9.9880617360453,0 76.3011144182599,9.98804065628962,0 76.3011236349748,9.98786888723867,0 76.3011097973261,9.98771362750814,0 76.3011228417623,9.98749350756072,0 76.3011446771119,9.9873720211599,0 76.3012273562541,9.98710660419413,0 76.301513472367,9.98650962822217,0 76.3018840130486,9.98574029795892,0 76.3019933856295,9.98552300950916,0 76.3021999954499,9.98494725302756,0 76.3022963685102,9.98460964708666,0 76.3024127533401,9.98409613638496,0 76.3024856597102,9.98382088759857,0 76.3026183750137,9.98331985718692,0 76.3029570740118,9.98209213035778,0 76.3033878161905,9.98060383993492,0 76.3034669191395,9.98041787072429,0 76.3031995643413,9.98046199087872,0 76.3023344669597,9.98058304103738,0 76.3017577359709,9.98064356565747,0 76.3012237081957,9.98067643744618,0 76.301089231296,9.9806820616138,0 76.3010356405011,9.98068270569024,0 76.3002402703519,9.98062959857454,0 76.2994084681281,9.98055119640003,0 76.2988207175056,9.98051566247367,0 76.2983966659791,9.98052901202635,0 76.2978583739013,9.98058240757737,0 76.2973529978922,9.98064915266739,0 76.2968030879028,9.98070826968515,0 76.296280586411,9.98074290029117,0 76.2962627153268,9.98086614445071,0 76.2962202600481,9.98112780998794,0 76.2961505525787,9.98159502366336,0 76.2960847186448,9.98194209743337,0 76.2960343743613,9.98227963447913,0 76.2959356234605,9.98296042985216,0 76.2958891518142,9.98350582827863,0 76.2956238784124,9.98351345627166,0 76.2954046355842,9.98349251777538,0 76.2952528445557,9.98348433860579,0 76.2949519799025,9.98349247973275,0 76.294835260001,9.98349247973275,0 76.2947143683233,9.98348767043413,0 76.2946035862858,9.98347653720837,0 76.2945330766209,9.98346474398645,0 76.2942084389519,9.98339331580297,0 76.29409945085,9.98336834123782,0 76.2935559045261,9.98328271073035,0 76.2931144265814,9.98321596618028,0 76.2926477778425,9.98315684961791,0 76.2922179178094,9.98309201248509,0 76.2917822492696,9.98302526789592,0 76.291364007148,9.98296615129892,0 76.2910890526025,9.98293945327761,0 76.2905449502214,9.98290131324339,0 76.2900453836172,9.98288224410931,0 76.2896116518452,9.98286698809349,0 76.2891508116129,9.98285554608115,0 76.2887945307881,9.98281931348175,0 76.2884518091341,9.98274544334381,0 76.2883860282008,9.98307126417518,0 76.2882732330388,9.98351561231653,0 76.2881810353479,9.98394632998569,0 76.2880816385584,9.98444730369624,0 76.287892545886,9.98545293537975,0 76.2876798167419,9.98646322015646,0 76.2876397321173,9.98664462791713,0 76.287630286332,9.9866873759362,0 76.2878096637246,9.9867148380343,0 76.2881273870608,9.9867597332205,0 76.2884078123464,9.98680054814675,0 76.2885404270386,9.98681551291067,0 76.2887849358825,9.98686857124305,0 76.2889880027474,9.98692843205147,0 76.2891800185377,9.98696924607185,0 76.2891531463343,9.98707678174145,0 76.2890285850387,9.98751928246443,0 76.2892800315716,9.98761590604349,0 76.2893136276649,9.98762200075243,0 76.2895496824637,9.98762548382236,0 76.2899899638524,9.98760632826433,0 76.2901318060391,9.98762091256951,0 76.2901166110361,9.98781137813862,0 76.2904757763513,9.98785219204824,0 76.2906346380194,9.98786987810364,0 76.2908017884426,9.98792701827317,0 76.2908694764993,9.98793654119141,0 76.291199632519,9.98790252975668,0 76.291637643865,9.98790252975668,0 76.2917451955608,9.98790884828955,0 76.2918007482762,9.98763296485836,0 76.2919668099413,9.98767820937493,0 76.2922607243293,9.98787169881801,0 76.2927070962956,9.98796921672472,0 76.2926678030868,9.98819056785266,0 76.2930513055597,9.98823545752704,0 76.2931552801639,9.98825920464002,0 76.2935291122728,9.98833142798508,0 76.293695715622,9.98839179634184,0 76.2939424774407,9.98851408124516,0 76.2940116333445,9.98854968330479,0 76.2941754150854,9.98860968358632,0 76.2941640918213,9.98869982996313,0 76.2944454315918,9.98878032160158,0 76.2949089955161,9.98889545092093,0 76.294975459169,9.9889332929941,0 76.2955861168312,9.98926326836014,0 76.2955075304135,9.98946836584837,0 76.2954646690963,9.98961569521024,0 76.2955330704153,9.98962857373131,0 76.2960752557916,9.98979797617704,0 76.2962009938802,9.98995945343526,0 76.2964353706261,9.99006842574564,0 76.2966989192624,9.99014866933097,0 76.2972330737,9.99033311838452,0 76.2973144880143,9.99036665183031,0 76.2976097283155,9.9904660781583,0 76.2978349665,9.99053821519813,0 76.2979330328846,9.99058445016733,0 76.2980724190773,9.99062586885928,0</coordinates></LinearRing></outerBoundaryIs></Polygon></Placemark><Placemark><Style><LineStyle><color>ff0000ff</color></LineStyle><PolyStyle><fill>0</fill></PolyStyle></Style><ExtendedData><SchemaData schemaUrl="#wards"><SimpleData name="ward_id">65</SimpleData><SimpleData name="ward_name">Kaloor South</SimpleData><SimpleData name="Ward_Name">65 - Kaloor South</SimpleData><SimpleData name="Corporation">Kochi Corporation</SimpleData><SimpleData name="ac">Ernakulam</SimpleData><SimpleData name="AC_NAME">Ernakulam</SimpleData><SimpleData name="mla_name">T. J. Vinod</SimpleData></SchemaData></ExtendedData><Polygon><outerBoundaryIs><LinearRing><coordinates>76.3015217287828,9.99510848812771,0 76.3017077662849,9.99350294531195,0 76.3018742223104,9.99223971983972,0 76.3018896338074,9.99216273065716,0 76.3020113025278,9.99155506893669,0 76.302048021165,9.9909764894605,0 76.302084738904,9.99039790895505,0 76.302046180517,9.98902241126247,0 76.3020452112348,9.98898782931117,0 76.3020429447854,9.98890696172735,0 76.302041900943,9.98890690156789,0 76.3020416296518,9.98890688564332,0 76.3015176683977,9.9888767731747,0 76.3008940049269,9.98881293069777,0 76.3008515334786,9.98899345068108,0 76.3006972936426,9.98951079589044,0 76.3005224940647,9.98981534275156,0 76.3001988104066,9.98981679896049,0 76.300028923715,9.98983441059466,0 76.2999775104363,9.98983000746501,0 76.2999328030813,9.98981459695322,0 76.299787505974,9.98975956092165,0 76.2997293867717,9.98973754615257,0 76.2992152548835,9.98969131548648,0 76.2992241967138,9.98963627854938,0 76.2992443144846,9.98938090916266,0 76.2990099557051,9.98935783007766,0 76.2986385346744,9.98929725311171,0 76.2985625398963,9.98965609485577,0 76.2984932366688,9.98992026762935,0 76.2984038219587,9.9899444835078,0 76.2983517385368,9.99016073479658,0 76.2982182884115,9.99015142073137,0 76.2980724190773,9.99062586885928,0 76.2979330328846,9.99058445016733,0 76.2978349665,9.99053821519813,0 76.2976097283155,9.9904660781583,0 76.2973144880143,9.99036665183031,0 76.2972330737,9.99033311838452,0 76.2966989192624,9.99014866933097,0 76.2964353706261,9.99006842574564,0 76.2962009938802,9.98995945343526,0 76.2960752557916,9.98979797617704,0 76.2955330704153,9.98962857373131,0 76.2954646690963,9.98961569521024,0 76.2955075304135,9.98946836584837,0 76.2955861168312,9.98926326836014,0 76.294975459169,9.9889332929941,0 76.2949089955161,9.98889545092093,0 76.2944454315918,9.98878032160158,0 76.2941640918213,9.98869982996313,0 76.2941754150854,9.98860968358632,0 76.2940116333445,9.98854968330479,0 76.2939424774407,9.98851408124516,0 76.293695715622,9.98839179634184,0 76.2935291122728,9.98833142798508,0 76.2931552801639,9.98825920464002,0 76.2930513055597,9.98823545752704,0 76.2926678030868,9.98819056785266,0 76.2927070962956,9.98796921672472,0 76.2922607243293,9.98787169881801,0 76.2919668099413,9.98767820937493,0 76.2918007482762,9.98763296485836,0 76.2917451955608,9.98790884828955,0 76.291637643865,9.98790252975668,0 76.291199632519,9.98790252975668,0 76.2908694764993,9.98793654119141,0 76.2908017884426,9.98792701827317,0 76.2906346380194,9.98786987810364,0 76.2904757763513,9.98785219204824,0 76.2901166110361,9.98781137813862,0 76.2901318060391,9.98762091256951,0 76.2899899638524,9.98760632826433,0 76.2895496824637,9.98762548382236,0 76.2893136276649,9.98762200075243,0 76.2892800315716,9.98761590604349,0 76.2890285850387,9.98751928246443,0 76.2891531463343,9.98707678174145,0 76.2891800185377,9.98696924607185,0 76.2889880027474,9.98692843205147,0 76.2887849358825,9.98686857124305,0 76.2885404270386,9.98681551291067,0 76.2884078123464,9.98680054814675,0 76.2881273870608,9.9867597332205,0 76.2878096637246,9.9867148380343,0 76.287630286332,9.9866873759362,0 76.2874812701995,9.98736176569165,0 76.2872859656769,9.98833006466301,0 76.287244583885,9.9885352317461,0 76.2871530177098,9.98898920855505,0 76.2870080790303,9.98984306645549,0 76.2868374108044,9.99084847090443,0 76.2866468062674,9.99172447037904,0 76.2864894816168,9.9925378970449,0 76.2863019017074,9.99346752515509,0 76.2860820183803,9.99405354127678,0 76.2862050237939,9.99417467838592,0 76.2866953287675,9.99453602724715,0 76.2869811987421,9.99469924143806,0 76.286958339313,9.9948650140469,0 76.2869624958178,9.99491822500076,0 76.2873718841439,9.9950410196806,0 76.2879620683025,9.99528456175002,0 76.2884468809765,9.9954931048085,0 76.2885708619604,9.99556311219322,0 76.2888078599902,9.9957245742031,0 76.2892234826244,9.99597425543144,0 76.2896436516323,9.99620206368508,0 76.2898124971764,9.99630119628508,0 76.2898912830201,9.99602334625518,0 76.2899289996856,9.99589033213423,0 76.2899564162681,9.99575070409556,0 76.2900389759343,9.995453132304,0 76.2901054027563,9.99526287468682,0 76.2903049931411,9.99481341585955,0 76.2904009556713,9.99463435087072,0 76.2904720393597,9.99450171128697,0 76.290624587668,9.99415152798174,0 76.2907060522879,9.99393398328412,0 76.2908094501737,9.9935729531252,0 76.2911447104209,9.9939401548422,0 76.2916460350281,9.99449250085399,0 76.292260156594,9.99508187426298,0 76.2928648790871,9.99558793188781,0 76.2937515962226,9.99625135971971,0 76.2944468078109,9.99672964463701,0 76.2949822216865,9.9971265900095,0 76.2956600113481,9.99764399924557,0 76.2960510443981,9.99796392472907,0 76.2964160083384,9.99826607505672,0 76.2968571736694,9.99865314384937,0 76.2972201325701,9.99896516911511,0 76.2975911125279,9.99927916777962,0 76.2978678430427,9.99950034931379,0 76.2984264433342,9.99986470631912,0 76.2993322793139,10.000446028367,0 76.2993602088344,10.0004639525973,0 76.2995046821866,10.0005566682971,0 76.2996907205869,10.00066273712,0 76.3000627964894,9.99950078899439,0 76.3001683898578,9.99919839918446,0 76.3002356260619,9.99876473010343,0 76.3001924404529,9.99853993241482,0 76.3001060701333,9.99831513457075,0 76.2999394991234,9.99803565669438,0 76.2998531288038,9.99790199227719,0 76.2997605888548,9.99762251404555,0 76.2997174032458,9.99741594252419,0 76.2997174032458,9.99729139177649,0 76.2997667584842,9.99704229102253,0 76.2998161128242,9.99691774013165,0 76.2998833427401,9.9967502699903,0 76.3000289542577,9.9965258610511,0 76.3001369164835,9.99639523488083,0 76.3003025694152,9.99622838993773,0 76.3005108195593,9.99607858824133,0 76.3007106623706,9.99599424120994,0 76.3009821125883,9.99590918199005,0 76.3010896058935,9.99588832037407,0 76.3012159539382,9.99584103692955,0 76.3012450144376,9.99582610619874,0 76.3012887372391,9.99579312358644,0 76.3013347202019,9.99573651649137,0 76.3013898695738,9.99565264179013,0 76.3014274092712,9.99554108277744,0 76.3014451761509,9.99545959400835,0 76.3015217287828,9.99510848812771,0</coordinates></LinearRing></outerBoundaryIs></Polygon></Placemark><Placemark><Style><LineStyle><color>ff0000ff</color></LineStyle><PolyStyle><fill>0</fill></PolyStyle></Style><ExtendedData><SchemaData schemaUrl="#wards"><SimpleData name="ward_id">70</SimpleData><SimpleData name="ward_name">Kaloor North</SimpleData><SimpleData name="Ward_Name">70 - Kaloor North</SimpleData><SimpleData name="Corporation">Kochi Corporation</SimpleData><SimpleData name="ac">Ernakulam</SimpleData><SimpleData name="AC_NAME">Ernakulam</SimpleData><SimpleData name="mla_name">T. J. Vinod</SimpleData></SchemaData></ExtendedData><Polygon><outerBoundaryIs><LinearRing><coordinates>76.2975389437661,10.0053736027711,0 76.297619143558,10.0051679208317,0 76.2979695961133,10.0042342045771,0 76.2983544532456,10.0037635263763,0 76.2987009846547,10.0031335026952,0 76.2988385436741,10.0027429669478,0 76.2989070231465,10.0024305436738,0 76.2989838892905,10.0019378241461,0 76.2990733327467,10.0012496656282,0 76.2991418131174,10.0006839982986,0 76.2991557882083,10.0006482144418,0 76.2993322793139,10.000446028367,0 76.2984264433342,9.99986470631912,0 76.2978678430427,9.99950034931379,0 76.2975911125279,9.99927916777962,0 76.2972201325701,9.99896516911511,0 76.2968571736694,9.99865314384937,0 76.2964160083384,9.99826607505672,0 76.2960510443981,9.99796392472907,0 76.2956600113481,9.99764399924557,0 76.2949822216865,9.9971265900095,0 76.2944468078109,9.99672964463701,0 76.2937515962226,9.99625135971971,0 76.2928648790871,9.99558793188781,0 76.292260156594,9.99508187426298,0 76.2916460350281,9.99449250085399,0 76.2911447104209,9.9939401548422,0 76.2908094501737,9.9935729531252,0 76.2907060522879,9.99393398328412,0 76.290624587668,9.99415152798174,0 76.2904720393597,9.99450171128697,0 76.2904009556713,9.99463435087072,0 76.2903049931411,9.99481341585955,0 76.2901054027563,9.99526287468682,0 76.2900389759343,9.995453132304,0 76.2899564162681,9.99575070409556,0 76.2899289996856,9.99589033213423,0 76.2898912830201,9.99602334625518,0 76.2898124971764,9.99630119628508,0 76.2897493689681,9.99636791426392,0 76.2896893749819,9.99642610659132,0 76.2896651159777,9.99644653114207,0 76.2896098632995,9.99649021297681,0 76.2892910485102,9.9967118431708,0 76.2892534252695,9.99674153911582,0 76.2892365126876,9.99675683783009,0 76.2892105558675,9.99678276062527,0 76.2890656764768,9.99696312932798,0 76.2889408627546,9.99713038969153,0 76.2889347892449,9.99713740870821,0 76.2889288549742,9.99714253894226,0 76.2889028020343,9.99715964326052,0 76.288892515426,9.99716533526322,0 76.2888845626408,9.9971687616117,0 76.2888759064747,9.99717110157855,0 76.2888621047587,9.99717295762784,0 76.2888523310884,9.99717303990268,0 76.2888472520137,9.99717249051915,0 76.2888416788658,9.99717077513325,0 76.2888160562189,9.99715886916939,0 76.2887599537345,9.99712622109976,0 76.2887087668312,9.99710351501299,0 76.2886082058251,9.99706833145684,0 76.2885513191114,9.99705482776459,0 76.2884537216474,9.99704147800538,0 76.2884441572845,9.99704081892181,0 76.2884350546558,9.99704150896904,0 76.2884321387244,9.9970424024917,0 76.2884236002376,9.99704648350164,0 76.2884179776822,9.9970496701042,0 76.2884028006455,9.99706203964224,0 76.2883913049048,9.99707300431458,0 76.2883871501966,9.9970779859241,0 76.2883814108603,9.99708760500404,0 76.2883740294035,9.99710832411025,0 76.2883729747814,9.99711348000036,0 76.288372001906,9.997124119995,0 76.2883756131334,9.99736591769395,0 76.2883717647507,9.99745561488257,0 76.2883728786617,9.99747073043556,0 76.28837428722,9.9974789738347,0 76.2883789324084,9.99749467769526,0 76.2883968879343,9.99754151856198,0 76.2884024889301,9.9975521169629,0 76.2884140888753,9.9975706951273,0 76.2885293930319,9.99772406579585,0 76.2886079677715,9.9978186427463,0 76.2886216554015,9.99783742613976,0 76.288627155786,9.99784635426705,0 76.2886313347487,9.99785728618002,0 76.2886361739731,9.99787656675784,0 76.2886368557944,9.99788517551688,0 76.2886362673979,9.9979045879094,0 76.2886209870549,9.99803454996819,0 76.2886179705122,9.99804820224484,0 76.2886158208438,9.99805447015417,0 76.2886092308028,9.99806731295409,0 76.2886003545495,9.99808013452132,0 76.2885963804027,9.99808428363806,0 76.2885894660699,9.9980904931583,0 76.288586525884,9.99809255356182,0 76.2885767162811,9.9980984021353,0 76.2885684302209,9.99810204521883,0 76.2885601208046,9.99810443206664,0 76.2885381435211,9.99810911198686,0 76.2885176071354,9.99811084506127,0 76.288508439828,9.99811015590101,0 76.2884913377016,9.99810542820848,0 76.2884525026335,9.99808630600069,0 76.288359342847,9.99803956783459,0 76.2883288710942,9.99802748939126,0 76.2882949578956,9.99801854357548,0 76.2882708219606,9.998016376126,0 76.2882257184485,9.99801866035235,0 76.2882014450712,9.99802333231174,0 76.2881830619472,9.99802900837519,0 76.288164042816,9.99803778610277,0 76.2881542125519,9.99804372668325,0 76.2881260288081,9.99806314968236,0 76.2880198048224,9.99815714795808,0 76.2880029227833,9.99818613160946,0 76.2879803445269,9.99825138860693,0 76.2879746483097,9.99828766195154,0 76.2879696923043,9.99838358078579,0 76.2879714889349,9.99843649479853,0 76.2879829864722,9.99849197965937,0 76.2879926918705,9.99857062344855,0 76.287992371172,9.99860088718297,0 76.2879771213717,9.9986803430742,0 76.2879620683025,9.99874120227151,0 76.2879309767122,9.99883305856254,0 76.2879096516056,9.99894223225773,0 76.2878976465202,9.99906046405677,0 76.2878644223294,9.99919952271541,0 76.2878415799683,9.99926242097952,0 76.2877877915441,9.99936479938348,0 76.2877635738623,9.99940559414952,0 76.2877064607732,9.99948205258454,0 76.2875211077874,9.99976315877641,0 76.2874893756983,9.99981837712557,0 76.2873739619472,10.0000816897068,0 76.2873635127438,10.0001112836072,0 76.2873613316343,10.0001200780872,0 76.2873591289652,10.0001345379777,0 76.2873586618413,10.0001419214125,0 76.2873587112486,10.0001495746707,0 76.2873601377733,10.0001614955643,0 76.2873610477667,10.0001659419027,0 76.2873616900621,10.0001681588792,0 76.2873643975844,10.0001741029594,0 76.2873674401782,10.0001784449069,0 76.2873721841813,10.0001820941598,0 76.2874002241945,10.0001983233821,0 76.2875622910516,10.0002663896783,0 76.2875932829289,10.0002841944885,0 76.2875997103747,10.0002890433488,0 76.2876028095625,10.0002920335234,0 76.2876085327291,10.0002985464423,0 76.2876211998729,10.0003155577044,0 76.2876252297153,10.0003228969018,0 76.287626639172,10.0003269592925,0 76.2876282076305,10.0003358050774,0 76.2881177598159,10.0004863072367,0 76.2882211370405,10.0005318082873,0 76.2882709576062,10.0005606643349,0 76.2883788901876,10.0006067235995,0 76.2884248848284,10.0006230333052,0 76.2884457751504,10.0006285545067,0 76.2886615720412,10.000653491475,0 76.2887326943572,10.000675356881,0 76.2891473144715,10.0008040297585,0 76.2891507280695,10.000855946359,0 76.2891554172753,10.0008781824263,0 76.2891606553518,10.0008934765225,0 76.2891715510178,10.000918311734,0 76.2891790178145,10.0009279377775,0 76.2891839872946,10.0009318745382,0 76.289212138699,10.0009407769252,0 76.2892400547448,10.0009456974336,0 76.289841868493,10.0010233082248,0 76.290266505721,10.0011037286931,0 76.2909279595192,10.0012270394493,0 76.2910962310399,10.0012575904522,0 76.2915758442651,10.0013621285774,0 76.2919323900929,10.0014656183423,0 76.2924468543578,10.0016639882297,0 76.2925498093742,10.0015340099292,0 76.2926774761458,10.0013352816734,0 76.2927268951645,10.001209555824,0 76.2942325075133,10.0017792563019,0 76.2948204674431,10.002009794093,0 76.2956125785045,10.0022885829385,0 76.295593524339,10.0027308913333,0 76.2955200295724,10.0032348545595,0 76.2954622571198,10.0036354190828,0 76.2953907970373,10.0039249117697,0 76.2952977791845,10.0043017330414,0 76.2950361089254,10.0051263447551,0 76.294999281592,10.0052697904681,0 76.2952719939426,10.0052958399742,0 76.2954359014477,10.0053066008984,0 76.2956993665407,10.0053066008984,0 76.2959519045267,10.0053173618222,0 76.2960660327886,10.005324536361,0 76.2966306005884,10.0054154061718,0 76.2967423007041,10.0054201886064,0 76.2967641549184,10.0053795361402,0 76.2968406446682,10.0053926882791,0 76.2969960532123,10.0053819273578,0 76.2970567586643,10.0053891018952,0 76.2974161404735,10.0054608410676,0 76.2974986022233,10.0054703670108,0 76.2975389437661,10.0053736027711,0</coordinates></LinearRing></outerBoundaryIs></Polygon></Placemark><Placemark><Style><LineStyle><color>ff0000ff</color></LineStyle><PolyStyle><fill>0</fill></PolyStyle></Style><ExtendedData><SchemaData schemaUrl="#wards"><SimpleData name="ward_id">71</SimpleData><SimpleData name="ward_name">Elamakkara</SimpleData><SimpleData name="Ward_Name">71 - Elamakkara</SimpleData><SimpleData name="Corporation">Kochi Corporation</SimpleData><SimpleData name="ac">Ernakulam</SimpleData><SimpleData name="AC_NAME">Ernakulam</SimpleData><SimpleData name="mla_name">T. J. Vinod</SimpleData></SchemaData></ExtendedData><Polygon><outerBoundaryIs><LinearRing><coordinates>76.2968284302753,10.0085468525305,0 76.2968320486892,10.0080943113969,0 76.2968356671032,10.0079838483097,0 76.2968754687585,10.0078217174071,0 76.2969044160702,10.0077718312995,0 76.2970165860048,10.0076382062743,0 76.2970238228327,10.0076168270082,0 76.2970576318267,10.007303588354,0 76.2972781269065,10.0062707787901,0 76.2974562188099,10.0055720304283,0 76.2974986022233,10.0054703670108,0 76.2974161404735,10.0054608410676,0 76.2970567586643,10.0053891018952,0 76.2969960532123,10.0053819273578,0 76.2968406446682,10.0053926882791,0 76.2967641549184,10.0053795361402,0 76.2967423007041,10.0054201886064,0 76.2966306005884,10.0054154061718,0 76.2960660327886,10.005324536361,0 76.2959519045267,10.0053173618222,0 76.2956993665407,10.0053066008984,0 76.2954359014477,10.0053066008984,0 76.2952719939426,10.0052958399742,0 76.294999281592,10.0052697904681,0 76.2947856532343,10.0061018856428,0 76.2947291087788,10.006392312976,0 76.2946035548448,10.0067210241457,0 76.2944060377717,10.0071462377516,0 76.2942346940127,10.0074748269614,0 76.2940255635196,10.0079500928663,0 76.2939933894594,10.0080245517594,0 76.2939692589142,10.0080546518382,0 76.2939258244719,10.008079998712,0 76.2938099983941,10.0080990097508,0 76.2937183019632,10.0080990097508,0 76.2935767373559,10.0080831675135,0 76.2932825462869,10.0080116792752,0 76.2923047606428,10.0077567197644,0 76.2922670574521,10.0077418674301,0 76.2921991897323,10.0076997865498,0 76.292081051391,10.0075834457324,0 76.2919402907759,10.0075067096557,0 76.2912289454451,10.0072096688045,0 76.2911334284792,10.007187389823,0 76.2909750725626,10.0071700631013,0 76.2906985783047,10.0071972916911,0 76.2905226270866,10.0071972916911,0 76.2903994608747,10.007187389823,0 76.2903190257241,10.0071750135933,0 76.2901908334381,10.0071354078858,0 76.289967123288,10.0070438202217,0 76.2897576918593,10.006986886882,0 76.2895019091585,10.0069615399229,0 76.2893153003279,10.0069552022981,0 76.2892348651774,10.0069536187765,0 76.2891286914973,10.0069346076707,0 76.2889340391517,10.0069187653766,0 76.2887747777333,10.0069282709301,0 76.2887168651435,10.0069266865237,0 76.2884803863399,10.006863317341,0 76.2877017769573,10.006559146507,0 76.2877149489543,10.0065338977106,0 76.2878909001724,10.0061031869647,0 76.2878959271447,10.006041302951,0 76.2880524801425,10.0055263788081,0 76.287301890112,10.005314090374,0 76.2867773027321,10.0051867869577,0 76.2867664205407,10.005196787968,0 76.2867215038783,10.0052274934119,0 76.2865774877685,10.0052940653594,0 76.2865178153792,10.0053099864669,0 76.2864867417552,10.0053126864291,0 76.2864174061882,10.0053081322334,0 76.2863518606136,10.00529629734,0 76.2862639847175,10.0052699735914,0 76.286195826842,10.0052398033668,0 76.2861649104232,10.0052203179863,0 76.2861430094965,10.0052024541749,0 76.2861044502113,10.0051635904514,0 76.2860877909543,10.0051425914235,0 76.2860531339507,10.0051096044491,0 76.2860052474578,10.0050824393793,0 76.2859801629018,10.0050733159423,0 76.2858322921212,10.0050439825823,0 76.2857538880615,10.0050362232809,0 76.2856445011077,10.0050389506697,0 76.2855411759854,10.0050404253881,0 76.2854941168409,10.0050478564827,0 76.2854832544125,10.0050515242586,0 76.285463257016,10.0050602796801,0 76.2854525544877,10.0050662413639,0 76.2854383242753,10.0050755169616,0 76.2854330906904,10.0050804338687,0 76.2854204900219,10.0050962320198,0 76.2854002114527,10.0051261872868,0 76.2853516961392,10.0051908271712,0 76.2852552224675,10.0053543270614,0 76.285220127086,10.0054237457965,0 76.2851550369572,10.0056071422913,0 76.2851326186009,10.005700566899,0 76.2851222340763,10.0057728474097,0 76.2851104562645,10.0060213859086,0 76.2851113761394,10.0061637784915,0 76.2851167839974,10.0062208393651,0 76.2851255856906,10.0062606159218,0 76.2851372395347,10.0062922784572,0 76.2851591638176,10.0063331847039,0 76.2851766513212,10.006358345051,0 76.2851867897075,10.0063697933134,0 76.285209525169,10.0063882550843,0 76.2852436368953,10.0064206368281,0 76.2852672221631,10.0064494941219,0 76.2852934359014,10.0064940336071,0 76.2853092103178,10.0065326768935,0 76.2853289687625,10.0066105119355,0 76.2853364445423,10.0066523664867,0 76.2853377228449,10.0066805054244,0 76.2853117417703,10.006938923873,0 76.2852090032479,10.0073829731141,0 76.2851190118193,10.0078605480806,0 76.2851043028049,10.0079714323013,0 76.2850895560611,10.0082963759375,0 76.2850914524047,10.0083772723132,0 76.2850962835443,10.0084344584175,0 76.2851121001815,10.008529165831,0 76.2851818804145,10.008767488121,0 76.2852086762611,10.0089058384476,0 76.2852246995108,10.0090073999401,0 76.2852271743694,10.009048335038,0 76.2852226944711,10.0091157740369,0 76.2852110873393,10.0091600132623,0 76.2851992143062,10.0091932519486,0 76.2851804646696,10.0092322328473,0 76.2850037705448,10.0096283225325,0 76.2849326383473,10.0097632321223,0 76.2848753321204,10.0098462238472,0 76.2847694827322,10.0099780583355,0 76.2845554707938,10.0101933948438,0 76.2844975159833,10.0102528453064,0 76.2851946508646,10.0106063728838,0 76.2855743588537,10.0107185512776,0 76.2862060541615,10.0109904979339,0 76.2869447585826,10.0112828405564,0 76.2871449679066,10.0113440282464,0 76.2885188189627,10.0116363705505,0 76.290362977596,10.0120047983005,0 76.2929839175403,10.0125608387883,0 76.2956119200394,10.0131394603268,0 76.2957319619108,10.0131557764801,0 76.2960754219799,10.0132024593929,0 76.2962896099881,10.0131837184658,0 76.2963381962685,10.0131402211104,0 76.2964442037603,10.0120527986004,0 76.2964883730245,10.0118614112953,0 76.2965413772195,10.0116308769599,0 76.2966297166462,10.0114307907734,0 76.2966606348617,10.0113611955107,0 76.2965899634999,10.0106565416402,0 76.2966671224946,10.0103684836479,0 76.2967412272174,10.010052633536,0 76.2967875425568,10.0098394059186,0 76.2967991209425,10.0097196785762,0 76.2968284302753,10.0085468525305,0</coordinates></LinearRing></outerBoundaryIs></Polygon></Placemark><Placemark><Style><LineStyle><color>ff0000ff</color></LineStyle><PolyStyle><fill>0</fill></PolyStyle></Style><ExtendedData><SchemaData schemaUrl="#wards"><SimpleData name="ward_id">72</SimpleData><SimpleData name="ward_name">Pottakuzhi</SimpleData><SimpleData name="Ward_Name">72 - Pottakuzhi</SimpleData><SimpleData name="Corporation">Kochi Corporation</SimpleData><SimpleData name="ac">Ernakulam</SimpleData><SimpleData name="AC_NAME">Ernakulam</SimpleData><SimpleData name="mla_name">T. J. Vinod</SimpleData></SchemaData></ExtendedData><Polygon><outerBoundaryIs><LinearRing><coordinates>76.2942346940127,10.0074748269614,0 76.2944060377717,10.0071462377516,0 76.2946035548448,10.0067210241457,0 76.2947291087788,10.006392312976,0 76.2947856532343,10.0061018856428,0 76.294999281592,10.0052697904681,0 76.2950361089254,10.0051263447551,0 76.2952977791845,10.0043017330414,0 76.2953907970373,10.0039249117697,0 76.2954622571198,10.0036354190828,0 76.2955200295724,10.0032348545595,0 76.295593524339,10.0027308913333,0 76.2956125785045,10.0022885829385,0 76.2948204674431,10.002009794093,0 76.2942325075133,10.0017792563019,0 76.2927268951645,10.001209555824,0 76.2926774761458,10.0013352816734,0 76.2925498093742,10.0015340099292,0 76.2924468543578,10.0016639882297,0 76.2919323900929,10.0014656183423,0 76.2915758442651,10.0013621285774,0 76.2910962310399,10.0012575904522,0 76.2909279595192,10.0012270394493,0 76.290266505721,10.0011037286931,0 76.289841868493,10.0010233082248,0 76.2892400547448,10.0009456974336,0 76.289212138699,10.0009407769252,0 76.2891839872946,10.0009318745382,0 76.2891790178145,10.0009279377775,0 76.2891715510178,10.000918311734,0 76.2891606553518,10.0008934765225,0 76.2891554172753,10.0008781824263,0 76.2891507280695,10.000855946359,0 76.2891473144715,10.0008040297585,0 76.2887326943572,10.000675356881,0 76.2886615720412,10.000653491475,0 76.2884457751504,10.0006285545067,0 76.2884248848284,10.0006230333052,0 76.2883788901876,10.0006067235995,0 76.2882709576062,10.0005606643349,0 76.2882211370405,10.0005318082873,0 76.2881177598159,10.0004863072367,0 76.2876282076305,10.0003358050774,0 76.2876286801443,10.0003498527034,0 76.2876282417665,10.0003579111342,0 76.2876276264205,10.0003625874833,0 76.2876262753543,10.0003695188481,0 76.2876077502965,10.0004262755296,0 76.2875168327049,10.0006980812962,0 76.2874616132644,10.0008440476075,0 76.2874488940183,10.0008705937658,0 76.2874135614815,10.0009239488215,0 76.2874115780014,10.0009264515398,0 76.2874080988263,10.0009301883661,0 76.2874055215597,10.0009323938368,0 76.2874024529148,10.0009340702776,0 76.2874009203889,10.0009346603493,0 76.2873962042336,10.0009360563512,0 76.2873789628684,10.0009383202097,0 76.2873721626217,10.0009388315463,0 76.28736909757,10.0009388518936,0 76.2873634893876,10.0009384626408,0 76.2873564286295,10.0009374293517,0 76.2873472514405,10.0009352884617,0 76.2873327705982,10.0009299362365,0 76.2873074668532,10.000920508358,0 76.2873053198797,10.0009198890923,0 76.2872793693478,10.0009140883415,0 76.2872630586372,10.0009116962064,0 76.2872353402208,10.0009097287105,0 76.2871499158271,10.0009107301518,0 76.2869492241078,10.0009213770994,0 76.2867668661052,10.0009470323935,0 76.2867086480882,10.0009623017158,0 76.2866475267163,10.0009903190626,0 76.2865847865802,10.0010283437383,0 76.2865555149767,10.0010510265496,0 76.2865020005386,10.0011025485501,0 76.2864765476733,10.0011323237138,0 76.2864278428152,10.0012009489224,0 76.2863539914174,10.0013388309462,0 76.2863316036039,10.0013904263282,0 76.2863274390142,10.0014031000255,0 76.2863220670888,10.001425199817,0 76.286320369273,10.0014384591604,0 76.2863186705587,10.001466203105,0 76.2863186705587,10.0015983753982,0 76.2863204474264,10.0016177512977,0 76.2863242023843,10.0016364345045,0 76.2863267239553,10.0016442876615,0 76.2863283346346,10.0016476078031,0 76.2863364563031,10.0016588421431,0 76.2863448097369,10.0016666740675,0 76.2863576619337,10.0016765982205,0 76.2864321682033,10.0017255147888,0 76.2864496089946,10.0017353097792,0 76.286462462988,10.0017407009163,0 76.2864835033286,10.0017464353025,0 76.2866401281916,10.0017789077447,0 76.2867627078037,10.0018060686674,0 76.2867678246076,10.0018082077823,0 76.2867705662658,10.001810179696,0 76.2867755240679,10.0018151523863,0 76.2867803713771,10.0018217174697,0 76.2867845458482,10.0018289973606,0 76.2867855438765,10.0018311621307,0 76.2867873710498,10.0018369133239,0 76.2867882010931,10.0018405006318,0 76.2867888640498,10.001846235901,0 76.2867888200324,10.0018668467749,0 76.2867872866082,10.0018789286142,0 76.2867854576383,10.0018887802183,0 76.2867732576184,10.0019419900222,0 76.2866953925479,10.0022138617551,0 76.2866746217019,10.0023097219274,0 76.2866646683685,10.0023911435138,0 76.2866641886682,10.0024161502351,0 76.2866688572127,10.0024865374174,0 76.2866715036495,10.0025054382009,0 76.286679844507,10.0025438793746,0 76.2867635162875,10.0028309508348,0 76.2868554363989,10.0031917787383,0 76.2868894717684,10.0032934853326,0 76.2869818805634,10.0035348423041,0 76.2871168434516,10.0040044601326,0 76.2871270168722,10.004051317754,0 76.2871340866135,10.0041158976957,0 76.2871340866135,10.0041915411383,0 76.287138210779,10.0042526505456,0 76.2871540956881,10.0043809247956,0 76.2871558491996,10.004401846023,0 76.2871548592561,10.004414467408,0 76.2871527230624,10.004428437008,0 76.2871507656334,10.0044356018352,0 76.2871479413302,10.0044426224634,0 76.2871432727856,10.0044500933812,0 76.2871328110058,10.0044638073142,0 76.2871156657603,10.0044830671529,0 76.287101133714,10.0044962202128,0 76.2870941124817,10.0045009354272,0 76.2870819241399,10.0045080073639,0 76.2869011588502,10.0046002813511,0 76.2869285161439,10.0046878330233,0 76.2869400648852,10.0047669609882,0 76.2869432961252,10.0048194670201,0 76.2869342815314,10.0048770996168,0 76.2869086669694,10.0049640638039,0 76.2868871559116,10.0050247900106,0 76.2868589137774,10.0050764883117,0 76.2867881903134,10.0051767815238,0 76.2867773027321,10.0051867869577,0 76.287301890112,10.005314090374,0 76.2880524801425,10.0055263788081,0 76.2878959271447,10.006041302951,0 76.2878909001724,10.0061031869647,0 76.2877149489543,10.0065338977106,0 76.2877017769573,10.006559146507,0 76.2884803863399,10.006863317341,0 76.2887168651435,10.0069266865237,0 76.2887747777333,10.0069282709301,0 76.2889340391517,10.0069187653766,0 76.2891286914973,10.0069346076707,0 76.2892348651774,10.0069536187765,0 76.2893153003279,10.0069552022981,0 76.2895019091585,10.0069615399229,0 76.2897576918593,10.006986886882,0 76.289967123288,10.0070438202217,0 76.2901908334381,10.0071354078858,0 76.2903190257241,10.0071750135933,0 76.2903994608747,10.007187389823,0 76.2905226270866,10.0071972916911,0 76.2906985783047,10.0071972916911,0 76.2909750725626,10.0071700631013,0 76.2911334284792,10.007187389823,0 76.2912289454451,10.0072096688045,0 76.2919402907759,10.0075067096557,0 76.292081051391,10.0075834457324,0 76.2921991897323,10.0076997865498,0 76.2922670574521,10.0077418674301,0 76.2923047606428,10.0077567197644,0 76.2932825462869,10.0080116792752,0 76.2935767373559,10.0080831675135,0 76.2937183019632,10.0080990097508,0 76.2938099983941,10.0080990097508,0 76.2939258244719,10.008079998712,0 76.2939692589142,10.0080546518382,0 76.2939933894594,10.0080245517594,0 76.2940255635196,10.0079500928663,0 76.2942346940127,10.0074748269614,0</coordinates></LinearRing></outerBoundaryIs></Polygon></Placemark><Placemark><Style><LineStyle><color>ff0000ff</color></LineStyle><PolyStyle><fill>0</fill></PolyStyle></Style><ExtendedData><SchemaData schemaUrl="#wards"><SimpleData name="ward_id">42</SimpleData><SimpleData name="ward_name">Vennala</SimpleData><SimpleData name="Ward_Name">42 - Vennala</SimpleData><SimpleData name="Corporation">Kochi Corporation</SimpleData><SimpleData name="ac">Thrikkakara</SimpleData><SimpleData name="AC_NAME">Thrikkakara</SimpleData><SimpleData name="mla_name">Uma Thomas</SimpleData></SchemaData></ExtendedData><Polygon><outerBoundaryIs><LinearRing><coordinates>76.3306560904017,9.99740025458397,0 76.3268332504213,9.99632674135915,0 76.326185669306,9.99609931537397,0 76.3259049430848,9.99602549956308,0 76.3253392811369,9.99589272872975,0 76.3250531201082,9.99581244321259,0 76.3249793414739,9.99578773588943,0 76.324934939546,9.9957652296467,0 76.3248753569882,9.9957183451747,0 76.3248241485254,9.99566260593735,0 76.3247778798984,9.99559498986368,0 76.3247331599669,9.99554772141604,0 76.324648099391,9.99548164908537,0 76.3245820956755,9.99545001734488,0 76.3245343142855,9.99543253960157,0 76.3244382250928,9.99541548915792,0 76.3240922317746,9.99538710684217,0 76.3240030461349,9.9953893769321,0 76.3238532349933,9.99539689494609,0 76.3236935657398,9.99541599873379,0 76.3234862642166,9.99545525907528,0 76.3233110055996,9.99547980541193,0 76.3229435685972,9.99551233244575,0 76.3228892178276,9.99550900427928,0 76.3227956529009,9.99549727961396,0 76.3226260734331,9.99546097410948,0 76.3224563583197,9.99539773273842,0 76.3223564521854,9.99534452097835,0 76.3222178259674,9.99527110929516,0 76.3221560371472,9.99524735650141,0 76.3219781563479,9.99520798997312,0 76.3216327909521,9.9951714473418,0 76.3213644911262,9.99517988012099,0 76.3211389834472,9.99515674659731,0 76.3210400439001,9.99513314419101,0 76.3207023025061,9.9950084129783,0 76.3202399126799,9.99481726953422,0 76.3201086167146,9.99499435804391,0 76.3198688590602,9.99535415868789,0 76.3196890405949,9.99565211717509,0 76.3195149309231,9.99602316047264,0 76.3194036152864,9.9963098749754,0 76.3193451035203,9.99648836930908,0 76.3192137240117,9.99677995708507,0 76.3190616320476,9.99701601437767,0 76.3187532889196,9.99754774667075,0 76.318537478554,9.99791990868578,0 76.3183038644779,9.99842781439562,0 76.3182868701494,9.99848848432041,0 76.3181676268802,9.99879654995629,0 76.3180250085491,9.99905051859181,0 76.3179622145141,9.99917560389079,0 76.3178682633118,9.99938251312209,0 76.317668225566,9.99990784273892,0 76.3174827001036,10.0003575846921,0 76.3173860665319,10.0005973540996,0 76.3173136272857,10.0008058132445,0 76.3172575903782,10.001017092568,0 76.3172332235762,10.0010871757286,0 76.3171452497638,10.0012900328647,0 76.3169646291028,10.0016828430586,0 76.316819128078,10.0020509468152,0 76.3167262746169,10.0022278677208,0 76.3166901344947,10.0023212587987,0 76.3166598028792,10.0024337735719,0 76.3166192789784,10.0026425438238,0 76.316605894979,10.0027772731912,0 76.3166084039736,10.0031182007425,0 76.3166184381553,10.0035307728762,0 76.3166435245079,10.0039309911337,0 76.3166886801223,10.0042842699287,0 76.3167187835658,10.0046202550986,0 76.3167200376139,10.0047017813798,0 76.3167042227733,10.0048301085317,0 76.3165933518027,10.0051341146702,0 76.3164995452291,10.0053680453794,0 76.3163896830665,10.0056050668964,0 76.3162145493154,10.0059073720087,0 76.3165953712154,10.0059429721632,0 76.3170270305741,10.0059465912732,0 76.3177012242796,10.0059504510084,0 76.3177443407183,10.0063905029811,0 76.3177286624217,10.0069154762515,0 76.3177208228242,10.0073323668356,0 76.3184264135473,10.00737264839,0 76.3186345244525,10.0073679871808,0 76.3189751359638,10.0073323668356,0 76.3191119925007,10.0073309726306,0 76.3192367801718,10.0073434205108,0 76.3198194445331,10.0074612936237,0 76.3201809463663,10.007526746919,0 76.3201870144861,10.0074734247951,0 76.3202012950042,10.0074010287741,0 76.3202287304512,10.0073128647724,0 76.3202464587034,10.0072716729078,0 76.3202522806847,10.0072614003744,0 76.3202898122973,10.0072081197855,0 76.3204508362103,10.0070174028419,0 76.3206052646925,10.0068085770154,0 76.320684206843,10.0067183427729,0 76.3207744596813,10.006628192547,0 76.3208253779882,10.0065863167611,0 76.3208776877855,10.0065506167117,0 76.3210346063977,10.0064824898068,0 76.321145627387,10.0064496197422,0 76.3213930611455,10.0064123211145,0 76.321477411154,10.0064075555028,0 76.3215570117697,10.0064097282042,0 76.321936808692,10.0064750905924,0 76.3222174378952,10.0065126209913,0 76.3223976246698,10.0065109339635,0 76.322787951644,10.00647016486,0 76.3230165288663,10.0064185968243,0 76.3232687003396,10.00634649958,0 76.3234741297737,10.0062516703327,0 76.3235250130464,10.0062191832986,0 76.3235563283172,10.0061957285479,0 76.3236007275501,10.0061486341494,0 76.3236770771627,10.0060497018313,0 76.3237061502386,10.0059976117845,0 76.3237202519919,10.0059413178646,0 76.3237467531911,10.0057238385623,0 76.3237415717086,10.0056577762628,0 76.3237339575882,10.0056028747272,0 76.3236816019768,10.0053708559228,0 76.3236515784834,10.0052707529711,0 76.3236114983503,10.0051842435782,0 76.3235247435518,10.0050411888446,0 76.3234955842377,10.0049720805414,0 76.3234760342021,10.0048782425906,0 76.3234689195451,10.004799344663,0 76.3234689195451,10.0044604880859,0 76.3234645663092,10.0040275611787,0 76.3234662192093,10.0039673363861,0 76.3234759847948,10.0038961710263,0 76.3234867322388,10.0038605034135,0 76.3235220953183,10.0037868017171,0 76.3236105057119,10.0036501999476,0 76.3236574858047,10.0036002265027,0 76.3237161206399,10.003556625243,0 76.323761489155,10.0035319565489,0 76.3237820479986,10.0035246430792,0 76.3238265514361,10.003515782342,0 76.3238746741859,10.0035126745374,0 76.3239363022076,10.0035188662607,0 76.3239956619833,10.0035305490577,0 76.3242448986606,10.0036212097064,0 76.3245345289829,10.0037796687233,0 76.3246370249602,10.003827435805,0 76.3249218124648,10.0039257159231,0 76.3252446903341,10.0040573749992,0 76.3253509089299,10.004084059786,0 76.3257547232097,10.0041561531094,0 76.3260235925675,10.0042144537393,0 76.3261093484395,10.0042198483739,0 76.3265026721934,10.0042033035301,0 76.3267703926059,10.0041890517151,0 76.3268177490927,10.0041779466225,0 76.3268467062859,10.0041691221739,0 76.3268680331891,10.0041600411748,0 76.3269325960069,10.0041210720524,0 76.326952811694,10.0041035991988,0 76.3269647529991,10.0040918898827,0 76.3269884236068,10.004063252659,0 76.3271900855067,10.0037722066366,0 76.3272355842775,10.0036901882523,0 76.327312252792,10.0035260514552,0 76.3277213958781,10.0026344757184,0 76.3280971234322,10.0018834510101,0 76.3281534424106,10.001787758798,0 76.3282236205972,10.0016824830006,0 76.3285943616032,10.0012486173008,0 76.328862946195,10.0009449277748,0 76.3289334684364,10.0008755116212,0 76.3289666324401,10.000848680601,0 76.3290840826719,10.0007730620353,0 76.3293489167975,10.0006426569694,0 76.3295153117375,10.0005850519307,0 76.3299324713892,10.0004764440894,0 76.330067871757,10.0004304060384,0 76.3303238116629,10.000321764528,0 76.3303629198188,10.0003010668587,0 76.3303953885264,10.0002790227247,0 76.330457389349,10.0002249580599,0 76.3305189185561,10.0001582444116,0 76.3305485647571,10.0001154477373,0 76.3305606048769,10.0000851806053,0 76.3305786726922,10.0000182147979,0 76.3306115133023,9.99981828158139,0 76.3306115133023,9.99957292668358,0 76.3306044759004,9.99948660243855,0 76.3305990545676,9.9994476778737,0 76.3305858394515,9.99938532283254,0 76.3305573269244,9.9992996063058,0 76.3305112298756,9.99913145796509,0 76.3304304057545,9.998752579144,0 76.3304228599061,9.99864746602748,0 76.3304488194212,9.99813614847744,0 76.3304745229164,9.99799752727704,0 76.3304864291872,9.99794684787798,0 76.3305262667751,9.99781798631834,0 76.3305901639413,9.99763914149912,0 76.3306407121423,9.99746660431252,0 76.3306560904017,9.99740025458397,0</coordinates></LinearRing></outerBoundaryIs></Polygon></Placemark><Placemark><Style><LineStyle><color>ff0000ff</color></LineStyle><PolyStyle><fill>0</fill></PolyStyle></Style><ExtendedData><SchemaData schemaUrl="#wards"><SimpleData name="ward_id">46</SimpleData><SimpleData name="ward_name">Chakkaraparambu</SimpleData><SimpleData name="Ward_Name">46 - Chakkaraparambu</SimpleData><SimpleData name="Corporation">Kochi Corporation</SimpleData><SimpleData name="ac">Thrikkakara</SimpleData><SimpleData name="AC_NAME">Thrikkakara</SimpleData><SimpleData name="mla_name">Uma Thomas</SimpleData></SchemaData></ExtendedData><Polygon><outerBoundaryIs><LinearRing><coordinates>76.3206665270999,9.98486610398674,0 76.3204822502958,9.98479422844791,0 76.3200662566574,9.98465766381877,0 76.3197798054728,9.98454805270504,0 76.3195626862619,9.98446000547985,0 76.319345567051,9.98435937853386,0 76.319177710552,9.98430726908677,0 76.3187325243618,9.98410421910565,0 76.3180045368421,9.98384187119404,0 76.3178932400699,9.98366218175173,0 76.3178455745627,9.98361130636688,0 76.3181742178194,9.98293982574233,0 76.3179260815784,9.98283380864533,0 76.3180373783505,9.98255528711426,0 76.3178184346613,9.98244208246245,0 76.3173933186312,9.98226598507947,0 76.3173331090492,9.9824510667494,0 76.3169609046877,9.98232708002846,0 76.316764397321,9.98230503998447,0 76.3166452780194,9.98307739081896,0 76.3165858436835,9.98355290737821,0 76.3165377056624,9.98383306654195,0 76.3161150411347,9.9862929029586,0 76.3158084308569,9.98791938861417,0 76.3155506017939,9.9893125335976,0 76.3153239873904,9.99110645517337,0 76.3151099179599,9.99251193852373,0 76.3148334120239,9.99394376789305,0 76.31454352658,9.99571378288242,0 76.3140083525546,9.9989507312894,0 76.313991107596,9.99905793036068,0 76.3139814273506,9.99911810917584,0 76.3137942831241,10.0002815166012,0 76.3137138309055,10.0008064183558,0 76.3138718077331,10.0008121164873,0 76.3140321668927,10.0008565320076,0 76.3145282776781,10.0010588699893,0 76.3146485468233,10.0010884806093,0 76.3150093551571,10.0011970528595,0 76.3152298493386,10.0012932866601,0 76.315695892613,10.0016091311369,0 76.3158988471885,10.0017571830744,0 76.3159965668234,10.0018015984655,0 76.3167727013474,10.0021394077224,0 76.316819128078,10.0020509468152,0 76.3169646291028,10.0016828430586,0 76.3171452497638,10.0012900328647,0 76.3172332235762,10.0010871757286,0 76.3172575903782,10.001017092568,0 76.3173136272857,10.0008058132445,0 76.3173860665319,10.0005973540996,0 76.3174827001036,10.0003575846921,0 76.317668225566,9.99990784273892,0 76.3178682633118,9.99938251312209,0 76.3179622145141,9.99917560389079,0 76.3180250085491,9.99905051859181,0 76.3181676268802,9.99879654995629,0 76.3182868701494,9.99848848432041,0 76.3183038644779,9.99842781439562,0 76.318537478554,9.99791990868578,0 76.3187532889196,9.99754774667075,0 76.3190616320476,9.99701601437767,0 76.3192137240117,9.99677995708507,0 76.3193451035203,9.99648836930908,0 76.3194036152864,9.9963098749754,0 76.3195149309231,9.99602316047264,0 76.3196890405949,9.99565211717509,0 76.3198688590602,9.99535415868789,0 76.3201086167146,9.99499435804391,0 76.3202399126799,9.99481726953422,0 76.3207023025061,9.9950084129783,0 76.3210400439001,9.99513314419101,0 76.3211389834472,9.99515674659731,0 76.3213644911262,9.99517988012099,0 76.3216327909521,9.9951714473418,0 76.3219781563479,9.99520798997312,0 76.3221560371472,9.99524735650141,0 76.3222178259674,9.99527110929516,0 76.3223564521854,9.99534452097835,0 76.3224563583197,9.99539773273842,0 76.3226260734331,9.99546097410948,0 76.3227956529009,9.99549727961396,0 76.3228892178276,9.99550900427928,0 76.3229435685972,9.99551233244575,0 76.3233110055996,9.99547980541193,0 76.3234862642166,9.99545525907528,0 76.3236935657398,9.99541599873379,0 76.3238532349933,9.99539689494609,0 76.3240030461349,9.9953893769321,0 76.3240922317746,9.99538710684217,0 76.3244382250928,9.99541548915792,0 76.3245343142855,9.99543253960157,0 76.3245820956755,9.99545001734488,0 76.324648099391,9.99548164908537,0 76.3247331599669,9.99554772141604,0 76.3247778798984,9.99559498986368,0 76.3248241485254,9.99566260593735,0 76.3248753569882,9.9957183451747,0 76.324934939546,9.9957652296467,0 76.3249793414739,9.99578773588943,0 76.3250531201082,9.99581244321259,0 76.3253392811369,9.99589272872975,0 76.3259049430848,9.99602549956308,0 76.326185669306,9.99609931537397,0 76.3268332504213,9.99632674135915,0 76.3306560904017,9.99740025458397,0 76.3307116233542,9.99716066329147,0 76.3308366571637,9.99669890654157,0 76.3308890487077,9.99658035628438,0 76.3309855708883,9.99641352028306,0 76.3310525537675,9.99632152972187,0 76.331086170522,9.99628696270161,0 76.3319670441166,9.99572253059344,0 76.3321379279381,9.99557933633808,0 76.3325316038316,9.99524945142552,0 76.3327033176965,9.99508274655868,0 76.3327756284836,9.99499572753082,0 76.3328440953796,9.9948743571716,0 76.3328767491402,9.99482534579577,0 76.3329140274278,9.99477606989257,0 76.3329642935579,9.99472656661862,0 76.3329928042884,9.99468925160555,0 76.3330034502228,9.99466952849748,0 76.3330300978474,9.99459887687145,0 76.3330423346982,9.99452358860776,0 76.3330589445478,9.99413304251375,0 76.3330941513204,9.99394451279725,0 76.3332237341985,9.99348159077172,0 76.3333591210916,9.99316284104876,0 76.3334478970995,9.99293198026449,0 76.3335501235822,9.99258652392625,0 76.3336272726955,9.9923889385257,0 76.3339051674269,9.99189905336193,0 76.3340593174314,9.99162662272384,0 76.3342008703606,9.99143751827434,0 76.3342910234859,9.99126704885972,0 76.3343487222765,9.99108947704761,0 76.3343671548079,9.99096499642116,0 76.3343671907405,9.9909246199402,0 76.3343602647297,9.99088902433337,0 76.3343555764222,9.99087876278317,0 76.3343431383488,9.99086297898072,0 76.3343380260365,9.99085933581606,0 76.3343275696466,9.99085398165561,0 76.3343236296357,9.99085272096842,0 76.3343016523523,9.99084888051719,0 76.3339371366713,9.99085713293114,0 76.3338006843762,9.99086022227815,0 76.3336685143502,9.9908534464165,0 76.3330108451542,9.99072722904714,0 76.3324951672654,9.99058161914818,0 76.3319445377255,9.99041037252367,0 76.3318373561357,9.99038045659632,0 76.3315623144535,9.99031775567,0 76.3314383074185,9.99030007417116,0 76.3313411833666,9.99029819861933,0 76.3313100468605,9.99030038381416,0 76.3312762980536,9.99030614848184,0 76.3312615036992,9.99031058256934,0 76.3312467282094,9.990319190644,0 76.3312247635024,9.99034102755021,0 76.3312204246396,9.99035277186472,0 76.3312147059645,9.99037402487061,0 76.331201142302,9.990467535249,0 76.3311972723597,9.99051493713917,0 76.3311677914487,9.99096367646003,0 76.3311459875402,9.99110870052182,0 76.331116434764,9.99123818048613,0 76.3310690917519,9.99138619733617,0 76.3310218152151,9.99151492077926,0 76.3309761394761,9.9916135531887,0 76.3309537399846,9.99164880634099,0 76.330873720754,9.9917492558637,0 76.3306252054239,9.99196053222686,0 76.3305714376609,9.99200543376662,0 76.3304727729983,9.99210530636172,0 76.3302490736279,9.99237920341252,0 76.3301891083877,9.99243388512539,0 76.3301158166403,9.99246888162914,0 76.3299529547743,9.99252192753843,0 76.3298108359064,9.99264061020933,0 76.3297162540868,9.99270558433519,0 76.32967287534,9.99272779795813,0 76.3296208224609,9.99275855677682,0 76.3295063043302,9.99281152920981,0 76.3294438399769,9.99283374371018,0 76.3293546776934,9.99286384961965,0 76.3292839326698,9.99287948823627,0 76.3292454838773,9.99288422131295,0 76.3292135370909,9.99288029241697,0 76.3291299021413,9.9928554035101,0 76.3289163645134,9.99276880942084,0 76.3289753577764,9.99255691872458,0 76.3290135307861,9.9924543904336,0 76.3290274115539,9.99239629205701,0 76.3290308817458,9.99226642329067,0 76.3289684173925,9.99208187270959,0 76.328767143565,9.99172644235388,0 76.3286475194101,9.99153047718452,0 76.3285273374015,9.99140258004923,0 76.3281927158565,9.99113640819102,0 76.328166943191,9.99111590810789,0 76.3279897747557,9.99135211106337,0 76.32743213656,9.99215695363672,0 76.3273318055225,9.99232196493999,0 76.327308403511,9.99236045420658,0 76.3272206884134,9.99231863585621,0 76.3268544039496,9.9921440070947,0 76.3263651113773,9.99194651962583,0 76.3261120092493,9.99184234915767,0 76.3258276924619,9.99172533295216,0 76.3257346773041,9.99168024824279,0 76.3253159402109,9.99147728779354,0 76.3250182798482,9.99130959279234,0 76.3256287668305,9.99047878501513,0 76.3256221336704,9.99047199233633,0 76.3252892701284,9.99013110548732,0 76.3248180256085,9.98960035280987,0 76.3247175598237,9.98951977732816,0 76.3247608442473,9.98943767926361,0 76.3248041888581,9.98935546616776,0 76.3246309855865,9.98929680191626,0 76.3242553514572,9.98916957361853,0 76.3240962840749,9.98909748847235,0 76.3238592932316,9.9889747057034,0 76.3236234701981,9.98887833024339,0 76.3238003376978,9.98839566513248,0 76.3231711756391,9.98815867707059,0 76.3224442553179,9.98785997210794,0 76.3219980773876,9.98767729370899,0 76.3221842424505,9.98724788326019,0 76.3221932166202,9.98723057140015,0 76.3222460618134,9.98714730141139,0 76.3222530462148,9.98713853842978,0 76.3222635322491,9.98712868283988,0 76.3222698545921,9.98712363826404,0 76.322272792083,9.98712177507974,0 76.3222849283225,9.98711836455007,0 76.3222939150686,9.98711668361453,0 76.3223181093942,9.98711451786183,0 76.3223306714351,9.98711261221172,0 76.3223533646758,9.98710731018706,0 76.3223708306198,9.98710153042275,0 76.3223800060122,9.98709759172519,0 76.3223975267535,9.987088701345,0 76.3224150690544,9.9870782910448,0 76.3224232769611,9.98707178139998,0 76.3224360752589,9.98706022717816,0 76.3224422278203,9.98705346716198,0 76.3224515244852,9.98704006125593,0 76.3224711957933,9.98699848816907,0 76.3225019082946,9.98691695390907,0 76.3226147061515,9.98666515216905,0 76.3221995497429,9.98653952327258,0 76.3221130662356,9.98649097953421,0 76.3219379181114,9.98636397839312,0 76.3217540177014,9.9862209932314,0 76.3218542975349,9.98594603642577,0 76.3218889635217,9.98589212950969,0 76.3219455241469,9.98584361398532,0 76.3220221540339,9.98578970705228,0 76.3220714167458,9.98574298746715,0 76.3220933104859,9.98568728456263,0 76.3221006092976,9.98563697128323,0 76.3220987839209,9.98559025167617,0 76.3220823636158,9.9855471266277,0 76.3220258029906,9.98548782912375,0 76.3219364008569,9.98539079706254,0 76.3219126817401,9.985349468829,0 76.3218670688833,9.98529017128903,0 76.3218178061714,9.98525423356846,0 76.3217411762844,9.98521110759073,0 76.3209024812874,9.98498314743133,0 76.3206665270999,9.98486610398674,0</coordinates></LinearRing></outerBoundaryIs></Polygon></Placemark><Placemark><Style><LineStyle><color>ff0000ff</color></LineStyle><PolyStyle><fill>0</fill></PolyStyle></Style><ExtendedData><SchemaData schemaUrl="#wards"><SimpleData name="ward_id">41</SimpleData><SimpleData name="ward_name">Padivattom</SimpleData><SimpleData name="Ward_Name">41 - Padivattom</SimpleData><SimpleData name="Corporation">Kochi Corporation</SimpleData><SimpleData name="ac">Thrikkakara</SimpleData><SimpleData name="AC_NAME">Thrikkakara</SimpleData><SimpleData name="mla_name">Uma Thomas</SimpleData></SchemaData></ExtendedData><Polygon><outerBoundaryIs><LinearRing><coordinates>76.3135088578155,10.0021437284117,0 76.3132591099969,10.0036238274094,0 76.3130452552637,10.0050235426482,0 76.312969224553,10.0055211558179,0 76.312643660721,10.0073350260872,0 76.3123626946496,10.0090303051242,0 76.3120415900547,10.010980304251,0 76.3119144874251,10.0117774292937,0 76.3119067232861,10.0118261187584,0 76.3117873829989,10.0125745514941,0 76.3115376351803,10.0141995335397,0 76.3112566691089,10.0157981562444,0 76.3110470598137,10.0174011640969,0 76.3108196108753,10.0188328837344,0 76.3105787824291,10.0201328454735,0 76.3104767131516,10.0205477817767,0 76.3103255545371,10.021020998352,0 76.3099730771792,10.0218259098147,0 76.3098195730634,10.0221339099569,0 76.3094370793986,10.022767886323,0 76.3089242042534,10.0234398180385,0 76.3084916061553,10.0239360804837,0 76.3082514559371,10.0242358058251,0 76.3079388610829,10.0245285390032,0 76.3085316386776,10.0255630198325,0 76.3085401978256,10.0255511821395,0 76.3085937419082,10.0254920980509,0 76.3087810199837,10.0253271522593,0 76.3089211616596,10.0252140775114,0 76.3091592718037,10.0250477471801,0 76.3091881508435,10.0250316934665,0 76.3092822826071,10.0249686931599,0 76.309619334095,10.0246857007163,0 76.3096944440325,10.0246089660311,0 76.3098203806489,10.0244557726018,0 76.3098723401032,10.0243766742072,0 76.3099069791405,10.0243123698706,0 76.3100239047562,10.0240042895301,0 76.3100922099555,10.0238816623802,0 76.3103257602513,10.0235288074161,0 76.3103987106389,10.0234456006945,0 76.3105779434027,10.0232964918184,0 76.3105912240958,10.0232812483157,0 76.3105982345483,10.023266734611,0 76.3106025850892,10.023253150625,0 76.3106072266843,10.0232313115089,0 76.3106075186368,10.0232230563793,0 76.3106042182264,10.023184054162,0 76.3106022500176,10.0231715653131,0 76.3105949763588,10.0231441487586,0 76.3105204233767,10.0229343929761,0 76.3105165902654,10.0229024728753,0 76.3105158446637,10.0228844888463,0 76.3105334983557,10.0227583078112,0 76.3105432127372,10.0227122516903,0 76.3105681140368,10.0226284697651,0 76.3105708008978,10.0226031629505,0 76.3105709311536,10.0225864536227,0 76.3105696196133,10.0225745972443,0 76.3105642944003,10.0225458908831,0 76.3105373476367,10.0224327842037,0 76.3105319712197,10.0223785993842,0 76.31053303213,10.0223514366447,0 76.3105829353407,10.0220074455552,0 76.3105986603498,10.0219381011365,0 76.3106110867451,10.0218914858266,0 76.3108072455655,10.0214341961458,0 76.3110207086332,10.0208511681173,0 76.3110517759689,10.0207492069494,0 76.31118096269,10.0202367096371,0 76.3112105154662,10.020148514623,0 76.3112512091486,10.0200454713522,0 76.311388651387,10.0200710773657,0 76.3114054022721,10.0200704024058,0 76.3114216662703,10.0200660837243,0 76.3114370157836,10.0200578638986,0 76.3114686930755,10.0200353354536,0 76.3114761598721,10.0200268272433,0 76.3114774893787,10.0200242822108,0 76.3114787227656,10.0200186065319,0 76.3114786751549,10.0200170407664,0 76.311477809179,10.020012853007,0 76.3114753226423,10.0200048852947,0 76.3114729187506,10.0199989716545,0 76.3114701717024,10.0199936038206,0 76.3114639912933,10.0199835687664,0 76.3114179562282,10.0199209673242,0 76.3114144914262,10.0199134755318,0 76.3114087979039,10.0198949623381,0 76.3114076830947,10.0198894520797,0 76.3114074351596,10.0198790888306,0 76.3114102693443,10.0198632268223,0 76.3115790304469,10.0193720544105,0 76.3116044096503,10.0192664278161,0 76.3117343464646,10.0184467165407,0 76.3118364175387,10.0177469797349,0 76.3118493416007,10.0176906604298,0 76.3118847522909,10.0175914565132,0 76.3119598334823,10.0174312606521,0 76.311971579853,10.017396159799,0 76.3119944401804,10.0172946991248,0 76.3120324371202,10.0170678557516,0 76.3120367894578,10.0169987579707,0 76.3120351653038,10.0169653405057,0 76.3120233955769,10.0169037841039,0 76.3119598478554,10.0167138124021,0 76.3119577727471,10.0166812069912,0 76.3119579667832,10.0166685843138,0 76.3119670568355,10.0166419589466,0 76.3119715052928,10.016634958044,0 76.3119877117988,10.0166193188019,0 76.3120042003759,10.0166072047802,0 76.3120516457959,10.0165895008275,0 76.3121369327473,10.0165741030852,0 76.3121671637516,10.0165709874441,0 76.3121907723756,10.0165706539413,0 76.3122463762951,10.0165764676817,0 76.3123155016561,10.0165897502911,0 76.3123388300058,10.0165933179742,0 76.3123708684204,10.0165954180684,0 76.3124002064992,10.0165945785615,0 76.3129269552256,10.0165221996137,0 76.3133223343249,10.0164847057572,0 76.3134818841025,10.0164838901348,0 76.3135069219461,10.0164843828698,0 76.3137054855565,10.0165075759132,0 76.3142339815062,10.0166213330875,0 76.3144243964986,10.0166851895612,0 76.314567434343,10.0167448467206,0 76.3146763092571,10.016779475256,0 76.3148309470467,10.0168040420964,0 76.3149491383887,10.0168133527435,0 76.3150406219189,10.0167930046666,0 76.3151432445586,10.016745688881,0 76.3152818528104,10.0166719078403,0 76.315333596669,10.0166290505347,0 76.3154173978069,10.016551518667,0 76.3155312161501,10.0164284110023,0 76.3155625727434,10.0163751248413,0 76.315575467161,10.0163418081592,0 76.3155896416778,10.0162910369685,0 76.315614686708,10.0160919108187,0 76.3156255581195,10.0159435557997,0 76.3156819372851,10.0154785800661,0 76.315729750116,10.0152693456782,0 76.3158954192174,10.0147905528654,0 76.3160020887675,10.0145212243548,0 76.3160271715269,10.0144357214805,0 76.316040936412,10.0143484015562,0 76.3160456238211,10.0142006800191,0 76.3160352878055,10.0140906002853,0 76.3159241455435,10.0133543073057,0 76.3158155050897,10.0128056628244,0 76.3157655937942,10.0126090557412,0 76.3157421558501,10.012502559119,0 76.3156784122959,10.0122129210385,0 76.3156729900649,10.0121882830797,0 76.3156705205961,10.0121432224412,0 76.3156767045985,10.0121004521163,0 76.3156987968663,10.0120232164039,0 76.3157126533796,10.0119931971949,0 76.3157369572996,10.0119105297956,0 76.3157729986071,10.0117289255953,0 76.3157942033394,10.0115322002031,0 76.3157848393009,10.0113831442363,0 76.3157625781498,10.011228303558,0 76.3157584009837,10.0111830561277,0 76.315764262491,10.0111505280092,0 76.3157734576462,10.0111284465722,0 76.315805505044,10.0110830965101,0 76.3159064325628,10.0109803369826,0 76.3159685447765,10.0109442879843,0 76.3160409319204,10.0109178859608,0 76.3161312808784,10.0108980541429,0 76.3162298862522,10.0108860823344,0 76.3163462683871,10.0108929825123,0 76.3166811477486,10.0109597479184,0 76.3167632420875,10.0109858765854,0 76.3171221540778,10.0111804968717,0 76.3172390707104,10.0112582476435,0 76.3175128331915,10.0114679313592,0 76.3175619108504,10.0115003258659,0 76.3175812381038,10.0115099347877,0 76.3176623640587,10.0115415578872,0 76.3179047465904,10.0116123571011,0 76.3181944550662,10.0116288157577,0 76.3183506352631,10.0116228435788,0 76.318492207057,10.0116074456008,0 76.3185621822243,10.0115947855714,0 76.3189716531955,10.0114779383685,0 76.3191212936572,10.0114267700995,0 76.3191479358919,10.0114130980386,0 76.3192050498793,10.0113709654406,0 76.3192352305779,10.0113448235351,0 76.3194159419687,10.0111597459316,0 76.3194777101276,10.0110847613982,0 76.3195910784148,10.0109192925354,0 76.3196236630051,10.0108513974379,0 76.3199187757456,10.010065167122,0 76.3200190591724,10.0097743830253,0 76.320125784418,10.0093516949768,0 76.320158667249,10.009124719547,0 76.3201861089843,10.0087845378639,0 76.3201863955469,10.0087184381474,0 76.3201823675011,10.0086671977872,0 76.320172152758,10.0086171207263,0 76.320153322273,10.0085644162635,0 76.3201472802044,10.0085395825213,0 76.3201435315348,10.0085105971398,0 76.3201412228645,10.0084670469641,0 76.320138842329,10.0080872784626,0 76.3201555563831,10.007749856675,0 76.3201809463663,10.007526746919,0 76.3198194445331,10.0074612936237,0 76.3192367801718,10.0073434205108,0 76.3191119925007,10.0073309726306,0 76.3189751359638,10.0073323668356,0 76.3186345244525,10.0073679871808,0 76.3184264135473,10.00737264839,0 76.3177208228242,10.0073323668356,0 76.3177286624217,10.0069154762515,0 76.3177443407183,10.0063905029811,0 76.3177012242796,10.0059504510084,0 76.3170270305741,10.0059465912732,0 76.3165953712154,10.0059429721632,0 76.3162145493154,10.0059073720087,0 76.3163896830665,10.0056050668964,0 76.3164995452291,10.0053680453794,0 76.3165933518027,10.0051341146702,0 76.3167042227733,10.0048301085317,0 76.3167200376139,10.0047017813798,0 76.3167187835658,10.0046202550986,0 76.3166886801223,10.0042842699287,0 76.3166435245079,10.0039309911337,0 76.3166184381553,10.0035307728762,0 76.3166084039736,10.0031182007425,0 76.316605894979,10.0027772731912,0 76.3166192789784,10.0026425438238,0 76.3166598028792,10.0024337735719,0 76.3166901344947,10.0023212587987,0 76.3167262746169,10.0022278677208,0 76.3167727013474,10.0021394077224,0 76.3159965668234,10.0018015984655,0 76.3158988471885,10.0017571830744,0 76.315695892613,10.0016091311369,0 76.3152298493386,10.0012932866601,0 76.3150093551571,10.0011970528595,0 76.3146485468233,10.0010884806093,0 76.3145282776781,10.0010588699893,0 76.3140321668927,10.0008565320076,0 76.3138718077331,10.0008121164873,0 76.3137138309055,10.0008064183558,0 76.3135088578155,10.0021437284117,0</coordinates></LinearRing></outerBoundaryIs></Polygon></Placemark><Placemark><Style><LineStyle><color>ff0000ff</color></LineStyle><PolyStyle><fill>0</fill></PolyStyle></Style><ExtendedData><SchemaData schemaUrl="#wards"><SimpleData name="ward_id">39</SimpleData><SimpleData name="ward_name">Karukapiili</SimpleData><SimpleData name="Ward_Name">39 - Karukapiili</SimpleData><SimpleData name="Corporation">Kochi Corporation</SimpleData><SimpleData name="ac">Thrikkakara</SimpleData><SimpleData name="AC_NAME">Thrikkakara</SimpleData><SimpleData name="mla_name">Uma Thomas</SimpleData></SchemaData></ExtendedData><Polygon><outerBoundaryIs><LinearRing><coordinates>76.2977149102555,10.0144079105277,0 76.2977296596942,10.0142854823292,0 76.2978202682653,10.0142854823292,0 76.2978455540439,10.0142771818558,0 76.2978708398225,10.0142315305752,0 76.2978855901595,10.0141983295594,0 76.2979108759381,10.0138808448399,0 76.297944590609,10.0137687913874,0 76.297963554943,10.0137148395475,0 76.2982422078526,10.0130067522212,0 76.2982670076426,10.012952189858,0 76.2982957788845,10.012915328986,0 76.2983628237474,10.0128543379807,0 76.2983749069863,10.0128305395872,0 76.2983809490549,10.0128067411921,0 76.2983809490549,10.0127676430664,0 76.2983655411512,10.0126809339749,0 76.298316440136,10.012528090534,0 76.2982966286908,10.0124330534342,0 76.2982821289838,10.0123251439934,0 76.2982738357371,10.012186304152,0 76.2982757419621,10.0120877974139,0 76.2982877165049,10.011960692158,0 76.2982921550807,10.0119327182202,0 76.2983088242191,10.0118809387398,0 76.2983172953322,10.0118494191757,0 76.2983300954267,10.0118212143384,0 76.2983385207257,10.0118092885649,0 76.2983789287438,10.011779281721,0 76.2984766977861,10.0117205976328,0 76.2984862899967,10.0117122015531,0 76.2985145195545,10.011681555993,0 76.2985199606502,10.0116738260433,0 76.2985310674204,10.011647485119,0 76.2985367330948,10.0116288741436,0 76.2985560702297,10.0115395550704,0 76.298593962965,10.0112929501893,0 76.2986491527611,10.0109273268187,0 76.2987004537504,10.0107171632795,0 76.2987126914994,10.0106830427645,0 76.2987229996673,10.0106606914809,0 76.2987474095886,10.0106172521736,0 76.2987554575952,10.0106052184299,0 76.2987853786807,10.010574465724,0 76.298796314771,10.0105651071274,0 76.2988402657445,10.0105397869867,0 76.2988670705743,10.0105268287922,0 76.2989074085238,10.0104958106871,0 76.2989174193494,10.0104824535185,0 76.298934026504,10.010446791937,0 76.2989716443549,10.0103196011131,0 76.2989853535444,10.0102529435014,0 76.2989868231882,10.0102279541917,0 76.2989854415793,10.0101747094753,0 76.2989732676106,10.0100540781539,0 76.2989667620113,10.0100259598554,0 76.2989541658344,10.0099857379011,0 76.2989438423951,10.009965222199,0 76.2989149921014,10.009925830915,0 76.2988964643487,10.0099069562179,0 76.2988886166664,10.0099013095552,0 76.2988721559371,10.0098857752608,0 76.2988635410935,10.009875887629,0 76.2988493656784,10.0098554426913,0 76.2988381376356,10.0098279533553,0 76.2988329301019,10.0098115485706,0 76.2988292173648,10.0097875765644,0 76.2988258334112,10.0097313938817,0 76.2988308352307,10.0096229014485,0 76.2988465314936,10.0095250087586,0 76.2988755677386,10.0093701211925,0 76.2988810187157,10.009329582455,0 76.2989429665377,10.0088949184068,0 76.2989626638969,10.0087567069647,0 76.298974972613,10.0085700328715,0 76.2990552487617,10.0085716146159,0 76.2992228294779,10.0085832176131,0 76.299310027146,10.0085932273652,0 76.2993933360071,10.0086076090297,0 76.2994787756721,10.0086275497988,0 76.2995201305145,10.0086398799716,0 76.2995368607383,10.0086434999362,0 76.2996237969966,10.0086574321992,0 76.2998547978736,10.0086664794561,0 76.3000846929245,10.0086677807678,0 76.300204732101,10.0086735884572,0 76.3002486579217,10.0086770297232,0 76.3002639885704,10.0086763680094,0 76.3002702776757,10.0086749976955,0 76.3002784712094,10.0086719138257,0 76.3003148951992,10.0086519323657,0 76.3003453310193,10.0086309512563,0 76.3003658602185,10.0086115748906,0 76.3003714450446,10.0086048471699,0 76.300385182082,10.008584138528,0 76.3003896215561,10.0085736643372,0 76.3003960921211,10.0085561828767,0 76.3005130617542,10.0081530209108,0 76.300601546708,10.0077400574428,0 76.3006109628488,10.0076738071237,0 76.3006291851744,10.0075455845992,0 76.3006212368808,10.0074027211051,0 76.3006075986581,10.007161870373,0 76.3006259494427,10.0068486197794,0 76.3006585618808,10.0064434634608,0 76.3006617913242,10.006351243961,0 76.3006744988923,10.0062425831993,0 76.3007051835457,10.0060807504393,0 76.3007382810741,10.0059476678943,0 76.3007517441252,10.0059072463882,0 76.3007622014134,10.005858926705,0 76.3007736109159,10.0057810658279,0 76.3007745631301,10.0057515246386,0 76.3007885552889,10.0056558273735,0 76.3009150686237,10.0052726222439,0 76.3009562339215,10.0051790612766,0 76.3009816894818,10.0051330831638,0 76.3010566431124,10.0050237293103,0 76.3011364548322,10.0048771854283,0 76.3011764864562,10.0047983405798,0 76.3012030289779,10.0047648723181,0 76.3012364957138,10.0047398781628,0 76.3013150803348,10.0046993406165,0 76.3013483449498,10.0046734945333,0 76.301354656513,10.0046658953456,0 76.3013679399011,10.0046385807321,0 76.3013995794637,10.004549127922,0 76.301472560394,10.0043782469421,0 76.3015518861252,10.0042220087047,0 76.3015753851547,10.0041545731128,0 76.3015914883545,10.0040877603052,0 76.3016061299953,10.0039744667219,0 76.3016169169652,10.0039151283459,0 76.3016249029881,10.0038823049084,0 76.3016506666705,10.0038029263698,0 76.3017144632253,10.0036358640658,0 76.3017416318728,10.0035362604113,0 76.3018024954282,10.0032565481679,0 76.3018947416281,10.0029136099299,0 76.3019268743658,10.0028377096382,0 76.3021044254834,10.0024994074666,0 76.3021139898462,10.0024782702594,0 76.3021595281429,10.0023531605767,0 76.3022289616262,10.0021102395293,0 76.3023122650974,10.0017234915642,0 76.3023246052545,10.0016383064523,0 76.3023264620722,10.0016091674081,0 76.3023242755728,10.0015003803223,0 76.3023092377749,10.0013196788501,0 76.3022826305745,10.0011635691874,0 76.3022749544704,10.0010747196466,0 76.3022776548062,10.0009485204005,0 76.3022799338321,10.0009246220519,0 76.3022977950349,10.0008224865378,0 76.3023340770909,10.0006957705487,0 76.3024221254634,10.0005093527991,0 76.3025589343896,10.0002191626048,0 76.3025970535004,10.000113809333,0 76.3027056005294,9.9996594959589,0 76.3027353733929,9.99949156808705,0 76.3027555226047,9.99932594115427,0 76.3027607903255,9.99926678240193,0 76.3027607903255,9.99909443893757,0 76.3027657014152,9.99902668468457,0 76.3027861955801,9.9988824975148,0 76.3028410664743,9.99866634668689,0 76.3029088129214,9.99848439005851,0 76.3029563041555,9.99839536462006,0 76.3030103989053,9.99831429678594,0 76.3031272301979,9.99811642380917,0 76.3032901100303,9.9977497806155,0 76.3033246529479,9.99762445059764,0 76.3033404480256,9.99751429358625,0 76.303347808821,9.99734214293642,0 76.3033879464462,9.99697650386136,0 76.3034632055041,9.99663309896331,0 76.3035260354717,9.99643150312454,0 76.3035655577509,9.99633515199141,0 76.303638053591,9.9961923605345,0 76.3036975445207,9.99604611257554,0 76.3037843092007,9.99576840918439,0 76.3038074803451,9.99570810235516,0 76.3038414914601,9.99556716845067,0 76.3038469118945,9.99552685535346,0 76.3038512435708,9.99543791314959,0 76.3038470250823,9.99524959385914,0 76.3038641855991,9.99497750220722,0 76.303878676323,9.9948806516826,0 76.3039140906064,9.99471402801741,0 76.3039473695944,9.99460477947341,0 76.3040227068058,9.99439568645692,0 76.3040900373329,9.994101049691,0 76.304161969031,9.99366132521739,0 76.304174243611,9.99347573415301,0 76.304174243611,9.9929995323098,0 76.3041507257169,9.99222361938466,0 76.3038802645444,9.99221975860175,0 76.303266614594,9.99228385520037,0 76.3029871217597,9.99229745906063,0 76.3026424229138,9.99228754700695,0 76.3025027690231,9.99227372728219,0 76.3018896338074,9.99216273065716,0 76.3018742223104,9.99223971983972,0 76.3017077662849,9.99350294531195,0 76.3015217287828,9.99510848812771,0 76.3014451761509,9.99545959400835,0 76.3014274092712,9.99554108277744,0 76.3013898695738,9.99565264179013,0 76.3013347202019,9.99573651649137,0 76.3012887372391,9.99579312358644,0 76.3012450144376,9.99582610619874,0 76.3012159539382,9.99584103692955,0 76.3010896058935,9.99588832037407,0 76.3009821125883,9.99590918199005,0 76.3007106623706,9.99599424120994,0 76.3005108195593,9.99607858824133,0 76.3003025694152,9.99622838993773,0 76.3001369164835,9.99639523488083,0 76.3000289542577,9.9965258610511,0 76.2998833427401,9.9967502699903,0 76.2998161128242,9.99691774013165,0 76.2997667584842,9.99704229102253,0 76.2997174032458,9.99729139177649,0 76.2997174032458,9.99741594252419,0 76.2997605888548,9.99762251404555,0 76.2998531288038,9.99790199227719,0 76.2999394991234,9.99803565669438,0 76.3001060701333,9.99831513457075,0 76.3001924404529,9.99853993241482,0 76.3002356260619,9.99876473010343,0 76.3001683898578,9.99919839918446,0 76.3000627964894,9.99950078899439,0 76.2996907205869,10.00066273712,0 76.2995046821866,10.0005566682971,0 76.2993602088344,10.0004639525973,0 76.2993322793139,10.000446028367,0 76.2991557882083,10.0006482144418,0 76.2991418131174,10.0006839982986,0 76.2990733327467,10.0012496656282,0 76.2989838892905,10.0019378241461,0 76.2989070231465,10.0024305436738,0 76.2988385436741,10.0027429669478,0 76.2987009846547,10.0031335026952,0 76.2983544532456,10.0037635263763,0 76.2979695961133,10.0042342045771,0 76.297619143558,10.0051679208317,0 76.2975690543961,10.005301374366,0 76.2975389437661,10.0053736027711,0 76.2974986022233,10.0054703670108,0 76.2974562188099,10.0055720304283,0 76.2972781269065,10.0062707787901,0 76.2970576318267,10.007303588354,0 76.2970238228327,10.0076168270082,0 76.2970165860048,10.0076382062743,0 76.2969044160702,10.0077718312995,0 76.2968754687585,10.0078217174071,0 76.2968356671032,10.0079838483097,0 76.2968320486892,10.0080943113969,0 76.2968284302753,10.0085468525305,0 76.2967991209425,10.0097196785762,0 76.2967875425568,10.0098394059186,0 76.2967412272174,10.010052633536,0 76.2966671224946,10.0103684836479,0 76.2965899634999,10.0106565416402,0 76.2966606348617,10.0113611955107,0 76.2966297166462,10.0114307907734,0 76.2965413772195,10.0116308769599,0 76.2964883730245,10.0118614112953,0 76.2964442037603,10.0120527986004,0 76.2963381962685,10.0131402211104,0 76.2962896099881,10.0131837184658,0 76.2961455669289,10.0133866750851,0 76.2960106480581,10.0136408313521,0 76.2959774193757,10.0143412537557,0 76.2959583373624,10.014474353206,0 76.2958797248936,10.0146914878331,0 76.2959046899737,10.014707032513,0 76.295926803801,10.0147170986924,0 76.2960432910388,10.0147548015253,0 76.2961335187243,10.0147744676821,0 76.2963311795278,10.0148003518848,0 76.296616453021,10.014853430417,0 76.2966986515645,10.0148640981385,0 76.2967674355658,10.0148777470537,0 76.2968586100755,10.0149018708398,0 76.2969779746172,10.0149453458434,0 76.2972290672139,10.0150204321015,0 76.2974052268411,10.0150631542717,0 76.2975981409467,10.015104746768,0 76.2976828709426,10.015115531252,0 76.2977149102555,10.0144079105277,0</coordinates></LinearRing></outerBoundaryIs></Polygon></Placemark><Placemark><Style><LineStyle><color>ff0000ff</color></LineStyle><PolyStyle><fill>0</fill></PolyStyle></Style><ExtendedData><SchemaData schemaUrl="#wards"><SimpleData name="ward_id">45</SimpleData><SimpleData name="ward_name">Thammanam</SimpleData><SimpleData name="Ward_Name">45 - Thammanam</SimpleData><SimpleData name="Corporation">Kochi Corporation</SimpleData><SimpleData name="ac">Thrikkakara</SimpleData><SimpleData name="AC_NAME">Thrikkakara</SimpleData><SimpleData name="mla_name">Uma Thomas</SimpleData></SchemaData></ExtendedData><Polygon><outerBoundaryIs><LinearRing><coordinates>76.3161150411347,9.9862929029586,0 76.3165377056624,9.98383306654195,0 76.3161853334073,9.98370703843173,0 76.3151391814786,9.98323292613789,0 76.315218199986,9.98299945901712,0 76.314599220331,9.98277896253143,0 76.3144016745118,9.98273356604749,0 76.312881231876,9.98228054573667,0 76.312912869642,9.98211364843344,0 76.3132636734385,9.98106829403794,0 76.3135457525226,9.98022934279246,0 76.3136184441954,9.98003925321691,0 76.3138164679183,9.97962204452677,0 76.3140370501346,9.9790739942669,0 76.314114755305,9.97875553212201,0 76.3141272885999,9.97854322355749,0 76.3141523542912,9.97820501113043,0 76.3141999802727,9.97793098448101,0 76.3142902187379,9.97764214547416,0 76.3144932550601,9.97713112226057,0 76.3147890361472,9.97633372736344,0 76.3149589012792,9.97585895140012,0 76.3148320214318,9.97592166218954,0 76.3145183396161,9.97609710830115,0 76.3141648480602,9.97628971812595,0 76.3138971734617,9.97643373659278,0 76.3136508751738,9.97657386483128,0 76.3134204546085,9.97672642702128,0 76.3132356361202,9.9768490949717,0 76.3129330889224,9.97703998355141,0 76.3126188249984,9.97727755655204,0 76.3123438695545,9.97750258480659,0 76.3120669782412,9.97773142785459,0 76.3118113859833,9.97796217644548,0 76.3115131947163,9.97820627452076,0 76.311159214477,9.97846205345635,0 76.3107991822875,9.97870936890458,0 76.3103181317579,9.97898946145838,0 76.3099217941562,9.97916824398298,0 76.3095152463031,9.97933529319914,0 76.3088723319357,9.97952618032157,0 76.3084657840825,9.97961464027755,0 76.3072934116698,9.97979155923264,0 76.3061304949238,9.97998244608761,0 76.3049770320478,9.98015005403027,0 76.3040741164912,9.9803176618867,0 76.3034669191395,9.98041787072429,0 76.3033878161905,9.98060383993492,0 76.3029570740118,9.98209213035778,0 76.3026183750137,9.98331985718692,0 76.3024856597102,9.98382088759857,0 76.3036786430687,9.9840421557314,0 76.3045238113257,9.98427692616769,0 76.3047380801822,9.98434998998689,0 76.3050627969029,9.98448247800115,0 76.3060059812389,9.98492883250495,0 76.3067409307021,9.98530280403256,0 76.3071706344283,9.98548966931501,0 76.307371076416,9.98555047259024,0 76.3075774014705,9.98560589064251,0 76.307844922457,9.98566156259622,0 76.3083927034392,9.98575356678902,0 76.3085166278292,9.98577902156678,0 76.3090557436622,9.98592851216702,0 76.3091523502845,9.9859487400876,0 76.3094953845521,9.98599632311618,0 76.3095346975239,9.98599700522449,0 76.3096118439422,9.98599236405702,0 76.3097100962781,9.98597854141069,0 76.3097870136259,9.98597947477554,0 76.3098188490213,9.98598423095496,0 76.3098774640936,9.9860003228718,0 76.3104952948033,9.98626185953812,0 76.3106863377181,9.98635369812136,0 76.310738637634,9.98638493616816,0 76.3107634050846,9.98640521714263,0 76.3108030917556,9.98644637891761,0 76.3108215009307,9.98649022930469,0 76.3108296459554,9.9865197165081,0 76.3108405065872,9.98658621797163,0 76.3108430892436,9.98667268630938,0 76.310848130589,9.9867131597508,0 76.3108527299633,9.98673884359183,0 76.3108568038231,9.98674695278802,0 76.3108576123068,9.9867478773036,0 76.3108686822461,9.98676054095517,0 76.3108784828658,9.98676742306655,0 76.3109040309525,9.98678053437749,0 76.3111631464029,9.986883028184,0 76.311320551902,9.98693184966075,0 76.311528491229,9.98696990782992,0 76.3117981142733,9.98700063092027,0 76.3121194048195,9.9870409592296,0 76.3123084202367,9.98708664617997,0 76.3124525791786,9.98713339388265,0 76.3125204810343,9.98717273219316,0 76.3126431711392,9.9872573256904,0 76.3128838783128,9.9874561501368,0 76.3130172430982,9.98755668765501,0 76.3131693359606,9.98764849756232,0 76.3132092157694,9.98766846792785,0 76.3134050682643,9.98774153010083,0 76.3135520326447,9.98781928205743,0 76.3137232551312,9.98792982631318,0 76.3138999384762,9.98807212508123,0 76.3139301263613,9.98810236767528,0 76.3140211490558,9.98818786332478,0 76.3141113363171,9.98826182777493,0 76.3143135937999,9.98839390015709,0 76.3143771397248,9.98844503401112,0 76.3144098581641,9.98847603829654,0 76.3144844740282,9.9885614878435,0 76.3145496279374,9.9886521570906,0 76.3146425667384,9.98876345836524,0 76.3148084649101,9.98893851182736,0 76.3148762176455,9.98899518911227,0 76.3148944148182,9.98900808623653,0 76.3149596594573,9.98904449685577,0 76.3151338023667,9.98913152809245,0 76.3155506017939,9.9893125335976,0 76.3158084308569,9.98791938861417,0 76.3161150411347,9.9862929029586,0</coordinates></LinearRing></outerBoundaryIs></Polygon></Placemark><Placemark><Style><LineStyle><color>ff0000ff</color></LineStyle><PolyStyle><fill>0</fill></PolyStyle></Style><ExtendedData><SchemaData schemaUrl="#wards"><SimpleData name="ward_id">38</SimpleData><SimpleData name="ward_name">Devankulangara</SimpleData><SimpleData name="Ward_Name">38 - Devankulangara</SimpleData><SimpleData name="Corporation">Kochi Corporation</SimpleData><SimpleData name="ac">Thrikkakara</SimpleData><SimpleData name="AC_NAME">Thrikkakara</SimpleData><SimpleData name="mla_name">Uma Thomas</SimpleData></SchemaData></ExtendedData><Polygon><outerBoundaryIs><LinearRing><coordinates>76.3112566691089,10.0157981562444,0 76.3115376351803,10.0141995335397,0 76.3117873829989,10.0125745514941,0 76.3119067232861,10.0118261187584,0 76.3112753163375,10.0116924520549,0 76.3111299195172,10.0116616720283,0 76.3104647799314,10.0114930550382,0 76.3102490378378,10.0114584692859,0 76.3101961576103,10.0115561101559,0 76.3101733835212,10.0115913124894,0 76.310163820955,10.0116021174367,0 76.3101327742805,10.0116321667595,0 76.3100884855403,10.0116635147252,0 76.3098125365598,10.0114930550382,0 76.3095365884775,10.0113300067504,0 76.3091758762634,10.0111610189249,0 76.3090807383866,10.0111238252257,0 76.3089937329581,10.0111044658169,0 76.3089226807107,10.0110961502232,0 76.3088743109242,10.0111002567111,0 76.3087750767297,10.0111028292373,0 76.308697738072,10.011098015924,0 76.3086807895575,10.0110958317537,0 76.3086054101254,10.0110754585484,0 76.3084443969922,10.0110142593075,0 76.3083343677429,10.0109578052533,0 76.3081640570465,10.0108537045745,0 76.3080542954952,10.010778838512,0 76.3078432659636,10.0106185225151,0 76.3075769621943,10.0104083074669,0 76.3074940449986,10.0103509306282,0 76.3073950794004,10.0103013067626,0 76.3073270589671,10.0102772914452,0 76.307315200307,10.0102743624026,0 76.307245656331,10.010260167471,0 76.3071533939614,10.0102528983848,0 76.3066566857964,10.0101936080421,0 76.3061649947223,10.0101293769727,0 76.3058718465973,10.0100838869978,0 76.3055990147708,10.0100284156175,0 76.3055081852141,10.0100064756467,0 76.3051041499487,10.0098840351721,0 76.3049608057789,10.0098489140405,0 76.3048149831571,10.0098309903282,0 76.3047999291896,10.00982705456,0 76.3045720840942,10.0097609462093,0 76.3042961970973,10.0096663240808,0 76.3035466167731,10.0093553671273,0 76.3033953827001,10.0092926291687,0 76.302920345493,10.0091188251706,0 76.3027724190169,10.0090786057579,0 76.3026832459536,10.0090626972202,0 76.3024873494413,10.0090399123498,0 76.3023533495469,10.0090265949303,0 76.3022034072513,10.0090029395684,0 76.3021249717506,10.0089863905452,0 76.3019855388455,10.0089450856585,0 76.3019452862359,10.0089355775101,0 76.301761112738,10.0088971317852,0 76.3017125057963,10.0088889771402,0 76.301627264659,10.0088693566282,0 76.3015312895524,10.0088393203193,0 76.3014414355661,10.008808065853,0 76.3014186749517,10.0087978084072,0 76.301188689171,10.0087044324615,0 76.3010706325763,10.0086710265275,0 76.30094361888,10.0086491873144,0 76.3007207944687,10.0086177514777,0 76.300385182082,10.008584138528,0 76.3003714450446,10.0086048471699,0 76.3003658602185,10.0086115748906,0 76.3003453310193,10.0086309512563,0 76.3003148951992,10.0086519323657,0 76.3002784712094,10.0086719138257,0 76.3002702776757,10.0086749976955,0 76.3002639885704,10.0086763680094,0 76.3002486579217,10.0086770297232,0 76.300204732101,10.0086735884572,0 76.3000846929245,10.0086677807678,0 76.2998547978736,10.0086664794561,0 76.2996237969966,10.0086574321992,0 76.2995368607383,10.0086434999362,0 76.2995201305145,10.0086398799716,0 76.2994787756721,10.0086275497988,0 76.2993933360071,10.0086076090297,0 76.299310027146,10.0085932273652,0 76.2992228294779,10.0085832176131,0 76.2990552487617,10.0085716146159,0 76.298974972613,10.0085700328715,0 76.2989626638969,10.0087567069647,0 76.2989429665377,10.0088949184068,0 76.2988810187157,10.009329582455,0 76.2988755677386,10.0093701211925,0 76.2988465314936,10.0095250087586,0 76.2988308352307,10.0096229014485,0 76.2988258334112,10.0097313938817,0 76.2988292173648,10.0097875765644,0 76.2988329301019,10.0098115485706,0 76.2988381376356,10.0098279533553,0 76.2988493656784,10.0098554426913,0 76.2988635410935,10.009875887629,0 76.2988721559371,10.0098857752608,0 76.2988886166664,10.0099013095552,0 76.2988964643487,10.0099069562179,0 76.2989149921014,10.009925830915,0 76.2989438423951,10.009965222199,0 76.2989541658344,10.0099857379011,0 76.2989667620113,10.0100259598554,0 76.2989732676106,10.0100540781539,0 76.2989854415793,10.0101747094753,0 76.2989868231882,10.0102279541917,0 76.2989853535444,10.0102529435014,0 76.2989716443549,10.0103196011131,0 76.298934026504,10.010446791937,0 76.2989174193494,10.0104824535185,0 76.2989074085238,10.0104958106871,0 76.2988670705743,10.0105268287922,0 76.2988402657445,10.0105397869867,0 76.298796314771,10.0105651071274,0 76.2987853786807,10.010574465724,0 76.2987554575952,10.0106052184299,0 76.2987474095886,10.0106172521736,0 76.2987229996673,10.0106606914809,0 76.2987126914994,10.0106830427645,0 76.2987004537504,10.0107171632795,0 76.2986491527611,10.0109273268187,0 76.298593962965,10.0112929501893,0 76.2985560702297,10.0115395550704,0 76.2985367330948,10.0116288741436,0 76.2985310674204,10.011647485119,0 76.2985199606502,10.0116738260433,0 76.2985145195545,10.011681555993,0 76.2984862899967,10.0117122015531,0 76.2984766977861,10.0117205976328,0 76.2983789287438,10.011779281721,0 76.2983385207257,10.0118092885649,0 76.2983300954267,10.0118212143384,0 76.2983172953322,10.0118494191757,0 76.2983088242191,10.0118809387398,0 76.2982921550807,10.0119327182202,0 76.2982877165049,10.011960692158,0 76.2982757419621,10.0120877974139,0 76.2982738357371,10.012186304152,0 76.2982821289838,10.0123251439934,0 76.2982966286908,10.0124330534342,0 76.298316440136,10.012528090534,0 76.2983655411512,10.0126809339749,0 76.2983809490549,10.0127676430664,0 76.2983809490549,10.0128067411921,0 76.2983749069863,10.0128305395872,0 76.2983628237474,10.0128543379807,0 76.2982957788845,10.012915328986,0 76.2982670076426,10.012952189858,0 76.2982422078526,10.0130067522212,0 76.297963554943,10.0137148395475,0 76.297944590609,10.0137687913874,0 76.2979108759381,10.0138808448399,0 76.2978855901595,10.0141983295594,0 76.2978708398225,10.0142315305752,0 76.2978455540439,10.0142771818558,0 76.2978202682653,10.0142854823292,0 76.2977296596942,10.0142854823292,0 76.2977149102555,10.0144079105277,0 76.2976828709426,10.015115531252,0 76.2977765643284,10.0151230939253,0 76.2978176272184,10.0151228356143,0 76.2978780946167,10.0151204771997,0 76.2979188943003,10.0151220164501,0 76.2979517924027,10.0151261140407,0 76.2979915329725,10.015135393774,0 76.2980313678655,10.0151469178048,0 76.2980391885983,10.0151498556497,0 76.2980464865117,10.0151529898817,0 76.2980480774281,10.0151536728134,0 76.298055080694,10.0151566805437,0 76.2980616114462,10.0151594848098,0 76.2980645660051,10.0151607533643,0 76.2980821235773,10.0151687132339,0 76.2981335269745,10.0151990886536,0 76.2983294073172,10.0153233662606,0 76.2983802528606,10.0153555551491,0 76.2984190430129,10.0153770604069,0 76.2984945787519,10.0154104921894,0 76.29851715072,10.0154183565133,0 76.2985735873777,10.0154338985044,0 76.298702760624,10.0154631822711,0 76.2990702793731,10.0155347086762,0 76.2993311501316,10.0156055061343,0 76.2996289946488,10.0156985545524,0 76.2999679209207,10.0158017177439,0 76.3002883607623,10.0159028568817,0 76.3006813404615,10.0160005627613,0 76.3007379639688,10.0160191841014,0 76.3009760067393,10.0161095617211,0 76.3011256714555,10.0161500005338,0 76.3013277349023,10.0161860480691,0 76.3015307056474,10.0162142410269,0 76.3016594908215,10.0162253660541,0 76.3016734497427,10.0162288700483,0 76.3016770870213,10.0162303332158,0 76.3016857404924,10.0162357541894,0 76.3016933447313,10.0162430072184,0 76.301697008061,10.0162476700693,0 76.3017033456753,10.0162581696665,0 76.3017770416646,10.0159130530638,0 76.3019026171582,10.0154140651933,0 76.3019706420831,10.0151693528189,0 76.3021594437013,10.0146579206284,0 76.302195627841,10.0145766330433,0 76.3022903596792,10.0143531723591,0 76.3023212033345,10.0147588725817,0 76.3023652243767,10.0151490276392,0 76.302395255955,10.0154812392509,0 76.3024093262673,10.0158674931297,0 76.3024143990537,10.015965721833,0 76.3024245113888,10.0160377160934,0 76.302455591301,10.0161907498443,0 76.3025384492079,10.0164337213947,0 76.3025733262988,10.0165110330194,0 76.3028235062071,10.0169088556406,0 76.303048221572,10.0172407894484,0 76.3032729360387,10.017548857638,0 76.3035174781203,10.0178200448741,0 76.303821503945,10.0181302824826,0 76.3041145137294,10.0183906220499,0 76.3042995729662,10.0185598423028,0 76.3045397097096,10.0188049944277,0 76.3047423929939,10.0190306211236,0 76.304991341312,10.0193495356486,0 76.305207244204,10.0196836369173,0 76.3054451773801,10.0200719734788,0 76.305852747516,10.0207293253096,0 76.3060157764687,10.0210200350111,0 76.3067183434625,10.0223035360602,0 76.3078811595972,10.0244278422025,0 76.3079388610829,10.0245285390032,0 76.3082514559371,10.0242358058251,0 76.3084916061553,10.0239360804837,0 76.3089242042534,10.0234398180385,0 76.3094370793986,10.022767886323,0 76.3098195730634,10.0221339099569,0 76.3099730771792,10.0218259098147,0 76.3103255545371,10.021020998352,0 76.3104767131516,10.0205477817767,0 76.3105787824291,10.0201328454735,0 76.3108196108753,10.0188328837344,0 76.3110470598137,10.0174011640969,0 76.3112566691089,10.0157981562444,0</coordinates></LinearRing></outerBoundaryIs></Polygon></Placemark><Placemark><Style><LineStyle><color>ff0000ff</color></LineStyle><PolyStyle><fill>0</fill></PolyStyle></Style><ExtendedData><SchemaData schemaUrl="#wards"><SimpleData name="ward_id">40</SimpleData><SimpleData name="ward_name">Mamangalam</SimpleData><SimpleData name="Ward_Name">40 - Mamangalam</SimpleData><SimpleData name="Corporation">Kochi Corporation</SimpleData><SimpleData name="ac">Thrikkakara</SimpleData><SimpleData name="AC_NAME">Thrikkakara</SimpleData><SimpleData name="mla_name">Uma Thomas</SimpleData></SchemaData></ExtendedData><Polygon><outerBoundaryIs><LinearRing><coordinates>76.3130452552637,10.0050235426482,0 76.3123743143578,10.0049120806262,0 76.3117981142733,10.0048232975751,0 76.3110455263895,10.0046418725341,0 76.3103791731798,10.0044565858696,0 76.3093796420176,10.0040628527941,0 76.3086584125238,10.0037694827759,0 76.3078862260954,10.0034606725496,0 76.3073453037505,10.0031518611449,0 76.3065809569196,10.0027118047842,0 76.3061949903679,10.0024480643891,0 76.3060047568352,10.0023180695938,0 76.3054716740877,10.0021559438247,0 76.3044839027709,10.0019706557421,0 76.3031982312414,10.0017043049889,0 76.3023242755728,10.0015003803223,0 76.3023264620722,10.0016091674081,0 76.3023246052545,10.0016383064523,0 76.3023122650974,10.0017234915642,0 76.3022289616262,10.0021102395293,0 76.3021595281429,10.0023531605767,0 76.3021139898462,10.0024782702594,0 76.3021044254834,10.0024994074666,0 76.3019268743658,10.0028377096382,0 76.3018947416281,10.0029136099299,0 76.3018024954282,10.0032565481679,0 76.3017416318728,10.0035362604113,0 76.3017144632253,10.0036358640658,0 76.3016506666705,10.0038029263698,0 76.3016249029881,10.0038823049084,0 76.3016169169652,10.0039151283459,0 76.3016061299953,10.0039744667219,0 76.3015914883545,10.0040877603052,0 76.3015753851547,10.0041545731128,0 76.3015518861252,10.0042220087047,0 76.301472560394,10.0043782469421,0 76.3013995794637,10.004549127922,0 76.3013679399011,10.0046385807321,0 76.301354656513,10.0046658953456,0 76.3013483449498,10.0046734945333,0 76.3013150803348,10.0046993406165,0 76.3012364957138,10.0047398781628,0 76.3012030289779,10.0047648723181,0 76.3011764864562,10.0047983405798,0 76.3011364548322,10.0048771854283,0 76.3010566431124,10.0050237293103,0 76.3009816894818,10.0051330831638,0 76.3009562339215,10.0051790612766,0 76.3009150686237,10.0052726222439,0 76.3007885552889,10.0056558273735,0 76.3007745631301,10.0057515246386,0 76.3007736109159,10.0057810658279,0 76.3007622014134,10.005858926705,0 76.3007517441252,10.0059072463882,0 76.3007382810741,10.0059476678943,0 76.3007051835457,10.0060807504393,0 76.3006744988923,10.0062425831993,0 76.3006617913242,10.006351243961,0 76.3006585618808,10.0064434634608,0 76.3006259494427,10.0068486197794,0 76.3006075986581,10.007161870373,0 76.3006212368808,10.0074027211051,0 76.3006291851744,10.0075455845992,0 76.3006109628488,10.0076738071237,0 76.300601546708,10.0077400574428,0 76.3005130617542,10.0081530209108,0 76.3003960921211,10.0085561828767,0 76.3003896215561,10.0085736643372,0 76.300385182082,10.008584138528,0 76.3007207944687,10.0086177514777,0 76.30094361888,10.0086491873144,0 76.3010706325763,10.0086710265275,0 76.301188689171,10.0087044324615,0 76.3014186749517,10.0087978084072,0 76.3014414355661,10.008808065853,0 76.3015312895524,10.0088393203193,0 76.301627264659,10.0088693566282,0 76.3017125057963,10.0088889771402,0 76.301761112738,10.0088971317852,0 76.3019452862359,10.0089355775101,0 76.3019855388455,10.0089450856585,0 76.3021249717506,10.0089863905452,0 76.3022034072513,10.0090029395684,0 76.3023533495469,10.0090265949303,0 76.3024873494413,10.0090399123498,0 76.3026832459536,10.0090626972202,0 76.3027724190169,10.0090786057579,0 76.302920345493,10.0091188251706,0 76.3033953827001,10.0092926291687,0 76.3035466167731,10.0093553671273,0 76.3042961970973,10.0096663240808,0 76.3045720840942,10.0097609462093,0 76.3047999291896,10.00982705456,0 76.3048149831571,10.0098309903282,0 76.3049608057789,10.0098489140405,0 76.3051041499487,10.0098840351721,0 76.3055081852141,10.0100064756467,0 76.3055990147708,10.0100284156175,0 76.3058718465973,10.0100838869978,0 76.3061649947223,10.0101293769727,0 76.3066566857964,10.0101936080421,0 76.3071533939614,10.0102528983848,0 76.307245656331,10.010260167471,0 76.307315200307,10.0102743624026,0 76.3073270589671,10.0102772914452,0 76.3073950794004,10.0103013067626,0 76.3074940449986,10.0103509306282,0 76.3075769621943,10.0104083074669,0 76.3078432659636,10.0106185225151,0 76.3080542954952,10.010778838512,0 76.3081640570465,10.0108537045745,0 76.3083343677429,10.0109578052533,0 76.3084443969922,10.0110142593075,0 76.3086054101254,10.0110754585484,0 76.3086807895575,10.0110958317537,0 76.308697738072,10.011098015924,0 76.3087750767297,10.0111028292373,0 76.3088743109242,10.0111002567111,0 76.3089226807107,10.0110961502232,0 76.3089937329581,10.0111044658169,0 76.3090807383866,10.0111238252257,0 76.3091758762634,10.0111610189249,0 76.3095365884775,10.0113300067504,0 76.3098125365598,10.0114930550382,0 76.3100884855403,10.0116635147252,0 76.3101327742805,10.0116321667595,0 76.310163820955,10.0116021174367,0 76.3101733835212,10.0115913124894,0 76.3101961576103,10.0115561101559,0 76.3102490378378,10.0114584692859,0 76.3104647799314,10.0114930550382,0 76.3111299195172,10.0116616720283,0 76.3112753163375,10.0116924520549,0 76.3119067232861,10.0118261187584,0 76.3119144874251,10.0117774292937,0 76.3120415900547,10.010980304251,0 76.3123626946496,10.0090303051242,0 76.312643660721,10.0073350260872,0 76.312969224553,10.0055211558179,0 76.3130452552637,10.0050235426482,0</coordinates></LinearRing></outerBoundaryIs></Polygon></Placemark><Placemark><Style><LineStyle><color>ff0000ff</color></LineStyle><PolyStyle><fill>0</fill></PolyStyle></Style><ExtendedData><SchemaData schemaUrl="#wards"><SimpleData name="ward_id">44</SimpleData><SimpleData name="ward_name">Karanakodam</SimpleData><SimpleData name="Ward_Name">44 - Karanakodam</SimpleData><SimpleData name="Corporation">Kochi Corporation</SimpleData><SimpleData name="ac">Thrikkakara</SimpleData><SimpleData name="AC_NAME">Thrikkakara</SimpleData><SimpleData name="mla_name">Uma Thomas</SimpleData></SchemaData></ExtendedData><Polygon><outerBoundaryIs><LinearRing><coordinates>76.3107190696321,9.98727640783864,0 76.310817205187,9.98699674618838,0 76.3108469268465,9.98687416699317,0 76.3108576123068,9.9867478773036,0 76.3108568038231,9.98674695278802,0 76.3108527299633,9.98673884359183,0 76.310848130589,9.9867131597508,0 76.3108430892436,9.98667268630938,0 76.3108405065872,9.98658621797163,0 76.3108296459554,9.9865197165081,0 76.3108215009307,9.98649022930469,0 76.3108030917556,9.98644637891761,0 76.3107634050846,9.98640521714263,0 76.310738637634,9.98638493616816,0 76.3106863377181,9.98635369812136,0 76.3104952948033,9.98626185953812,0 76.3098774640936,9.9860003228718,0 76.3098188490213,9.98598423095496,0 76.3097870136259,9.98597947477554,0 76.3097100962781,9.98597854141069,0 76.3096118439422,9.98599236405702,0 76.3095346975239,9.98599700522449,0 76.3094953845521,9.98599632311618,0 76.3091523502845,9.9859487400876,0 76.3090557436622,9.98592851216702,0 76.3085166278292,9.98577902156678,0 76.3083927034392,9.98575356678902,0 76.307844922457,9.98566156259622,0 76.3075774014705,9.98560589064251,0 76.307371076416,9.98555047259024,0 76.3071706344283,9.98548966931501,0 76.3067409307021,9.98530280403256,0 76.3060059812389,9.98492883250495,0 76.3050627969029,9.98448247800115,0 76.3047380801822,9.98434998998689,0 76.3045238113257,9.98427692616769,0 76.3036786430687,9.9840421557314,0 76.3024856597102,9.98382088759857,0 76.3024127533401,9.98409613638496,0 76.3022963685102,9.98460964708666,0 76.3021999954499,9.98494725302756,0 76.3019933856295,9.98552300950916,0 76.3018840130486,9.98574029795892,0 76.301513472367,9.98650962822217,0 76.3012273562541,9.98710660419413,0 76.3011446771119,9.9873720211599,0 76.3011228417623,9.98749350756072,0 76.3011097973261,9.98771362750814,0 76.3011236349748,9.98786888723867,0 76.3011144182599,9.98804065628962,0 76.301111247207,9.9880617360453,0 76.3010985971312,9.98819432251941,0 76.3010977338502,9.98829976369995,0 76.3020015108912,9.98819755786721,0 76.3020346165044,9.98872883038207,0 76.3020406774376,9.98882609323875,0 76.3020429447854,9.98890696172735,0 76.3020452112348,9.98898782931117,0 76.302046180517,9.98902241126247,0 76.302084738904,9.99039790895505,0 76.302048021165,9.9909764894605,0 76.3020113025278,9.99155506893669,0 76.3018896338074,9.99216273065716,0 76.3025027690231,9.99227372728219,0 76.3026424229138,9.99228754700695,0 76.3029871217597,9.99229745906063,0 76.303266614594,9.99228385520037,0 76.3038802645444,9.99221975860175,0 76.3041507257169,9.99222361938466,0 76.304174243611,9.9929995323098,0 76.304174243611,9.99347573415301,0 76.304161969031,9.99366132521739,0 76.3040900373329,9.994101049691,0 76.3040227068058,9.99439568645692,0 76.3039473695944,9.99460477947341,0 76.3039140906064,9.99471402801741,0 76.303878676323,9.9948806516826,0 76.3038641855991,9.99497750220722,0 76.3038470250823,9.99524959385914,0 76.3038512435708,9.99543791314959,0 76.3038469118945,9.99552685535346,0 76.3038414914601,9.99556716845067,0 76.3038074803451,9.99570810235516,0 76.3037843092007,9.99576840918439,0 76.3036975445207,9.99604611257554,0 76.303638053591,9.9961923605345,0 76.3035655577509,9.99633515199141,0 76.3035260354717,9.99643150312454,0 76.3034632055041,9.99663309896331,0 76.3033879464462,9.99697650386136,0 76.303347808821,9.99734214293642,0 76.3033404480256,9.99751429358625,0 76.3033246529479,9.99762445059764,0 76.3032901100303,9.9977497806155,0 76.3031272301979,9.99811642380917,0 76.3030103989053,9.99831429678594,0 76.3029563041555,9.99839536462006,0 76.3029088129214,9.99848439005851,0 76.3028410664743,9.99866634668689,0 76.3027861955801,9.9988824975148,0 76.3027657014152,9.99902668468457,0 76.3027607903255,9.99909443893757,0 76.3027607903255,9.99926678240193,0 76.3027555226047,9.99932594115427,0 76.3027353733929,9.99949156808705,0 76.3027056005294,9.9996594959589,0 76.3025970535004,10.000113809333,0 76.3025589343896,10.0002191626048,0 76.3024221254634,10.0005093527991,0 76.3023340770909,10.0006957705487,0 76.3022977950349,10.0008224865378,0 76.3022799338321,10.0009246220519,0 76.3022776548062,10.0009485204005,0 76.3022749544704,10.0010747196466,0 76.3022826305745,10.0011635691874,0 76.3023092377749,10.0013196788501,0 76.3023242755728,10.0015003803223,0 76.3031982312414,10.0017043049889,0 76.3044839027709,10.0019706557421,0 76.3054716740877,10.0021559438247,0 76.3060047568352,10.0023180695938,0 76.3061949903679,10.0024480643891,0 76.306522460425,10.0018098028296,0 76.3067115261479,10.0010286020605,0 76.3068450687997,10.0005856101551,0 76.3069304518708,10.0003731946389,0 76.3072006318706,9.99978191463275,0 76.3073855878011,9.99933666865877,0 76.3074390195942,9.99917476080018,0 76.307512508971,9.99876820951532,0 76.3076124672075,9.99836149582683,0 76.3076887512432,9.99800141099286,0 76.3077887094798,9.99758692448004,0 76.3078571027139,9.99730196541466,0 76.3079097125486,9.99695483195052,0 76.3079202345155,9.99656884044152,0 76.3079228647826,9.99629683305353,0 76.3079491692508,9.99597819490619,0 76.3080175615866,9.99571654839062,0 76.3081175207215,9.99541086316441,0 76.3082516751261,9.99497046810429,0 76.3083463728284,9.99462074180014,0 76.3084384393652,9.99417775443117,0 76.3084568530319,9.9939860531477,0 76.3084437007979,9.99389279237737,0 76.3083878714012,9.99372588068333,0 76.3083712732297,9.99363957877199,0 76.3083766047309,9.99349607749805,0 76.3083853695932,9.99342486914967,0 76.3084131059759,9.9932931119893,0 76.308440424642,9.99321794639462,0 76.3086173128029,9.99292132686234,0 76.3087882936425,9.99260527577327,0 76.3089277094797,9.99232290271006,0 76.3090487116501,9.99197317355824,0 76.3091618230191,9.99166489443883,0 76.3093485872583,9.99134366137579,0 76.309528569217,9.99109993764692,0 76.3095777537754,9.99100797477723,0 76.3096221574999,9.99088771675764,0 76.3096563536679,9.99070637506095,0 76.3097010718027,9.99038255066707,0 76.3097668347697,9.99009240363018,0 76.3098773149732,9.98971676553266,0 76.3099851649096,9.9892323225398,0 76.3101272110139,9.98881005365887,0 76.3103113449859,9.98844736784785,0 76.3103981509885,9.98822975563633,0 76.3105822849604,9.98770904210134,0 76.3107190696321,9.98727640783864,0</coordinates></LinearRing></outerBoundaryIs></Polygon></Placemark><Placemark><Style><LineStyle><color>ff0000ff</color></LineStyle><PolyStyle><fill>0</fill></PolyStyle></Style><ExtendedData><SchemaData schemaUrl="#wards"><SimpleData name="ward_id">27</SimpleData><SimpleData name="ward_name">Fort Kochi Veli</SimpleData><SimpleData name="Ward_Name">27 - Fort Kochi Veli</SimpleData><SimpleData name="Corporation">Kochi Corporation</SimpleData><SimpleData name="ac">Kochi</SimpleData><SimpleData name="AC_NAME">Kochi</SimpleData><SimpleData name="mla_name">Mohammad Shiyas</SimpleData></SchemaData></ExtendedData><Polygon><outerBoundaryIs><LinearRing><coordinates>76.2407838961551,9.94677454683815,0 76.2415215405642,9.94702607855138,0 76.2409464454075,9.94928584797084,0 76.2408669103688,9.94982818998678,0 76.2408669103688,9.9503223235114,0 76.2408098907045,9.95097313246497,0 76.2407433264403,9.95128552016042,0 76.2404715321679,9.95240392777306,0 76.24048146484,9.95689843976839,0 76.2424693485289,9.95690473678283,0 76.2424614505409,9.95646065053465,0 76.2424523982178,9.95625361405156,0 76.2424268743856,9.95567750060932,0 76.2424056049746,9.95508881682575,0 76.2423992233428,9.95455879187908,0 76.2423949698199,9.95386954758114,0 76.2423907153988,9.95291423943011,0 76.242382074504,9.95246801008401,0 76.2423876557369,9.95181119278702,0 76.2423871679517,9.95120921144615,0 76.242402500397,9.95114664366669,0 76.2425237639772,9.95089585570513,0 76.2425686249442,9.95076606064915,0 76.2425840454243,9.95067354755329,0 76.2426078777288,9.95046504659168,0 76.2426200400194,9.95016255375062,0 76.242590879807,9.94921567757183,0 76.24376058063,9.94911211723344,0 76.2448317120119,9.94901718637829,0 76.2448295219192,9.9490452338523,0 76.2448207597519,9.94997512052471,0 76.2447900939631,9.9504411409999,0 76.2452142137616,9.95045272925742,0 76.2453452069946,9.95044035706494,0 76.2457399788327,9.9504262179214,0 76.2457439044705,9.95039324487006,0 76.2460925819548,9.95039086917512,0 76.246150900583,9.95038998614212,0 76.246228957893,9.95037938089811,0 76.2463034264334,9.95036435783408,0 76.2463698200178,9.95034845085146,0 76.2464406988903,9.95034226519572,0 76.2465268311564,9.95034491606464,0 76.2469849270355,9.95034189623297,0 76.2477332479217,9.95030751102782,0 76.2477332479217,9.95008856649806,0 76.2477225687496,9.94975640405164,0 76.2477328373916,9.94925320218247,0 76.2477233862165,9.94915233166607,0 76.2477214422622,9.94914079998999,0 76.2477181005294,9.94912903118551,0 76.2477138955155,9.94911882494808,0 76.2477676021931,9.94828147352733,0 76.2477847150993,9.94798144374228,0 76.2477402215433,9.94761062003166,0 76.2472508660889,9.94759032602613,0 76.2472476249673,9.94749072735368,0 76.2472527597375,9.94685603185486,0 76.2472731164601,9.94640377484645,0 76.2472925039006,9.94604096133934,0 76.2472860189626,9.94600671194289,0 76.2472689842098,9.94591676346183,0 76.2472996913212,9.94554545872249,0 76.2473708774176,9.94502281712922,0 76.2474831129291,9.9443135372171,0 76.2475426074521,9.94382535475431,0 76.2475557956188,9.94372496478941,0 76.2475089251205,9.94371948244065,0 76.2473782166534,9.94369460570694,0 76.2472821517153,9.94368968433406,0 76.2468902203501,9.94369056738513,0 76.2467775123246,9.94367114556943,0 76.2465660929242,9.94364997711623,0 76.2463111420634,9.94361547618004,0 76.2461114232195,9.94358709112315,0 76.2459938894444,9.94358090533935,0 76.2455704065515,9.94359769570284,0 76.2455462373787,9.94347397381539,0 76.2455350228108,9.94336764924405,0 76.2455308168986,9.94332484334146,0 76.2455280132566,9.94328618016907,0 76.2455280132566,9.94322404266538,0 76.2455350228108,9.94312462316579,0 76.2455658637711,9.94294649600743,0 76.2455644623993,9.94289126182746,0 76.2455560505749,9.94284155247326,0 76.2455420323649,9.94277941488501,0 76.2455350228108,9.94271313454195,0 76.2455350228108,9.94266618669482,0 76.2455350228108,9.94260957214258,0 76.2455490410208,9.94252810287863,0 76.2455616587573,9.94246734644118,0 76.2455700696833,9.94241211306507,0 76.2455756769673,9.94232511979305,0 76.2455742755954,9.94224779320722,0 76.2455695091345,9.94208562781584,0 76.245565022948,9.94197692792156,0 76.2454080118094,9.94194864890141,0 76.2454403107354,9.94174715727259,0 76.2454609468341,9.94157836339796,0 76.2456493603801,9.94159603780586,0 76.2456915290962,9.94135212646814,0 76.2457156722178,9.94122133307491,0 76.2457242780782,9.941038178172,0 76.245337355719,9.94101194213847,0 76.245272869258,9.94099813439746,0 76.2452322142032,9.9409857061028,0 76.2451691291141,9.94098294455441,0 76.2451242690454,9.940980183006,0 76.244748885546,9.9409323500818,0 76.2445904703407,9.94159627228487,0 76.2444191184968,9.94159465659186,0 76.2441845450199,9.94156745702692,0 76.2436182021491,9.94142733233586,0 76.2430518592782,9.94128720669996,0 76.2429973108792,9.94142049085452,0 76.2425972048449,9.94242724798258,0 76.2423871311208,9.94294965924875,0 76.242095584692,9.9435845561109,0 76.2417813405308,9.94425290056212,0 76.241560765501,9.94474253348754,0 76.2415040252127,9.94484405128232,0 76.241485611546,9.94489113065443,0 76.2414729821315,9.94499156273231,0 76.241455170336,9.94506884973701,0 76.2414079863257,9.94515251625246,0 76.2413591098894,9.94523412377839,0 76.2413004885289,9.94540704166239,0 76.2411729978272,9.94579514919699,0 76.2408558269549,9.94657077802188,0 76.2408000882881,9.94672867727616,0 76.2407838961551,9.94677454683815,0</coordinates></LinearRing></outerBoundaryIs></Polygon></Placemark><Placemark><Style><LineStyle><color>ff0000ff</color></LineStyle><PolyStyle><fill>0</fill></PolyStyle></Style><ExtendedData><SchemaData schemaUrl="#wards"><SimpleData name="ward_id">1</SimpleData><SimpleData name="ward_name">Fort Kochi</SimpleData><SimpleData name="Ward_Name">1 - Fort Kochi</SimpleData><SimpleData name="Corporation">Kochi Corporation</SimpleData><SimpleData name="ac">Kochi</SimpleData><SimpleData name="AC_NAME">Kochi</SimpleData><SimpleData name="mla_name">Mohammad Shiyas</SimpleData></SchemaData></ExtendedData><Polygon><outerBoundaryIs><LinearRing><coordinates>76.2407838961551,9.94677454683815,0 76.2407344995943,9.9469144807715,0 76.2403366483314,9.94807306040443,0 76.24001287574,9.94900779238955,0 76.2398268858487,9.94958058011642,0 76.2397137708864,9.9499752205075,0 76.2396608664044,9.9501445621617,0 76.2395852291558,9.9503508920221,0 76.2395504409981,9.95043757524599,0 76.2394885767194,9.95059172372492,0 76.2394281003378,9.95078457954551,0 76.2393998465255,9.95091222718169,0 76.2392973505482,9.95123528120323,0 76.23922758379,9.95144976291924,0 76.2391827246197,9.95162418078697,0 76.2391752039241,9.95168195728787,0 76.2391737001443,9.95172936305009,0 76.2391797161618,9.95177676880542,0 76.239187235959,9.95181973020997,0 76.2391887406371,9.95190565388688,0 76.239166032125,9.95202110237269,0 76.2391439838747,9.95214488384379,0 76.2388243992292,9.95300435940413,0 76.2385214873154,9.95379814034115,0 76.2383075041232,9.95446053490628,0 76.2381324269659,9.95500796825768,0 76.2381104406993,9.95505609021687,0 76.2380573942835,9.9551721976417,0 76.238032382491,9.9552378897261,0 76.237999035231,9.95530631845049,0 76.2379768028261,9.9553829588879,0 76.2379740234386,9.95543222747822,0 76.2379684655619,9.95548697113414,0 76.2379566104951,9.95558816971977,0 76.2379101065095,9.95598513337999,0 76.2378710199132,9.95611125007085,0 76.2378437057386,9.95623018932282,0 76.237786950179,9.9564773322921,0 76.2377613805327,9.95664324999265,0 76.2377478438197,9.95673657982339,0 76.2377398119828,9.95682097064312,0 76.237732250863,9.9569004084149,0 76.2377097642348,9.95713666183639,0 76.2376433221415,9.95743582231465,0 76.2375666886612,9.95780541298238,0 76.2375627315824,9.95782449597063,0 76.2375612736167,9.95783620429647,0 76.2375266040366,9.9581146328152,0 76.2374210025834,9.95869764147046,0 76.2373446350044,9.95910459846627,0 76.2373375212457,9.95915364795442,0 76.2373321852529,9.95922722173038,0 76.2373304065886,9.9593113057727,0 76.2373304065886,9.95939714253889,0 76.2373232928299,9.95950049611579,0 76.2373143995086,9.95963187852892,0 76.237261043174,9.96037287180003,0 76.2372574858454,9.96042367206801,0 76.2372219143569,9.960516515076,0 76.2372164265488,9.96053597305035,0 76.2372124416221,9.96061193629159,0 76.2372130219338,9.96062337200677,0 76.237216578364,9.9606584073195,0 76.2372272503496,9.96070570472028,0 76.237216578364,9.96102452336962,0 76.2371774504452,9.9613363351907,0 76.2371703357882,9.96136611487625,0 76.23716053966,9.96139184495416,0 76.2371418789566,9.96157990423664,0 76.2371418789566,9.96161311150734,0 76.2371418789566,9.96168493288019,0 76.2371383216281,9.96177602456599,0 76.2371347651979,9.96186886718911,0 76.2371187581178,9.96197747463909,0 76.2371116434608,9.96203353108191,0 76.237097415045,9.96208958663034,0 76.2370880276502,9.9621226080473,0 76.2370694289306,9.96231003695208,0 76.2370671795491,9.96236986599756,0 76.2370725155419,9.96247847416549,0 76.2370742933079,9.96253277779349,0 76.2370796293007,9.96257832307881,0 76.2370867439577,9.96262562020123,0 76.2371525500439,9.96287787140498,0 76.2372112432696,9.9629987414094,0 76.2372236930211,9.96303728014951,0 76.2372361427726,9.9630915836845,0 76.2372521498527,9.96313888073249,0 76.2372734929255,9.96318092225225,0 76.2373019497571,9.96322121281111,0 76.2373428563402,9.96325799880011,0 76.2374211130761,9.96331230318311,0 76.23752742869,9.9634027361476,0 76.2375464433296,9.96341611294435,0 76.2375488858489,9.96342174360325,0 76.2375669554608,9.96343842854386,0 76.2375954122924,9.96346645619854,0 76.2376256477882,9.96349973936718,0 76.2376505481896,9.96352601517799,0 76.2376772263569,9.96356105017894,0 76.23770212586,9.96359958796786,0 76.2377234689328,9.96366615427453,0 76.2377252475971,9.96369067823422,0 76.2377441032349,9.96387175273302,0 76.2377465897716,9.96389563168284,0 76.2377572617571,9.96399372921101,0 76.2377572617571,9.96403927429233,0 76.237732849141,9.96413865999558,0 76.2377305835899,9.96414788190437,0 76.23771813294,9.96416189570154,0 76.23770212586,9.96417415766296,0 76.2376807836854,9.96418291595377,0 76.2376434335325,9.96419517879918,0 76.2376060833797,9.96421269537943,0 76.2375616194681,9.9642372201828,0 76.2375384986293,9.96425999226484,0 76.2375171555564,9.9642932753525,0 76.2375082631334,9.96432831027103,0 76.2375064844692,9.96436159335172,0 76.2375118195636,9.96439662826291,0 76.2375278266437,9.9644439242369,0 76.2375562843736,9.96449472475564,0 76.2378712004745,9.96514899672012,0 76.2378934328795,9.96520647531584,0 76.2379199825877,9.96531945237929,0 76.2379473210167,9.96543578707461,0 76.237959071879,9.9655052267122,0 76.2379684718501,9.96559318350628,0 76.2379825727051,9.96565336408444,0 76.2379919654897,9.96568640460532,0 76.2380358050722,9.96570902086826,0 76.2380934418792,9.96571148935159,0 76.2381510786861,9.96568927565512,0 76.2381986911928,9.9656868080564,0 76.2382914117032,9.96571889391673,0 76.2383515548098,9.96576332041931,0 76.2384542987221,9.96584476884419,0 76.2385520300351,9.96597804828235,0 76.2385871137385,9.9660570281729,0 76.2386923630522,9.96650129246565,0 76.2387224350546,9.96657780463748,0 76.2387550124584,9.96663704011178,0 76.2387976132641,9.96666665740253,0 76.2388427203695,9.96667899801327,0 76.2388953454754,9.96667406194598,0 76.238965511984,9.96663457163546,0 76.239013125389,9.96657286856865,0 76.2390807855978,9.96653337824584,0 76.2391659881076,9.96650869701286,0 76.2392486843177,9.96650869701286,0 76.2393063211246,9.96651856915238,0 76.2393589462307,9.96654571886166,0 76.2394241010382,9.96658520918295,0 76.2397879331013,9.96688138467067,0 76.2404809851396,9.96774522838022,0 76.2405867042722,9.96787249159104,0 76.240692424303,9.96796890246465,0 76.2408529613291,9.96806531330979,0 76.2410409077512,9.96813087273895,0 76.2412758405542,9.96818871886681,0 76.2415264354841,9.96825427827116,0 76.2417143819062,9.96830826861921,0 76.2419258210695,9.96832755094737,0 76.2421529223599,9.96832755094737,0 76.2424562987027,9.96834991841126,0 76.2426191857216,9.96837706708327,0 76.2427520007381,9.96839187609231,0 76.2431730006875,9.96851774998779,0 76.2441102255998,9.96886081826023,0 76.2442254992138,9.96889783984189,0 76.2443081954239,9.96891264882728,0 76.2446064037589,9.96893979833719,0 76.2452504320372,9.96894720194424,0 76.2456939850902,9.96901877751024,0 76.2458017416018,9.96905086304266,0 76.2461049607394,9.96910762961002,0 76.2462102109513,9.96911750167084,0 76.2462728594593,9.96913231064624,0 76.2463330025658,9.96915205565082,0 76.2464232167766,9.96916439616749,0 76.2466851664117,9.96918319625541,0 76.2477664532479,9.96931937896719,0 76.2477712017425,9.96928207696721,0 76.2478886376012,9.96835960646621,0 76.2475115715574,9.96824503435968,0 76.2471375543956,9.96810848314119,0 76.2470679412492,9.96807264615636,0 76.2469342827147,9.96798557655556,0 76.2468702382249,9.96793434393548,0 76.2467149195122,9.96777631249481,0 76.2464146890696,9.96749737021711,0 76.246064004749,9.96720476793773,0 76.2458908050706,9.96703811949071,0 76.2456962883706,9.96682259073502,0 76.2455945272152,9.96666869146221,0 76.2455046157367,9.96649288460165,0 76.2454577632047,9.96636051490651,0 76.2454457293732,9.96629137007597,0 76.2454358766512,9.96614202706586,0 76.2454457293732,9.96577973273378,0 76.2455460136983,9.9649698145539,0 76.2455941274649,9.96449593245895,0 76.2456064245028,9.96387867337294,0 76.2455866076676,9.96357769795221,0 76.2455301278908,9.9629708481993,0 76.2455326952758,9.96286338508612,0 76.245584052859,9.96255261344421,0 76.245668760397,9.96219964060673,0 76.2457380762009,9.96182541517433,0 76.2457707649958,9.96160311181215,0 76.2457924314622,9.96137333285298,0 76.2457945559778,9.96096317845964,0 76.2457556086204,9.96070326628139,0 76.2456705291798,9.96044558972335,0 76.2455448216339,9.96014054381906,0 76.2454972738059,9.95999215355134,0 76.2454936482054,9.95997883943334,0 76.2454230010982,9.95972506505579,0 76.2453536080391,9.95936041627945,0 76.2452983059536,9.95906712453559,0 76.245245131977,9.95884087140704,0 76.2450625862264,9.95811168206836,0 76.2448058845491,9.95684505360954,0 76.2446488725122,9.95687696515208,0 76.2442077449105,9.95695551547109,0 76.2438812603053,9.95701197358416,0 76.2435323456658,9.95709543442423,0 76.24318540193,9.95715890531309,0 76.2431052183078,9.95715917163314,0 76.2430213911187,9.95713829868734,0 76.2429700191626,9.95711731868131,0 76.2428397095474,9.95705808236309,0 76.2427369656351,9.95700871757664,0 76.2424693485289,9.95690473678283,0 76.24048146484,9.95689843976839,0 76.2404715321679,9.95240392777306,0 76.2407433264403,9.95128552016042,0 76.2408098907045,9.95097313246497,0 76.2408669103688,9.9503223235114,0 76.2408669103688,9.94982818998678,0 76.2409464454075,9.94928584797084,0 76.2415215405642,9.94702607855138,0 76.2407838961551,9.94677454683815,0</coordinates></LinearRing></outerBoundaryIs></Polygon></Placemark></Folder></Document></kml>